timestamp,aggregate,dishwasher,fridge,microwave,washing_machine
2014-09-11 00:00:00+00:00,197.8516666666667,1.0,89.0,0.0,0.0
2014-09-11 00:00:06+00:00,197.505,1.0,89.0,1.0,0.0
2014-09-11 00:00:12+00:00,197.53666666666666,0.0,89.0,0.0,0.0
2014-09-11 00:00:18+00:00,197.1966666666667,1.0,89.0,1.0,0.0
2014-09-11 00:00:24+00:00,196.94666666666663,1.0,89.0,1.0,0.0
2014-09-11 00:00:30+00:00,196.58666666666667,1.0,89.0,1.0,0.0
2014-09-11 00:00:36+00:00,196.98666666666668,1.0,0.0,1.0,0.0
2014-09-11 00:00:42+00:00,196.59166666666667,1.0,89.0,1.0,0.0
2014-09-11 00:00:48+00:00,196.35166666666666,1.0,88.0,1.0,0.0
2014-09-11 00:00:54+00:00,197.13666666666666,1.0,89.0,0.0,0.0
2014-09-11 00:01:00+00:00,196.42666666666665,1.0,89.0,1.0,0.0
2014-09-11 00:01:06+00:00,197.53833333333333,1.0,88.0,1.0,0.0
2014-09-11 00:01:12+00:00,196.53142857142856,1.0,88.0,1.0,0.0
2014-09-11 00:01:18+00:00,197.75799999999998,0.0,87.0,1.0,0.0
2014-09-11 00:01:24+00:00,196.1816666666667,1.0,88.0,1.0,0.0
2014-09-11 00:01:30+00:00,197.28666666666666,1.0,0.0,1.0,0.0
2014-09-11 00:01:36+00:00,195.82833333333335,1.0,88.0,0.0,0.0
2014-09-11 00:01:42+00:00,197.375,1.0,89.0,1.0,0.0
2014-09-11 00:01:48+00:00,195.715,1.0,88.0,1.0,0.0
2014-09-11 00:01:54+00:00,197.3942857142857,1.0,88.0,0.0,0.0
2014-09-11 00:02:00+00:00,195.228,1.0,88.0,1.0,0.0
2014-09-11 00:02:06+00:00,196.79,1.0,88.0,1.0,0.0
2014-09-11 00:02:12+00:00,196.005,0.0,0.0,1.0,0.0
2014-09-11 00:02:18+00:00,197.2,1.0,87.0,1.0,0.0
2014-09-11 00:02:24+00:00,195.4828571428571,1.0,87.0,1.0,0.0
2014-09-11 00:02:30+00:00,196.29000000000002,1.0,87.0,0.0,0.0
2014-09-11 00:02:36+00:00,195.6157142857143,1.0,87.0,1.0,0.0
2014-09-11 00:02:42+00:00,195.5,1.0,87.0,1.0,0.0
2014-09-11 00:02:48+00:00,196.3033333333333,0.0,87.0,1.0,0.0
2014-09-11 00:02:54+00:00,194.9416666666667,1.0,87.0,1.0,0.0
2014-09-11 00:03:00+00:00,196.13333333333333,1.0,87.0,1.0,0.0
2014-09-11 00:03:06+00:00,194.76999999999998,1.0,0.0,1.0,0.0
2014-09-11 00:03:12+00:00,195.975,1.0,87.0,1.0,0.0
2014-09-11 00:03:18+00:00,194.55999999999997,1.0,87.0,0.0,0.0
2014-09-11 00:03:24+00:00,196.3216666666667,0.0,87.0,1.0,0.0
2014-09-11 00:03:30+00:00,194.07833333333335,1.0,87.0,1.0,0.0
2014-09-11 00:03:36+00:00,196.355,1.0,0.0,1.0,0.0
2014-09-11 00:03:42+00:00,194.2733333333333,1.0,87.0,1.0,0.0
2014-09-11 00:03:48+00:00,195.66166666666666,1.0,87.0,1.0,0.0
2014-09-11 00:03:54+00:00,194.44833333333335,1.0,87.0,0.0,0.0
2014-09-11 00:04:00+00:00,196.125,1.0,0.0,1.0,0.0
2014-09-11 00:04:06+00:00,193.60833333333335,0.0,86.0,0.0,0.0
2014-09-11 00:04:12+00:00,195.32833333333335,1.0,0.0,1.0,0.0
2014-09-11 00:04:18+00:00,193.47833333333332,1.0,86.0,1.0,0.0
2014-09-11 00:04:24+00:00,194.49666666666667,1.0,86.0,0.0,0.0
2014-09-11 00:04:30+00:00,193.19000000000003,0.0,86.0,1.0,0.0
2014-09-11 00:04:36+00:00,194.3983333333333,1.0,86.0,1.0,0.0
2014-09-11 00:04:42+00:00,193.12166666666667,1.0,0.0,1.0,0.0
2014-09-11 00:04:48+00:00,194.43833333333336,1.0,86.0,1.0,0.0
2014-09-11 00:04:54+00:00,193.09666666666666,1.0,86.0,1.0,0.0
2014-09-11 00:05:00+00:00,193.70333333333335,1.0,86.0,0.0,0.0
2014-09-11 00:05:06+00:00,193.28833333333333,1.0,86.0,1.0,0.0
2014-09-11 00:05:12+00:00,192.745,1.0,85.0,1.0,0.0
2014-09-11 00:05:18+00:00,191.83166666666668,0.0,86.0,1.0,0.0
2014-09-11 00:05:24+00:00,191.98333333333335,1.0,86.0,1.0,0.0
2014-09-11 00:05:30+00:00,192.45833333333334,1.0,85.0,1.0,0.0
2014-09-11 00:05:36+00:00,192.19500000000002,1.0,86.0,1.0,0.0
2014-09-11 00:05:42+00:00,192.3166666666667,1.0,0.0,1.0,0.0
2014-09-11 00:05:48+00:00,191.58,1.0,86.0,1.0,0.0
2014-09-11 00:05:54+00:00,192.51999999999998,1.0,86.0,0.0,0.0
2014-09-11 00:06:00+00:00,191.50166666666667,1.0,85.0,1.0,0.0
2014-09-11 00:06:06+00:00,192.46166666666667,1.0,85.0,0.0,0.0
2014-09-11 00:06:12+00:00,191.18999999999997,1.0,85.0,1.0,0.0
2014-09-11 00:06:18+00:00,192.08833333333334,1.0,85.0,1.0,0.0
2014-09-11 00:06:24+00:00,191.01666666666665,1.0,85.0,1.0,0.0
2014-09-11 00:06:30+00:00,192.23166666666668,1.0,85.0,1.0,0.0
2014-09-11 00:06:36+00:00,190.20333333333335,0.0,0.0,1.0,0.0
2014-09-11 00:06:42+00:00,192.28166666666667,1.0,84.0,1.0,0.0
2014-09-11 00:06:48+00:00,190.33,1.0,85.0,1.0,0.0
2014-09-11 00:06:54+00:00,192.16666666666666,1.0,85.0,0.0,0.0
2014-09-11 00:07:00+00:00,190.93833333333336,0.0,85.0,1.0,0.0
2014-09-11 00:07:06+00:00,192.64166666666665,1.0,0.0,1.0,0.0
2014-09-11 00:07:12+00:00,190.31333333333336,1.0,85.0,1.0,0.0
2014-09-11 00:07:18+00:00,191.835,1.0,84.0,1.0,0.0
2014-09-11 00:07:24+00:00,190.01833333333335,1.0,85.0,1.0,0.0
2014-09-11 00:07:30+00:00,191.36333333333334,1.0,84.0,0.0,0.0
2014-09-11 00:07:36+00:00,190.06333333333336,1.0,85.0,1.0,0.0
2014-09-11 00:07:42+00:00,191.5616666666667,1.0,84.0,1.0,0.0
2014-09-11 00:07:48+00:00,189.905,0.0,84.0,1.0,0.0
2014-09-11 00:07:54+00:00,190.93833333333336,1.0,0.0,1.0,0.0
2014-09-11 00:08:00+00:00,190.38833333333332,1.0,84.0,1.0,0.0
2014-09-11 00:08:06+00:00,190.59,1.0,84.0,0.0,0.0
2014-09-11 00:08:12+00:00,190.24,1.0,84.0,1.0,0.0
2014-09-11 00:08:18+00:00,190.35666666666665,1.0,84.0,1.0,0.0
2014-09-11 00:08:24+00:00,190.25166666666667,1.0,84.0,1.0,0.0
2014-09-11 00:08:30+00:00,190.22666666666666,1.0,84.0,1.0,0.0
2014-09-11 00:08:36+00:00,190.30999999999997,1.0,84.0,1.0,0.0
2014-09-11 00:08:42+00:00,132.46,0.0,0.0,1.0,0.0
2014-09-11 00:08:48+00:00,105.53833333333334,1.0,83.0,1.0,0.0
2014-09-11 00:08:54+00:00,105.27166666666666,1.0,0.0,0.0,0.0
2014-09-11 00:09:00+00:00,105.88166666666666,0.0,0.0,1.0,0.0
2014-09-11 00:09:06+00:00,104.795,1.0,0.0,1.0,0.0
2014-09-11 00:09:12+00:00,106.03333333333335,1.0,0.0,1.0,0.0
2014-09-11 00:09:18+00:00,105.18166666666667,1.0,0.0,1.0,0.0
2014-09-11 00:09:24+00:00,106.17333333333333,1.0,0.0,1.0,0.0
2014-09-11 00:09:30+00:00,104.565,1.0,0.0,0.0,0.0
2014-09-11 00:09:36+00:00,106.17333333333333,1.0,0.0,1.0,0.0
2014-09-11 00:09:42+00:00,104.49000000000001,1.0,0.0,0.0,0.0
2014-09-11 00:09:48+00:00,106.37166666666667,0.0,0.0,1.0,0.0
2014-09-11 00:09:54+00:00,105.02833333333335,1.0,0.0,1.0,0.0
2014-09-11 00:10:00+00:00,106.60833333333333,1.0,0.0,0.0,0.0
2014-09-11 00:10:06+00:00,104.33333333333333,0.0,0.0,1.0,0.0
2014-09-11 00:10:12+00:00,106.18666666666667,1.0,0.0,1.0,0.0
2014-09-11 00:10:18+00:00,104.42666666666666,1.0,0.0,1.0,0.0
2014-09-11 00:10:24+00:00,106.52,1.0,0.0,1.0,0.0
2014-09-11 00:10:30+00:00,104.61666666666667,1.0,0.0,1.0,0.0
2014-09-11 00:10:36+00:00,106.03666666666668,1.0,0.0,1.0,0.0
2014-09-11 00:10:42+00:00,104.51333333333334,1.0,0.0,0.0,0.0
2014-09-11 00:10:48+00:00,105.93166666666667,0.0,0.0,1.0,0.0
2014-09-11 00:10:54+00:00,105.07,1.0,0.0,1.0,0.0
2014-09-11 00:11:00+00:00,106.065,1.0,0.0,1.0,0.0
2014-09-11 00:11:06+00:00,105.185,1.0,0.0,1.0,0.0
2014-09-11 00:11:12+00:00,105.83166666666666,1.0,0.0,1.0,0.0
2014-09-11 00:11:18+00:00,105.31,1.0,0.0,0.0,0.0
2014-09-11 00:11:24+00:00,105.49333333333334,1.0,0.0,1.0,0.0
2014-09-11 00:11:30+00:00,105.31833333333333,1.0,0.0,1.0,0.0
2014-09-11 00:11:36+00:00,105.56833333333333,0.0,0.0,1.0,0.0
2014-09-11 00:11:42+00:00,105.41166666666668,1.0,0.0,1.0,0.0
2014-09-11 00:11:48+00:00,105.195,1.0,0.0,1.0,0.0
2014-09-11 00:11:54+00:00,105.42333333333333,1.0,0.0,0.0,0.0
2014-09-11 00:12:00+00:00,105.175,0.0,0.0,1.0,0.0
2014-09-11 00:12:06+00:00,105.735,1.0,0.0,1.0,0.0
2014-09-11 00:12:12+00:00,105.10166666666667,1.0,0.0,1.0,0.0
2014-09-11 00:12:18+00:00,105.93833333333333,1.0,0.0,0.0,0.0
2014-09-11 00:12:24+00:00,104.53666666666668,1.0,0.0,1.0,0.0
2014-09-11 00:12:30+00:00,106.04833333333333,0.0,0.0,1.0,0.0
2014-09-11 00:12:36+00:00,104.69,1.0,0.0,1.0,0.0
2014-09-11 00:12:42+00:00,106.16833333333334,1.0,0.0,1.0,0.0
2014-09-11 00:12:48+00:00,104.35000000000001,1.0,0.0,1.0,0.0
2014-09-11 00:12:54+00:00,106.64,1.0,0.0,1.0,0.0
2014-09-11 00:13:00+00:00,105.03000000000002,1.0,0.0,1.0,0.0
2014-09-11 00:13:06+00:00,106.39666666666666,1.0,0.0,0.0,0.0
2014-09-11 00:13:12+00:00,104.91833333333334,1.0,0.0,1.0,0.0
2014-09-11 00:13:18+00:00,106.66666666666667,1.0,0.0,1.0,0.0
2014-09-11 00:13:24+00:00,104.72166666666665,1.0,0.0,1.0,0.0
2014-09-11 00:13:30+00:00,106.29,1.0,0.0,1.0,0.0
2014-09-11 00:13:36+00:00,104.91166666666668,0.0,0.0,1.0,0.0
2014-09-11 00:13:42+00:00,106.06166666666667,1.0,0.0,1.0,0.0
2014-09-11 00:13:48+00:00,104.91833333333334,1.0,0.0,0.0,0.0
2014-09-11 00:13:54+00:00,106.16333333333334,1.0,0.0,1.0,0.0
2014-09-11 00:14:00+00:00,105.57833333333333,0.0,0.0,1.0,0.0
2014-09-11 00:14:06+00:00,106.13,1.0,0.0,1.0,0.0
2014-09-11 00:14:12+00:00,105.26666666666667,1.0,0.0,1.0,0.0
2014-09-11 00:14:18+00:00,105.75166666666667,1.0,0.0,1.0,0.0
2014-09-11 00:14:24+00:00,105.52333333333333,1.0,0.0,0.0,0.0
2014-09-11 00:14:30+00:00,105.71333333333332,0.0,0.0,1.0,0.0
2014-09-11 00:14:36+00:00,105.72333333333334,1.0,0.0,1.0,0.0
2014-09-11 00:14:42+00:00,105.455,1.0,0.0,1.0,0.0
2014-09-11 00:14:48+00:00,106.165,1.0,0.0,1.0,0.0
2014-09-11 00:14:54+00:00,105.49333333333334,1.0,0.0,1.0,0.0
2014-09-11 00:15:00+00:00,106.00999999999999,1.0,0.0,0.0,0.0
2014-09-11 00:15:06+00:00,105.15166666666666,1.0,0.0,1.0,0.0
2014-09-11 00:15:12+00:00,105.87833333333333,1.0,0.0,1.0,0.0
2014-09-11 00:15:18+00:00,104.85333333333334,1.0,0.0,1.0,0.0
2014-09-11 00:15:24+00:00,106.02,0.0,0.0,1.0,0.0
2014-09-11 00:15:30+00:00,105.15499999999999,1.0,0.0,1.0,0.0
2014-09-11 00:15:36+00:00,106.375,1.0,0.0,1.0,0.0
2014-09-11 00:15:42+00:00,104.68666666666667,1.0,0.0,1.0,0.0
2014-09-11 00:15:48+00:00,106.32,1.0,0.0,0.0,0.0
2014-09-11 00:15:54+00:00,104.8,1.0,0.0,1.0,0.0
2014-09-11 00:16:00+00:00,106.56166666666667,1.0,0.0,1.0,0.0
2014-09-11 00:16:06+00:00,104.27166666666666,0.0,0.0,1.0,0.0
2014-09-11 00:16:12+00:00,106.235,1.0,0.0,1.0,0.0
2014-09-11 00:16:18+00:00,105.21166666666666,1.0,0.0,1.0,0.0
2014-09-11 00:16:24+00:00,106.185,1.0,0.0,1.0,0.0
2014-09-11 00:16:30+00:00,104.53333333333335,1.0,0.0,0.0,0.0
2014-09-11 00:16:36+00:00,106.30333333333334,1.0,0.0,1.0,0.0
2014-09-11 00:16:42+00:00,105.23666666666668,0.0,0.0,1.0,0.0
2014-09-11 00:16:48+00:00,106.09666666666668,1.0,0.0,1.0,0.0
2014-09-11 00:16:54+00:00,105.36166666666666,1.0,0.0,0.0,0.0
2014-09-11 00:17:00+00:00,105.62333333333333,1.0,0.0,1.0,0.0
2014-09-11 00:17:06+00:00,104.97166666666668,1.0,0.0,1.0,0.0
2014-09-11 00:17:12+00:00,105.47333333333334,0.0,0.0,1.0,0.0
2014-09-11 00:17:18+00:00,105.09500000000001,1.0,0.0,1.0,0.0
2014-09-11 00:17:24+00:00,105.22833333333334,1.0,0.0,1.0,0.0
2014-09-11 00:17:30+00:00,105.25,1.0,0.0,0.0,0.0
2014-09-11 00:17:36+00:00,105.33833333333332,1.0,0.0,1.0,0.0
2014-09-11 00:17:42+00:00,105.35166666666667,1.0,0.0,1.0,0.0
2014-09-11 00:17:48+00:00,105.08999999999999,1.0,0.0,1.0,0.0
2014-09-11 00:17:54+00:00,105.93,0.0,0.0,1.0,0.0
2014-09-11 00:18:00+00:00,105.42333333333333,1.0,0.0,1.0,0.0
2014-09-11 00:18:06+00:00,105.66333333333334,1.0,0.0,1.0,0.0
2014-09-11 00:18:12+00:00,104.82333333333334,1.0,0.0,1.0,0.0
2014-09-11 00:18:18+00:00,106.055,1.0,0.0,0.0,0.0
2014-09-11 00:18:24+00:00,104.54333333333334,0.0,0.0,1.0,0.0
2014-09-11 00:18:30+00:00,105.75333333333333,1.0,0.0,1.0,0.0
2014-09-11 00:18:36+00:00,104.23166666666667,1.0,0.0,1.0,0.0
2014-09-11 00:18:42+00:00,105.88666666666667,1.0,0.0,1.0,0.0
2014-09-11 00:18:48+00:00,104.33666666666666,1.0,0.0,1.0,0.0
2014-09-11 00:18:54+00:00,106.41833333333334,1.0,0.0,1.0,0.0
2014-09-11 00:19:00+00:00,104.10833333333333,1.0,0.0,1.0,0.0
2014-09-11 00:19:06+00:00,105.77499999999999,1.0,0.0,0.0,0.0
2014-09-11 00:19:12+00:00,103.91000000000001,1.0,0.0,1.0,0.0
2014-09-11 00:19:18+00:00,105.94333333333333,0.0,0.0,1.0,0.0
2014-09-11 00:19:24+00:00,103.81166666666667,1.0,0.0,1.0,0.0
2014-09-11 00:19:30+00:00,105.755,1.0,0.0,1.0,0.0
2014-09-11 00:19:36+00:00,104.21333333333332,1.0,0.0,1.0,0.0
2014-09-11 00:19:42+00:00,105.43333333333334,1.0,0.0,1.0,0.0
2014-09-11 00:19:48+00:00,104.59833333333334,1.0,0.0,1.0,0.0
2014-09-11 00:19:54+00:00,106.04,1.0,0.0,0.0,0.0
2014-09-11 00:20:00+00:00,105.04333333333334,1.0,0.0,1.0,0.0
2014-09-11 00:20:06+00:00,105.70166666666667,1.0,0.0,1.0,0.0
2014-09-11 00:20:12+00:00,104.76333333333332,0.0,0.0,1.0,0.0
2014-09-11 00:20:18+00:00,105.25666666666666,1.0,0.0,1.0,0.0
2014-09-11 00:20:24+00:00,105.12,1.0,0.0,1.0,0.0
2014-09-11 00:20:30+00:00,105.195,1.0,0.0,1.0,0.0
2014-09-11 00:20:36+00:00,105.94333333333333,1.0,0.0,0.0,0.0
2014-09-11 00:20:42+00:00,104.71666666666665,1.0,0.0,1.0,0.0
2014-09-11 00:20:48+00:00,105.69666666666667,1.0,0.0,1.0,0.0
2014-09-11 00:20:54+00:00,104.85833333333333,0.0,0.0,1.0,0.0
2014-09-11 00:21:00+00:00,105.79833333333333,1.0,0.0,1.0,0.0
2014-09-11 00:21:06+00:00,104.38499999999999,1.0,0.0,1.0,0.0
2014-09-11 00:21:12+00:00,105.50833333333333,1.0,0.0,1.0,0.0
2014-09-11 00:21:18+00:00,104.69833333333334,1.0,0.0,1.0,0.0
2014-09-11 00:21:24+00:00,105.29,1.0,0.0,1.0,0.0
2014-09-11 00:21:30+00:00,104.66000000000001,1.0,0.0,1.0,0.0
2014-09-11 00:21:36+00:00,105.95666666666666,1.0,0.0,1.0,0.0
2014-09-11 00:21:42+00:00,104.00999999999999,1.0,0.0,1.0,0.0
2014-09-11 00:21:48+00:00,105.71333333333332,1.0,0.0,0.0,0.0
2014-09-11 00:21:54+00:00,104.33,1.0,0.0,1.0,0.0
2014-09-11 00:22:00+00:00,106.36166666666666,0.0,0.0,1.0,0.0
2014-09-11 00:22:06+00:00,104.19500000000001,1.0,0.0,1.0,0.0
2014-09-11 00:22:12+00:00,105.68166666666667,1.0,0.0,1.0,0.0
2014-09-11 00:22:18+00:00,103.97000000000001,1.0,0.0,1.0,0.0
2014-09-11 00:22:24+00:00,105.7,1.0,0.0,1.0,0.0
2014-09-11 00:22:30+00:00,104.29666666666667,1.0,0.0,0.0,0.0
2014-09-11 00:22:36+00:00,105.495,0.0,0.0,1.0,0.0
2014-09-11 00:22:42+00:00,104.29833333333333,1.0,0.0,1.0,0.0
2014-09-11 00:22:48+00:00,105.29666666666667,1.0,0.0,1.0,0.0
2014-09-11 00:22:54+00:00,104.8,1.0,0.0,1.0,0.0
2014-09-11 00:23:00+00:00,105.43166666666667,1.0,0.0,1.0,0.0
2014-09-11 00:23:06+00:00,105.09833333333334,1.0,0.0,0.0,0.0
2014-09-11 00:23:12+00:00,105.64999999999999,0.0,0.0,1.0,0.0
2014-09-11 00:23:18+00:00,105.26666666666667,1.0,0.0,1.0,0.0
2014-09-11 00:23:24+00:00,105.03500000000001,1.0,0.0,1.0,0.0
2014-09-11 00:23:30+00:00,105.02666666666666,1.0,0.0,1.0,0.0
2014-09-11 00:23:36+00:00,105.20666666666666,1.0,0.0,1.0,0.0
2014-09-11 00:23:42+00:00,105.33,1.0,0.0,0.0,0.0
2014-09-11 00:23:48+00:00,104.51833333333333,0.0,0.0,1.0,0.0
2014-09-11 00:23:54+00:00,105.42,1.0,0.0,1.0,0.0
2014-09-11 00:24:00+00:00,104.68166666666667,1.0,0.0,1.0,0.0
2014-09-11 00:24:06+00:00,105.87833333333333,1.0,0.0,1.0,0.0
2014-09-11 00:24:12+00:00,271.625,1.0,0.0,0.0,0.0
2014-09-11 00:24:18+00:00,202.80499999999998,0.0,97.0,1.0,0.0
2014-09-11 00:24:24+00:00,198.6833333333333,1.0,92.0,1.0,0.0
2014-09-11 00:24:30+00:00,199.39,1.0,92.0,1.0,0.0
2014-09-11 00:24:36+00:00,196.77833333333334,1.0,0.0,1.0,0.0
2014-09-11 00:24:42+00:00,198.00166666666667,1.0,91.0,1.0,0.0
2014-09-11 00:24:48+00:00,196.24666666666667,1.0,90.0,1.0,0.0
2014-09-11 00:24:54+00:00,198.73499999999999,1.0,90.0,1.0,0.0
2014-09-11 00:25:00+00:00,195.92499999999998,1.0,91.0,1.0,0.0
2014-09-11 00:25:06+00:00,197.76,1.0,90.0,1.0,0.0
2014-09-11 00:25:12+00:00,195.64,1.0,90.0,1.0,0.0
2014-09-11 00:25:18+00:00,198.27166666666668,1.0,90.0,1.0,0.0
2014-09-11 00:25:24+00:00,197.36666666666667,1.0,91.0,0.0,0.0
2014-09-11 00:25:30+00:00,199.01,1.0,91.0,1.0,0.0
2014-09-11 00:25:36+00:00,196.10333333333332,0.0,0.0,1.0,0.0
2014-09-11 00:25:42+00:00,194.6142857142857,1.0,91.0,1.0,0.0
2014-09-11 00:25:48+00:00,192.95,1.0,87.0,0.0,0.0
2014-09-11 00:25:54+00:00,191.79833333333332,1.0,85.0,1.0,0.0
2014-09-11 00:26:00+00:00,191.3166666666667,1.0,85.0,1.0,0.0
2014-09-11 00:26:06+00:00,192.57000000000002,0.0,85.0,1.0,0.0
2014-09-11 00:26:12+00:00,192.68142857142857,1.0,85.0,1.0,0.0
2014-09-11 00:26:18+00:00,192.576,1.0,0.0,1.0,0.0
2014-09-11 00:26:24+00:00,194.40285714285713,1.0,87.0,1.0,0.0
2014-09-11 00:26:30+00:00,194.6,1.0,86.0,0.0,0.0
2014-09-11 00:26:36+00:00,197.18499999999997,0.0,88.0,1.0,0.0
2014-09-11 00:26:42+00:00,195.52,1.0,0.0,1.0,0.0
2014-09-11 00:26:48+00:00,197.09,1.0,89.0,1.0,0.0
2014-09-11 00:26:54+00:00,196.07500000000002,1.0,89.0,1.0,0.0
2014-09-11 00:27:00+00:00,197.33666666666667,1.0,89.0,0.0,0.0
2014-09-11 00:27:06+00:00,196.36,0.0,90.0,1.0,0.0
2014-09-11 00:27:12+00:00,197.66833333333332,1.0,90.0,1.0,0.0
2014-09-11 00:27:18+00:00,197.14499999999998,1.0,0.0,1.0,0.0
2014-09-11 00:27:24+00:00,198.01833333333332,1.0,90.0,0.0,0.0
2014-09-11 00:27:30+00:00,197.79999999999998,1.0,90.0,1.0,0.0
2014-09-11 00:27:36+00:00,198.74166666666667,1.0,90.0,1.0,0.0
2014-09-11 00:27:42+00:00,198.74,1.0,92.0,1.0,0.0
2014-09-11 00:27:48+00:00,198.97833333333332,1.0,91.0,1.0,0.0
2014-09-11 00:27:54+00:00,199.585,1.0,91.0,1.0,0.0
2014-09-11 00:28:00+00:00,198.9766666666667,0.0,0.0,1.0,0.0
2014-09-11 00:28:06+00:00,199.12,1.0,92.0,1.0,0.0
2014-09-11 00:28:12+00:00,199.05499999999998,1.0,92.0,0.0,0.0
2014-09-11 00:28:18+00:00,200.62,1.0,92.0,1.0,0.0
2014-09-11 00:28:24+00:00,199.82666666666668,0.0,93.0,1.0,0.0
2014-09-11 00:28:30+00:00,200.9333333333333,1.0,93.0,1.0,0.0
2014-09-11 00:28:36+00:00,199.65,1.0,93.0,1.0,0.0
2014-09-11 00:28:42+00:00,201.415,1.0,93.0,1.0,0.0
2014-09-11 00:28:48+00:00,199.90333333333334,1.0,0.0,1.0,0.0
2014-09-11 00:28:54+00:00,202.04,1.0,93.0,1.0,0.0
2014-09-11 00:29:00+00:00,200.13666666666666,1.0,94.0,1.0,0.0
2014-09-11 00:29:06+00:00,202.25,1.0,93.0,1.0,0.0
2014-09-11 00:29:12+00:00,200.005,1.0,94.0,1.0,0.0
2014-09-11 00:29:18+00:00,202.33,1.0,94.0,0.0,0.0
2014-09-11 00:29:24+00:00,200.51166666666666,0.0,0.0,1.0,0.0
2014-09-11 00:29:30+00:00,202.29833333333332,1.0,94.0,1.0,0.0
2014-09-11 00:29:36+00:00,200.20833333333334,1.0,94.0,1.0,0.0
2014-09-11 00:29:42+00:00,202.13166666666666,1.0,94.0,1.0,0.0
2014-09-11 00:29:48+00:00,200.53333333333333,1.0,190.0,1.0,0.0
2014-09-11 00:29:54+00:00,201.76166666666666,1.0,93.0,0.0,0.0
2014-09-11 00:30:00+00:00,200.54166666666666,1.0,94.0,1.0,0.0
2014-09-11 00:30:06+00:00,201.75166666666667,1.0,93.0,1.0,0.0
2014-09-11 00:30:12+00:00,201.16833333333332,1.0,95.0,1.0,0.0
2014-09-11 00:30:18+00:00,201.68499999999997,0.0,95.0,1.0,0.0
2014-09-11 00:30:24+00:00,201.34833333333333,1.0,0.0,1.0,0.0
2014-09-11 00:30:30+00:00,201.23666666666668,1.0,95.0,1.0,0.0
2014-09-11 00:30:36+00:00,201.32833333333335,1.0,95.0,0.0,0.0
2014-09-11 00:30:42+00:00,201.495,1.0,95.0,1.0,0.0
2014-09-11 00:30:48+00:00,201.65833333333333,1.0,94.0,1.0,0.0
2014-09-11 00:30:54+00:00,201.20000000000002,1.0,95.0,1.0,0.0
2014-09-11 00:31:00+00:00,201.5583333333333,0.0,95.0,1.0,0.0
2014-09-11 00:31:06+00:00,200.48000000000002,1.0,0.0,1.0,0.0
2014-09-11 00:31:12+00:00,201.29833333333332,1.0,94.0,1.0,0.0
2014-09-11 00:31:18+00:00,200.16333333333333,1.0,95.0,0.0,0.0
2014-09-11 00:31:24+00:00,201.25833333333333,1.0,94.0,1.0,0.0
2014-09-11 00:31:30+00:00,200.11,1.0,95.0,1.0,0.0
2014-09-11 00:31:36+00:00,201.13166666666666,1.0,94.0,1.0,0.0
2014-09-11 00:31:42+00:00,199.4433333333333,0.0,0.0,1.0,0.0
2014-09-11 00:31:48+00:00,201.33,1.0,94.0,1.0,0.0
2014-09-11 00:31:54+00:00,199.0533333333333,1.0,94.0,1.0,0.0
2014-09-11 00:32:00+00:00,201.23666666666668,1.0,94.0,1.0,0.0
2014-09-11 00:32:06+00:00,199.11166666666668,1.0,93.0,0.0,0.0
2014-09-11 00:32:12+00:00,200.4,1.0,93.0,1.0,0.0
2014-09-11 00:32:18+00:00,198.15166666666667,0.0,93.0,1.0,0.0
2014-09-11 00:32:24+00:00,200.24833333333333,1.0,93.0,1.0,0.0
2014-09-11 00:32:30+00:00,198.28333333333333,1.0,92.0,1.0,0.0
2014-09-11 00:32:36+00:00,199.4283333333333,1.0,93.0,1.0,0.0
2014-09-11 00:32:42+00:00,199.25,1.0,0.0,1.0,0.0
2014-09-11 00:32:48+00:00,200.01,1.0,93.0,1.0,0.0
2014-09-11 00:32:54+00:00,197.95333333333335,1.0,93.0,0.0,0.0
2014-09-11 00:33:00+00:00,199.1966666666667,0.0,92.0,1.0,0.0
2014-09-11 00:33:06+00:00,198.08,1.0,92.0,1.0,0.0
2014-09-11 00:33:12+00:00,198.42499999999998,1.0,0.0,1.0,0.0
2014-09-11 00:33:18+00:00,198.38333333333333,1.0,92.0,1.0,0.0
2014-09-11 00:33:24+00:00,198.10666666666665,1.0,92.0,0.0,0.0
2014-09-11 00:33:30+00:00,197.98333333333335,1.0,91.0,1.0,0.0
2014-09-11 00:33:36+00:00,197.48000000000002,0.0,0.0,1.0,0.0
2014-09-11 00:33:42+00:00,197.6833333333333,1.0,92.0,1.0,0.0
2014-09-11 00:33:48+00:00,198.295,1.0,91.0,1.0,0.0
2014-09-11 00:33:54+00:00,198.32000000000002,1.0,91.0,1.0,0.0
2014-09-11 00:34:00+00:00,197.4416666666667,1.0,91.0,0.0,0.0
2014-09-11 00:34:06+00:00,197.755,0.0,91.0,1.0,0.0
2014-09-11 00:34:12+00:00,197.20166666666668,1.0,0.0,1.0,0.0
2014-09-11 00:34:18+00:00,198.30499999999998,1.0,91.0,1.0,0.0
2014-09-11 00:34:24+00:00,196.57833333333335,1.0,91.0,0.0,0.0
2014-09-11 00:34:30+00:00,198.04999999999998,1.0,91.0,1.0,0.0
2014-09-11 00:34:36+00:00,196.57000000000002,1.0,91.0,1.0,0.0
2014-09-11 00:34:42+00:00,198.49333333333334,0.0,91.0,1.0,0.0
2014-09-11 00:34:48+00:00,196.95833333333334,1.0,91.0,1.0,0.0
2014-09-11 00:34:54+00:00,198.16833333333332,1.0,0.0,1.0,0.0
2014-09-11 00:35:00+00:00,196.16666666666666,1.0,91.0,1.0,0.0
2014-09-11 00:35:06+00:00,198.29333333333332,1.0,91.0,0.0,0.0
2014-09-11 00:35:12+00:00,196.525,1.0,91.0,1.0,0.0
2014-09-11 00:35:18+00:00,198.04166666666666,1.0,91.0,1.0,0.0
2014-09-11 00:35:24+00:00,196.245,1.0,91.0,1.0,0.0
2014-09-11 00:35:30+00:00,198.15833333333333,1.0,90.0,1.0,0.0
2014-09-11 00:35:36+00:00,197.0716666666667,1.0,91.0,1.0,0.0
2014-09-11 00:35:42+00:00,197.70666666666668,0.0,0.0,1.0,0.0
2014-09-11 00:35:48+00:00,196.595,1.0,91.0,1.0,0.0
2014-09-11 00:35:54+00:00,197.41833333333332,1.0,90.0,0.0,0.0
2014-09-11 00:36:00+00:00,197.775,0.0,92.0,1.0,0.0
2014-09-11 00:36:06+00:00,197.485,1.0,91.0,1.0,0.0
2014-09-11 00:36:12+00:00,197.20833333333334,1.0,91.0,1.0,0.0
2014-09-11 00:36:18+00:00,197.61,1.0,91.0,1.0,0.0
2014-09-11 00:36:24+00:00,197.6833333333333,1.0,91.0,1.0,0.0
2014-09-11 00:36:30+00:00,197.80499999999998,1.0,0.0,1.0,0.0
2014-09-11 00:36:36+00:00,197.95000000000002,1.0,91.0,0.0,0.0
2014-09-11 00:36:42+00:00,197.58666666666667,1.0,90.0,1.0,0.0
2014-09-11 00:36:48+00:00,198.44500000000002,1.0,91.0,0.0,0.0
2014-09-11 00:36:54+00:00,197.57833333333335,1.0,91.0,1.0,0.0
2014-09-11 00:37:00+00:00,197.98166666666665,0.0,91.0,1.0,0.0
2014-09-11 00:37:06+00:00,196.56166666666664,1.0,0.0,1.0,0.0
2014-09-11 00:37:12+00:00,197.84,1.0,91.0,0.0,0.0
2014-09-11 00:37:18+00:00,196.73333333333335,1.0,91.0,1.0,0.0
2014-09-11 00:37:24+00:00,198.29333333333332,1.0,91.0,1.0,0.0
2014-09-11 00:37:30+00:00,197.21,0.0,91.0,1.0,0.0
2014-09-11 00:37:36+00:00,198.60166666666666,1.0,91.0,1.0,0.0
2014-09-11 00:37:42+00:00,196.05666666666664,1.0,0.0,1.0,0.0
2014-09-11 00:37:48+00:00,198.74,1.0,91.0,1.0,0.0
2014-09-11 00:37:54+00:00,196.66833333333332,1.0,91.0,1.0,0.0
2014-09-11 00:38:00+00:00,198.625,1.0,91.0,0.0,0.0
2014-09-11 00:38:06+00:00,196.785,1.0,92.0,1.0,0.0
2014-09-11 00:38:12+00:00,197.9333333333333,1.0,91.0,1.0,0.0
2014-09-11 00:38:18+00:00,197.02833333333334,1.0,92.0,1.0,0.0
2014-09-11 00:38:24+00:00,198.15,0.0,0.0,1.0,0.0
2014-09-11 00:38:30+00:00,197.01166666666666,1.0,91.0,1.0,0.0
2014-09-11 00:38:36+00:00,197.76,1.0,91.0,1.0,0.0
2014-09-11 00:38:42+00:00,197.14,1.0,91.0,1.0,0.0
2014-09-11 00:38:48+00:00,197.6833333333333,1.0,91.0,0.0,0.0
2014-09-11 00:38:54+00:00,197.20666666666668,0.0,91.0,1.0,0.0
2014-09-11 00:39:00+00:00,197.9466666666667,1.0,0.0,1.0,0.0
2014-09-11 00:39:06+00:00,197.29999999999998,1.0,132.0,1.0,0.0
2014-09-11 00:39:12+00:00,197.37333333333333,1.0,91.0,1.0,0.0
2014-09-11 00:39:18+00:00,197.5716666666667,1.0,91.0,1.0,0.0
2014-09-11 00:39:24+00:00,196.87166666666667,1.0,91.0,1.0,0.0
2014-09-11 00:39:30+00:00,197.86166666666668,1.0,91.0,1.0,0.0
2014-09-11 00:39:36+00:00,197.37333333333333,1.0,91.0,1.0,0.0
2014-09-11 00:39:42+00:00,198.26999999999998,1.0,91.0,0.0,0.0
2014-09-11 00:39:48+00:00,197.36833333333334,1.0,91.0,1.0,0.0
2014-09-11 00:39:54+00:00,198.25833333333333,1.0,91.0,1.0,0.0
2014-09-11 00:40:00+00:00,197.15666666666667,1.0,91.0,1.0,0.0
2014-09-11 00:40:06+00:00,198.53833333333333,1.0,91.0,1.0,0.0
2014-09-11 00:40:12+00:00,196.84333333333333,1.0,91.0,0.0,0.0
2014-09-11 00:40:18+00:00,198.95166666666668,0.0,91.0,1.0,0.0
2014-09-11 00:40:24+00:00,196.76666666666665,1.0,0.0,1.0,0.0
2014-09-11 00:40:30+00:00,199.10833333333335,1.0,91.0,1.0,0.0
2014-09-11 00:40:36+00:00,196.755,1.0,92.0,1.0,0.0
2014-09-11 00:40:42+00:00,199.10833333333335,1.0,92.0,1.0,0.0
2014-09-11 00:40:48+00:00,197.04833333333332,1.0,92.0,1.0,0.0
2014-09-11 00:40:54+00:00,198.66666666666666,1.0,91.0,1.0,0.0
2014-09-11 00:41:00+00:00,197.03166666666667,1.0,91.0,0.0,0.0
2014-09-11 00:41:06+00:00,198.40166666666667,0.0,91.0,1.0,0.0
2014-09-11 00:41:12+00:00,197.16666666666666,1.0,91.0,1.0,0.0
2014-09-11 00:41:18+00:00,198.275,1.0,0.0,1.0,0.0
2014-09-11 00:41:24+00:00,197.57333333333335,1.0,91.0,1.0,0.0
2014-09-11 00:41:30+00:00,198.03166666666667,1.0,92.0,1.0,0.0
2014-09-11 00:41:36+00:00,197.96666666666667,1.0,91.0,1.0,0.0
2014-09-11 00:41:42+00:00,197.81166666666664,1.0,91.0,0.0,0.0
2014-09-11 00:41:48+00:00,197.57333333333335,1.0,91.0,1.0,0.0
2014-09-11 00:41:54+00:00,198.19500000000002,1.0,91.0,1.0,0.0
2014-09-11 00:42:00+00:00,197.62,0.0,0.0,1.0,0.0
2014-09-11 00:42:06+00:00,197.3083333333333,1.0,91.0,1.0,0.0
2014-09-11 00:42:12+00:00,198.11666666666667,1.0,91.0,0.0,0.0
2014-09-11 00:42:18+00:00,197.92999999999998,1.0,91.0,1.0,0.0
2014-09-11 00:42:24+00:00,198.3116666666667,1.0,92.0,1.0,0.0
2014-09-11 00:42:30+00:00,197.62,0.0,92.0,1.0,0.0
2014-09-11 00:42:36+00:00,198.34666666666666,1.0,0.0,1.0,0.0
2014-09-11 00:42:42+00:00,197.14333333333332,1.0,91.0,1.0,0.0
2014-09-11 00:42:48+00:00,199.11833333333334,1.0,92.0,1.0,0.0
2014-09-11 00:42:54+00:00,196.965,1.0,91.0,1.0,0.0
2014-09-11 00:43:00+00:00,198.405,1.0,91.0,0.0,0.0
2014-09-11 00:43:06+00:00,196.665,1.0,91.0,1.0,0.0
2014-09-11 00:43:12+00:00,199.28333333333333,1.0,91.0,1.0,0.0
2014-09-11 00:43:18+00:00,196.78833333333333,1.0,91.0,1.0,0.0
2014-09-11 00:43:24+00:00,198.40166666666667,1.0,92.0,1.0,0.0
2014-09-11 00:43:30+00:00,196.95166666666668,0.0,0.0,1.0,0.0
2014-09-11 00:43:36+00:00,198.97166666666666,1.0,91.0,1.0,0.0
2014-09-11 00:43:42+00:00,197.23666666666668,1.0,91.0,0.0,0.0
2014-09-11 00:43:48+00:00,198.525,1.0,91.0,1.0,0.0
2014-09-11 00:43:54+00:00,197.30166666666665,0.0,92.0,1.0,0.0
2014-09-11 00:44:00+00:00,198.36666666666667,1.0,91.0,1.0,0.0
2014-09-11 00:44:06+00:00,197.48000000000002,1.0,0.0,1.0,0.0
2014-09-11 00:44:12+00:00,198.37,1.0,91.0,1.0,0.0
2014-09-11 00:44:18+00:00,197.485,1.0,91.0,0.0,0.0
2014-09-11 00:44:24+00:00,197.76333333333332,0.0,91.0,1.0,0.0
2014-09-11 00:44:30+00:00,197.42499999999998,1.0,91.0,1.0,0.0
2014-09-11 00:44:36+00:00,197.615,1.0,0.0,1.0,0.0
2014-09-11 00:44:42+00:00,197.61833333333334,1.0,92.0,1.0,0.0
2014-09-11 00:44:48+00:00,197.95666666666668,1.0,91.0,0.0,0.0
2014-09-11 00:44:54+00:00,198.24166666666667,1.0,91.0,1.0,0.0
2014-09-11 00:45:00+00:00,198.03666666666666,1.0,92.0,1.0,0.0
2014-09-11 00:45:06+00:00,198.77166666666668,0.0,92.0,1.0,0.0
2014-09-11 00:45:12+00:00,197.43833333333336,1.0,0.0,1.0,0.0
2014-09-11 00:45:18+00:00,198.35166666666666,1.0,92.0,1.0,0.0
2014-09-11 00:45:24+00:00,197.33833333333334,1.0,92.0,1.0,0.0
2014-09-11 00:45:30+00:00,198.51333333333332,1.0,92.0,1.0,0.0
2014-09-11 00:45:36+00:00,196.97333333333333,1.0,91.0,0.0,0.0
2014-09-11 00:45:42+00:00,198.51166666666666,1.0,91.0,1.0,0.0
2014-09-11 00:45:48+00:00,197.11166666666668,1.0,92.0,1.0,0.0
2014-09-11 00:45:54+00:00,198.85666666666668,0.0,0.0,1.0,0.0
2014-09-11 00:46:00+00:00,196.52666666666667,1.0,92.0,1.0,0.0
2014-09-11 00:46:06+00:00,198.72833333333332,1.0,91.0,0.0,0.0
2014-09-11 00:46:12+00:00,196.58166666666668,1.0,92.0,1.0,0.0
2014-09-11 00:46:18+00:00,198.57500000000002,1.0,92.0,1.0,0.0
2014-09-11 00:46:24+00:00,197.28333333333333,0.0,92.0,1.0,0.0
2014-09-11 00:46:30+00:00,198.92166666666665,1.0,91.0,1.0,0.0
2014-09-11 00:46:36+00:00,197.23333333333335,1.0,0.0,1.0,0.0
2014-09-11 00:46:42+00:00,198.27166666666668,1.0,92.0,1.0,0.0
2014-09-11 00:46:48+00:00,197.52666666666664,1.0,92.0,0.0,0.0
2014-09-11 00:46:54+00:00,198.06333333333336,1.0,92.0,1.0,0.0
2014-09-11 00:47:00+00:00,197.73,0.0,91.0,1.0,0.0
2014-09-11 00:47:06+00:00,198.66166666666666,1.0,91.0,1.0,0.0
2014-09-11 00:47:12+00:00,197.61666666666667,1.0,0.0,1.0,0.0
2014-09-11 00:47:18+00:00,197.83166666666668,1.0,91.0,1.0,0.0
2014-09-11 00:47:24+00:00,197.94500000000002,1.0,91.0,1.0,0.0
2014-09-11 00:47:30+00:00,197.57500000000002,1.0,92.0,1.0,0.0
2014-09-11 00:47:36+00:00,198.10666666666668,1.0,91.0,1.0,0.0
2014-09-11 00:47:42+00:00,197.67333333333332,1.0,92.0,0.0,0.0
2014-09-11 00:47:48+00:00,198.03666666666666,0.0,92.0,1.0,0.0
2014-09-11 00:47:54+00:00,197.6,1.0,0.0,1.0,0.0
2014-09-11 00:48:00+00:00,198.48833333333334,1.0,91.0,0.0,0.0
2014-09-11 00:48:06+00:00,197.47333333333333,0.0,91.0,1.0,0.0
2014-09-11 00:48:12+00:00,199.455,1.0,0.0,1.0,0.0
2014-09-11 00:48:18+00:00,197.25333333333333,1.0,92.0,1.0,0.0
2014-09-11 00:48:24+00:00,198.69333333333336,1.0,91.0,1.0,0.0
2014-09-11 00:48:30+00:00,197.19500000000002,1.0,91.0,1.0,0.0
2014-09-11 00:48:36+00:00,199.1,1.0,92.0,1.0,0.0
2014-09-11 00:48:42+00:00,197.81857142857143,1.0,91.0,1.0,0.0
2014-09-11 00:48:48+00:00,198.53400000000002,1.0,91.0,0.0,0.0
2014-09-11 00:48:54+00:00,198.01428571428573,0.0,92.0,1.0,0.0
2014-09-11 00:49:00+00:00,199.644,1.0,0.0,1.0,0.0
2014-09-11 00:49:06+00:00,199.59714285714287,1.0,93.0,1.0,0.0
2014-09-11 00:49:12+00:00,199.865,1.0,93.0,0.0,0.0
2014-09-11 00:49:18+00:00,200.02666666666667,0.0,93.0,1.0,0.0
2014-09-11 00:49:24+00:00,198.79166666666666,1.0,93.0,1.0,0.0
2014-09-11 00:49:30+00:00,200.04999999999998,1.0,93.0,1.0,0.0
2014-09-11 00:49:36+00:00,197.88833333333332,1.0,0.0,1.0,0.0
2014-09-11 00:49:42+00:00,199.35,1.0,93.0,0.0,0.0
2014-09-11 00:49:48+00:00,197.2266666666667,1.0,92.0,1.0,0.0
2014-09-11 00:49:54+00:00,198.39166666666665,0.0,0.0,1.0,0.0
2014-09-11 00:50:00+00:00,196.275,1.0,91.0,1.0,0.0
2014-09-11 00:50:06+00:00,197.70666666666668,1.0,91.0,0.0,0.0
2014-09-11 00:50:12+00:00,195.32833333333335,0.0,90.0,1.0,0.0
2014-09-11 00:50:18+00:00,197.0,1.0,0.0,1.0,0.0
2014-09-11 00:50:24+00:00,194.76333333333332,1.0,90.0,1.0,0.0
2014-09-11 00:50:30+00:00,196.385,1.0,89.0,0.0,0.0
2014-09-11 00:50:36+00:00,194.215,1.0,89.0,1.0,0.0
2014-09-11 00:50:42+00:00,195.41666666666666,1.0,89.0,1.0,0.0
2014-09-11 00:50:48+00:00,193.67499999999998,1.0,88.0,1.0,0.0
2014-09-11 00:50:54+00:00,194.71333333333334,0.0,0.0,1.0,0.0
2014-09-11 00:51:00+00:00,194.13,1.0,88.0,1.0,0.0
2014-09-11 00:51:06+00:00,193.84833333333333,1.0,88.0,0.0,0.0
2014-09-11 00:51:12+00:00,193.15666666666667,1.0,87.0,1.0,0.0
2014-09-11 00:51:18+00:00,193.61666666666667,1.0,87.0,1.0,0.0
2014-09-11 00:51:24+00:00,193.24166666666667,1.0,87.0,1.0,0.0
2014-09-11 00:51:30+00:00,192.94000000000003,1.0,87.0,1.0,0.0
2014-09-11 00:51:36+00:00,193.085,0.0,0.0,1.0,0.0
2014-09-11 00:51:42+00:00,192.78666666666666,1.0,87.0,1.0,0.0
2014-09-11 00:51:48+00:00,193.4283333333333,1.0,87.0,1.0,0.0
2014-09-11 00:51:54+00:00,191.66,1.0,87.0,1.0,0.0
2014-09-11 00:52:00+00:00,192.32833333333335,1.0,86.0,0.0,0.0
2014-09-11 00:52:06+00:00,191.27166666666668,0.0,86.0,1.0,0.0
2014-09-11 00:52:12+00:00,192.07166666666663,1.0,0.0,1.0,0.0
2014-09-11 00:52:18+00:00,191.15666666666667,1.0,86.0,1.0,0.0
2014-09-11 00:52:24+00:00,115.985,1.0,85.0,1.0,0.0
2014-09-11 00:52:30+00:00,104.25166666666667,1.0,85.0,1.0,0.0
2014-09-11 00:52:36+00:00,105.61500000000001,1.0,0.0,0.0,0.0
2014-09-11 00:52:42+00:00,103.49000000000001,0.0,0.0,1.0,0.0
2014-09-11 00:52:48+00:00,105.73333333333333,1.0,0.0,1.0,0.0
2014-09-11 00:52:54+00:00,103.55666666666667,1.0,0.0,1.0,0.0
2014-09-11 00:53:00+00:00,106.23333333333333,1.0,0.0,1.0,0.0
2014-09-11 00:53:06+00:00,103.84166666666665,1.0,0.0,0.0,0.0
2014-09-11 00:53:12+00:00,105.45666666666666,1.0,0.0,1.0,0.0
2014-09-11 00:53:18+00:00,103.86333333333334,0.0,0.0,1.0,0.0
2014-09-11 00:53:24+00:00,105.47333333333334,1.0,0.0,1.0,0.0
2014-09-11 00:53:30+00:00,104.33333333333333,1.0,0.0,1.0,0.0
2014-09-11 00:53:36+00:00,105.28333333333335,1.0,0.0,0.0,0.0
2014-09-11 00:53:42+00:00,103.90666666666668,1.0,0.0,1.0,0.0
2014-09-11 00:53:48+00:00,105.01166666666666,1.0,0.0,0.0,0.0
2014-09-11 00:53:54+00:00,104.445,1.0,0.0,1.0,0.0
2014-09-11 00:54:00+00:00,105.28166666666668,1.0,0.0,1.0,0.0
2014-09-11 00:54:06+00:00,104.795,1.0,0.0,1.0,0.0
2014-09-11 00:54:12+00:00,104.96833333333332,0.0,0.0,1.0,0.0
2014-09-11 00:54:18+00:00,104.85666666666667,1.0,0.0,1.0,0.0
2014-09-11 00:54:24+00:00,104.21333333333332,1.0,0.0,1.0,0.0
2014-09-11 00:54:30+00:00,104.89833333333333,1.0,0.0,1.0,0.0
2014-09-11 00:54:36+00:00,104.56833333333333,1.0,0.0,1.0,0.0
2014-09-11 00:54:42+00:00,105.355,1.0,0.0,1.0,0.0
2014-09-11 00:54:48+00:00,104.39166666666667,1.0,0.0,1.0,0.0
2014-09-11 00:54:54+00:00,104.87,1.0,0.0,0.0,0.0
2014-09-11 00:55:00+00:00,103.645,0.0,0.0,1.0,0.0
2014-09-11 00:55:06+00:00,105.33999999999999,1.0,0.0,1.0,0.0
2014-09-11 00:55:12+00:00,103.64833333333333,1.0,0.0,0.0,0.0
2014-09-11 00:55:18+00:00,105.69500000000001,0.0,0.0,1.0,0.0
2014-09-11 00:55:24+00:00,103.565,1.0,0.0,1.0,0.0
2014-09-11 00:55:30+00:00,105.48,1.0,0.0,1.0,0.0
2014-09-11 00:55:36+00:00,103.53333333333335,1.0,0.0,1.0,0.0
2014-09-11 00:55:42+00:00,105.38333333333333,1.0,0.0,1.0,0.0
2014-09-11 00:55:48+00:00,103.36666666666667,1.0,0.0,1.0,0.0
2014-09-11 00:55:54+00:00,105.56666666666666,1.0,0.0,1.0,0.0
2014-09-11 00:56:00+00:00,103.57333333333334,1.0,0.0,1.0,0.0
2014-09-11 00:56:06+00:00,105.02,1.0,0.0,1.0,0.0
2014-09-11 00:56:12+00:00,103.68166666666667,1.0,0.0,0.0,0.0
2014-09-11 00:56:18+00:00,104.85000000000001,1.0,0.0,1.0,0.0
2014-09-11 00:56:24+00:00,104.43333333333334,0.0,0.0,1.0,0.0
2014-09-11 00:56:30+00:00,105.505,1.0,0.0,1.0,0.0
2014-09-11 00:56:36+00:00,104.52166666666666,1.0,0.0,0.0,0.0
2014-09-11 00:56:42+00:00,104.805,1.0,0.0,1.0,0.0
2014-09-11 00:56:48+00:00,104.37833333333333,1.0,0.0,1.0,0.0
2014-09-11 00:56:54+00:00,104.61833333333334,1.0,0.0,1.0,0.0
2014-09-11 00:57:00+00:00,104.445,1.0,0.0,1.0,0.0
2014-09-11 00:57:06+00:00,104.39666666666666,1.0,0.0,1.0,0.0
2014-09-11 00:57:12+00:00,104.75333333333333,0.0,0.0,1.0,0.0
2014-09-11 00:57:18+00:00,104.39166666666667,1.0,0.0,1.0,0.0
2014-09-11 00:57:24+00:00,104.76833333333333,1.0,0.0,1.0,0.0
2014-09-11 00:57:30+00:00,104.02999999999999,1.0,0.0,1.0,0.0
2014-09-11 00:57:36+00:00,104.97833333333334,1.0,0.0,1.0,0.0
2014-09-11 00:57:42+00:00,104.24333333333334,1.0,0.0,0.0,0.0
2014-09-11 00:57:48+00:00,104.85000000000001,1.0,0.0,1.0,0.0
2014-09-11 00:57:54+00:00,103.46666666666665,1.0,0.0,1.0,0.0
2014-09-11 00:58:00+00:00,105.28833333333334,0.0,0.0,1.0,0.0
2014-09-11 00:58:06+00:00,103.67,1.0,0.0,1.0,0.0
2014-09-11 00:58:12+00:00,105.47333333333334,1.0,0.0,1.0,0.0
2014-09-11 00:58:18+00:00,103.32166666666666,1.0,0.0,1.0,0.0
2014-09-11 00:58:24+00:00,105.19166666666666,1.0,0.0,0.0,0.0
2014-09-11 00:58:30+00:00,103.54833333333333,1.0,0.0,1.0,0.0
2014-09-11 00:58:36+00:00,105.35833333333333,0.0,0.0,1.0,0.0
2014-09-11 00:58:42+00:00,103.27666666666666,1.0,0.0,1.0,0.0
2014-09-11 00:58:48+00:00,104.92833333333333,1.0,0.0,0.0,0.0
2014-09-11 00:58:54+00:00,103.96333333333332,1.0,0.0,1.0,0.0
2014-09-11 00:59:00+00:00,104.71833333333332,0.0,0.0,1.0,0.0
2014-09-11 00:59:06+00:00,103.67166666666667,1.0,0.0,1.0,0.0
2014-09-11 00:59:12+00:00,104.63,1.0,0.0,1.0,0.0
2014-09-11 00:59:18+00:00,104.32333333333334,1.0,0.0,0.0,0.0
2014-09-11 00:59:24+00:00,104.45,0.0,0.0,1.0,0.0
2014-09-11 00:59:30+00:00,104.12666666666667,1.0,0.0,1.0,0.0
2014-09-11 00:59:36+00:00,104.66166666666668,1.0,0.0,0.0,0.0
2014-09-11 00:59:42+00:00,104.64666666666666,1.0,0.0,1.0,0.0
2014-09-11 00:59:48+00:00,104.32166666666666,1.0,0.0,1.0,0.0
2014-09-11 00:59:54+00:00,104.40833333333335,0.0,0.0,1.0,0.0
2014-09-11 01:00:00+00:00,104.72166666666668,1.0,0.0,1.0,0.0
2014-09-11 01:00:06+00:00,105.7,1.0,0.0,1.0,0.0
2014-09-11 01:00:12+00:00,105.01666666666667,1.0,0.0,1.0,0.0
2014-09-11 01:00:18+00:00,105.72833333333334,1.0,0.0,0.0,0.0
2014-09-11 01:00:24+00:00,104.66833333333334,1.0,0.0,1.0,0.0
2014-09-11 01:00:30+00:00,106.42666666666666,1.0,0.0,1.0,0.0
2014-09-11 01:00:36+00:00,104.39833333333333,0.0,0.0,1.0,0.0
2014-09-11 01:00:42+00:00,106.49166666666667,1.0,0.0,1.0,0.0
2014-09-11 01:00:48+00:00,104.15333333333332,1.0,0.0,0.0,0.0
2014-09-11 01:00:54+00:00,106.27,1.0,0.0,1.0,0.0
2014-09-11 01:01:00+00:00,104.645,0.0,0.0,1.0,0.0
2014-09-11 01:01:06+00:00,106.07166666666666,1.0,0.0,1.0,0.0
2014-09-11 01:01:12+00:00,104.76833333333333,1.0,0.0,0.0,0.0
2014-09-11 01:01:18+00:00,106.54,1.0,0.0,1.0,0.0
2014-09-11 01:01:24+00:00,104.91333333333334,0.0,0.0,1.0,0.0
2014-09-11 01:01:30+00:00,105.70333333333333,1.0,0.0,1.0,0.0
2014-09-11 01:01:36+00:00,104.75999999999999,1.0,0.0,1.0,0.0
2014-09-11 01:01:42+00:00,105.645,1.0,0.0,1.0,0.0
2014-09-11 01:01:48+00:00,104.99833333333333,1.0,0.0,0.0,0.0
2014-09-11 01:01:54+00:00,105.60666666666667,1.0,0.0,1.0,0.0
2014-09-11 01:02:00+00:00,104.94833333333334,0.0,0.0,1.0,0.0
2014-09-11 01:02:06+00:00,105.27499999999999,1.0,0.0,1.0,0.0
2014-09-11 01:02:12+00:00,105.54833333333333,1.0,0.0,1.0,0.0
2014-09-11 01:02:18+00:00,105.61833333333334,1.0,0.0,1.0,0.0
2014-09-11 01:02:24+00:00,105.35166666666667,1.0,0.0,1.0,0.0
2014-09-11 01:02:30+00:00,104.99666666666667,1.0,0.0,0.0,0.0
2014-09-11 01:02:36+00:00,105.63166666666666,1.0,0.0,1.0,0.0
2014-09-11 01:02:42+00:00,104.945,1.0,0.0,1.0,0.0
2014-09-11 01:02:48+00:00,105.745,0.0,0.0,1.0,0.0
2014-09-11 01:02:54+00:00,106.23,1.0,0.0,1.0,0.0
2014-09-11 01:03:00+00:00,106.28333333333335,1.0,0.0,1.0,0.0
2014-09-11 01:03:06+00:00,104.94333333333333,1.0,0.0,1.0,0.0
2014-09-11 01:03:12+00:00,106.125,1.0,0.0,1.0,0.0
2014-09-11 01:03:18+00:00,104.44833333333334,1.0,0.0,1.0,0.0
2014-09-11 01:03:24+00:00,106.09499999999998,1.0,0.0,1.0,0.0
2014-09-11 01:03:30+00:00,104.33833333333332,1.0,0.0,1.0,0.0
2014-09-11 01:03:36+00:00,106.26833333333333,1.0,0.0,1.0,0.0
2014-09-11 01:03:42+00:00,104.66666666666667,1.0,0.0,0.0,0.0
2014-09-11 01:03:48+00:00,106.27,1.0,0.0,1.0,0.0
2014-09-11 01:03:54+00:00,104.69,0.0,0.0,1.0,0.0
2014-09-11 01:04:00+00:00,106.33666666666666,1.0,0.0,1.0,0.0
2014-09-11 01:04:06+00:00,104.35333333333334,0.0,0.0,1.0,0.0
2014-09-11 01:04:12+00:00,105.77166666666666,1.0,0.0,1.0,0.0
2014-09-11 01:04:18+00:00,104.89333333333333,1.0,0.0,0.0,0.0
2014-09-11 01:04:24+00:00,105.94,1.0,0.0,1.0,0.0
2014-09-11 01:04:30+00:00,104.795,0.0,0.0,1.0,0.0
2014-09-11 01:04:36+00:00,105.62333333333333,1.0,0.0,1.0,0.0
2014-09-11 01:04:42+00:00,105.29333333333334,1.0,0.0,1.0,0.0
2014-09-11 01:04:48+00:00,105.85666666666667,1.0,0.0,1.0,0.0
2014-09-11 01:04:54+00:00,105.66333333333334,1.0,0.0,0.0,0.0
2014-09-11 01:05:00+00:00,105.255,1.0,0.0,1.0,0.0
2014-09-11 01:05:06+00:00,105.56666666666666,1.0,0.0,1.0,0.0
2014-09-11 01:05:12+00:00,105.07833333333333,1.0,0.0,1.0,0.0
2014-09-11 01:05:18+00:00,105.98166666666667,1.0,0.0,1.0,0.0
2014-09-11 01:05:24+00:00,104.665,1.0,0.0,1.0,0.0
2014-09-11 01:05:30+00:00,105.16833333333334,1.0,0.0,1.0,0.0
2014-09-11 01:05:36+00:00,103.71,1.0,0.0,1.0,0.0
2014-09-11 01:05:42+00:00,105.33666666666666,0.0,0.0,1.0,0.0
2014-09-11 01:05:48+00:00,103.685,1.0,0.0,1.0,0.0
2014-09-11 01:05:54+00:00,105.19166666666666,1.0,0.0,1.0,0.0
2014-09-11 01:06:00+00:00,103.75666666666666,0.0,0.0,0.0,0.0
2014-09-11 01:06:06+00:00,105.09333333333332,1.0,0.0,1.0,0.0
2014-09-11 01:06:12+00:00,103.44,1.0,0.0,1.0,0.0
2014-09-11 01:06:18+00:00,104.96333333333332,1.0,0.0,1.0,0.0
2014-09-11 01:06:24+00:00,103.80666666666667,1.0,0.0,1.0,0.0
2014-09-11 01:06:30+00:00,105.55166666666666,1.0,0.0,1.0,0.0
2014-09-11 01:06:36+00:00,103.86666666666667,1.0,0.0,1.0,0.0
2014-09-11 01:06:42+00:00,104.935,1.0,0.0,1.0,0.0
2014-09-11 01:06:48+00:00,103.44,1.0,0.0,0.0,0.0
2014-09-11 01:06:54+00:00,104.99666666666667,1.0,0.0,1.0,0.0
2014-09-11 01:07:00+00:00,103.86166666666666,0.0,0.0,1.0,0.0
2014-09-11 01:07:06+00:00,104.50333333333333,1.0,0.0,1.0,0.0
2014-09-11 01:07:12+00:00,103.62333333333333,1.0,0.0,0.0,0.0
2014-09-11 01:07:18+00:00,104.63,1.0,0.0,1.0,0.0
2014-09-11 01:07:24+00:00,104.205,1.0,0.0,1.0,0.0
2014-09-11 01:07:30+00:00,104.435,0.0,0.0,1.0,0.0
2014-09-11 01:07:36+00:00,104.02666666666666,1.0,0.0,1.0,0.0
2014-09-11 01:07:42+00:00,104.21833333333332,1.0,0.0,1.0,0.0
2014-09-11 01:07:48+00:00,104.66166666666668,1.0,0.0,1.0,0.0
2014-09-11 01:07:54+00:00,104.02666666666666,1.0,0.0,1.0,0.0
2014-09-11 01:08:00+00:00,104.53333333333335,1.0,0.0,1.0,0.0
2014-09-11 01:08:06+00:00,103.67333333333333,1.0,0.0,0.0,0.0
2014-09-11 01:08:12+00:00,105.22666666666667,1.0,0.0,1.0,0.0
2014-09-11 01:08:18+00:00,103.65666666666668,0.0,0.0,1.0,0.0
2014-09-11 01:08:24+00:00,104.68,1.0,0.0,1.0,0.0
2014-09-11 01:08:30+00:00,103.13333333333333,1.0,0.0,1.0,0.0
2014-09-11 01:08:36+00:00,104.43333333333334,1.0,0.0,1.0,0.0
2014-09-11 01:08:42+00:00,103.05833333333334,1.0,0.0,1.0,0.0
2014-09-11 01:08:48+00:00,104.94999999999999,1.0,0.0,1.0,0.0
2014-09-11 01:08:54+00:00,103.01,1.0,0.0,1.0,0.0
2014-09-11 01:09:00+00:00,104.45333333333333,1.0,0.0,0.0,0.0
2014-09-11 01:09:06+00:00,102.95166666666667,0.0,0.0,1.0,0.0
2014-09-11 01:09:12+00:00,104.97166666666665,1.0,0.0,1.0,0.0
2014-09-11 01:09:18+00:00,102.73333333333333,1.0,0.0,1.0,0.0
2014-09-11 01:09:24+00:00,104.32833333333333,1.0,0.0,1.0,0.0
2014-09-11 01:09:30+00:00,102.96833333333332,1.0,0.0,1.0,0.0
2014-09-11 01:09:36+00:00,104.57166666666667,0.0,0.0,1.0,0.0
2014-09-11 01:09:42+00:00,103.66000000000001,1.0,0.0,0.0,0.0
2014-09-11 01:09:48+00:00,104.26833333333333,1.0,0.0,1.0,0.0
2014-09-11 01:09:54+00:00,103.53500000000001,0.0,0.0,1.0,0.0
2014-09-11 01:10:00+00:00,104.29333333333334,1.0,0.0,1.0,0.0
2014-09-11 01:10:06+00:00,103.54333333333334,1.0,0.0,1.0,0.0
2014-09-11 01:10:12+00:00,103.52666666666666,1.0,0.0,1.0,0.0
2014-09-11 01:10:18+00:00,103.40166666666666,1.0,0.0,1.0,0.0
2014-09-11 01:10:24+00:00,103.69333333333333,1.0,0.0,1.0,0.0
2014-09-11 01:10:30+00:00,103.625,1.0,0.0,1.0,0.0
2014-09-11 01:10:36+00:00,101.25833333333333,1.0,0.0,0.0,0.0
2014-09-11 01:10:42+00:00,100.43333333333334,0.0,0.0,1.0,0.0
2014-09-11 01:10:48+00:00,100.76333333333334,1.0,0.0,1.0,0.0
2014-09-11 01:10:54+00:00,100.695,1.0,0.0,0.0,0.0
2014-09-11 01:11:00+00:00,100.53500000000001,0.0,0.0,1.0,0.0
2014-09-11 01:11:06+00:00,100.67,1.0,0.0,1.0,0.0
2014-09-11 01:11:12+00:00,100.47666666666667,1.0,0.0,1.0,0.0
2014-09-11 01:11:18+00:00,100.72333333333334,1.0,0.0,1.0,0.0
2014-09-11 01:11:24+00:00,100.39,1.0,0.0,1.0,0.0
2014-09-11 01:11:30+00:00,100.87166666666667,1.0,0.0,0.0,0.0
2014-09-11 01:11:36+00:00,101.15833333333335,0.0,0.0,1.0,0.0
2014-09-11 01:11:42+00:00,100.44333333333333,1.0,0.0,1.0,0.0
2014-09-11 01:11:48+00:00,100.56833333333333,1.0,0.0,1.0,0.0
2014-09-11 01:11:54+00:00,100.60000000000001,1.0,0.0,1.0,0.0
2014-09-11 01:12:00+00:00,100.73333333333333,1.0,0.0,1.0,0.0
2014-09-11 01:12:06+00:00,100.32166666666667,1.0,0.0,1.0,0.0
2014-09-11 01:12:12+00:00,100.71,1.0,0.0,1.0,0.0
2014-09-11 01:12:18+00:00,100.185,1.0,0.0,1.0,0.0
2014-09-11 01:12:24+00:00,100.47666666666667,1.0,0.0,0.0,0.0
2014-09-11 01:12:30+00:00,100.65500000000002,0.0,0.0,1.0,0.0
2014-09-11 01:12:36+00:00,100.77,1.0,0.0,1.0,0.0
2014-09-11 01:12:42+00:00,100.63,1.0,0.0,1.0,0.0
2014-09-11 01:12:48+00:00,100.57833333333333,1.0,0.0,0.0,0.0
2014-09-11 01:12:54+00:00,100.83666666666666,1.0,0.0,1.0,0.0
2014-09-11 01:13:00+00:00,100.52166666666666,1.0,0.0,1.0,0.0
2014-09-11 01:13:06+00:00,100.73666666666666,0.0,0.0,1.0,0.0
2014-09-11 01:13:12+00:00,100.71166666666666,1.0,0.0,1.0,0.0
2014-09-11 01:13:18+00:00,100.08333333333333,1.0,0.0,1.0,0.0
2014-09-11 01:13:24+00:00,100.26833333333333,1.0,0.0,1.0,0.0
2014-09-11 01:13:30+00:00,100.28833333333334,1.0,0.0,1.0,0.0
2014-09-11 01:13:36+00:00,100.38499999999999,1.0,0.0,1.0,0.0
2014-09-11 01:13:42+00:00,100.53833333333334,1.0,0.0,0.0,0.0
2014-09-11 01:13:48+00:00,100.27833333333332,0.0,0.0,1.0,0.0
2014-09-11 01:13:54+00:00,100.555,1.0,0.0,1.0,0.0
2014-09-11 01:14:00+00:00,100.10666666666667,1.0,0.0,1.0,0.0
2014-09-11 01:14:06+00:00,100.695,1.0,0.0,0.0,0.0
2014-09-11 01:14:12+00:00,100.48166666666667,1.0,0.0,1.0,0.0
2014-09-11 01:14:18+00:00,100.60166666666667,1.0,0.0,1.0,0.0
2014-09-11 01:14:24+00:00,100.30666666666667,1.0,0.0,1.0,0.0
2014-09-11 01:14:30+00:00,100.73333333333333,0.0,0.0,1.0,0.0
2014-09-11 01:14:36+00:00,100.64166666666667,1.0,0.0,1.0,0.0
2014-09-11 01:14:42+00:00,100.18666666666667,1.0,0.0,0.0,0.0
2014-09-11 01:14:48+00:00,100.575,0.0,0.0,1.0,0.0
2014-09-11 01:14:54+00:00,100.93666666666667,1.0,0.0,1.0,0.0
2014-09-11 01:15:00+00:00,100.685,1.0,0.0,1.0,0.0
2014-09-11 01:15:06+00:00,100.62,1.0,0.0,0.0,0.0
2014-09-11 01:15:12+00:00,100.45,0.0,0.0,1.0,0.0
2014-09-11 01:15:18+00:00,100.57571428571428,1.0,0.0,1.0,0.0
2014-09-11 01:15:24+00:00,100.378,1.0,0.0,1.0,0.0
2014-09-11 01:15:30+00:00,100.60142857142857,1.0,0.0,1.0,0.0
2014-09-11 01:15:36+00:00,100.8,1.0,0.0,1.0,0.0
2014-09-11 01:15:42+00:00,100.72833333333334,1.0,0.0,1.0,0.0
2014-09-11 01:15:48+00:00,100.70666666666666,1.0,0.0,1.0,0.0
2014-09-11 01:15:54+00:00,100.51166666666667,1.0,0.0,0.0,0.0
2014-09-11 01:16:00+00:00,100.51333333333332,0.0,0.0,1.0,0.0
2014-09-11 01:16:06+00:00,100.47833333333334,1.0,0.0,1.0,0.0
2014-09-11 01:16:12+00:00,100.75166666666667,1.0,0.0,1.0,0.0
2014-09-11 01:16:18+00:00,100.63833333333334,1.0,0.0,0.0,0.0
2014-09-11 01:16:24+00:00,100.82333333333334,1.0,0.0,1.0,0.0
2014-09-11 01:16:30+00:00,100.72166666666668,1.0,0.0,1.0,0.0
2014-09-11 01:16:36+00:00,100.58166666666666,1.0,0.0,1.0,0.0
2014-09-11 01:16:42+00:00,100.23333333333333,0.0,0.0,1.0,0.0
2014-09-11 01:16:48+00:00,101.09666666666668,1.0,0.0,1.0,0.0
2014-09-11 01:16:54+00:00,100.57833333333333,1.0,0.0,1.0,0.0
2014-09-11 01:17:00+00:00,100.56666666666666,1.0,0.0,1.0,0.0
2014-09-11 01:17:06+00:00,100.205,1.0,0.0,1.0,0.0
2014-09-11 01:17:12+00:00,100.235,1.0,0.0,1.0,0.0
2014-09-11 01:17:18+00:00,100.31833333333333,1.0,0.0,0.0,0.0
2014-09-11 01:17:24+00:00,100.72333333333334,0.0,0.0,1.0,0.0
2014-09-11 01:17:30+00:00,100.27833333333332,1.0,0.0,1.0,0.0
2014-09-11 01:17:36+00:00,100.37833333333333,1.0,0.0,1.0,0.0
2014-09-11 01:17:42+00:00,100.47333333333334,1.0,0.0,1.0,0.0
2014-09-11 01:17:48+00:00,100.575,1.0,0.0,0.0,0.0
2014-09-11 01:17:54+00:00,100.39666666666666,1.0,0.0,1.0,0.0
2014-09-11 01:18:00+00:00,100.49833333333333,0.0,0.0,1.0,0.0
2014-09-11 01:18:06+00:00,100.71333333333332,1.0,0.0,1.0,0.0
2014-09-11 01:18:12+00:00,100.79833333333333,1.0,0.0,1.0,0.0
2014-09-11 01:18:18+00:00,100.51166666666666,1.0,0.0,1.0,0.0
2014-09-11 01:18:24+00:00,100.07833333333333,1.0,0.0,0.0,0.0
2014-09-11 01:18:30+00:00,100.42333333333333,0.0,0.0,1.0,0.0
2014-09-11 01:18:36+00:00,101.10333333333334,1.0,0.0,1.0,0.0
2014-09-11 01:18:42+00:00,100.25333333333333,1.0,0.0,1.0,0.0
2014-09-11 01:18:48+00:00,100.15166666666666,1.0,0.0,1.0,0.0
2014-09-11 01:18:54+00:00,100.37666666666667,1.0,0.0,0.0,0.0
2014-09-11 01:19:00+00:00,100.75333333333333,1.0,0.0,1.0,0.0
2014-09-11 01:19:06+00:00,101.16000000000001,0.0,0.0,1.0,0.0
2014-09-11 01:19:12+00:00,100.63666666666667,1.0,0.0,1.0,0.0
2014-09-11 01:19:18+00:00,100.77666666666666,1.0,0.0,1.0,0.0
2014-09-11 01:19:24+00:00,100.53333333333332,1.0,0.0,1.0,0.0
2014-09-11 01:19:30+00:00,100.83999999999999,1.0,0.0,1.0,0.0
2014-09-11 01:19:36+00:00,100.58999999999999,1.0,0.0,0.0,0.0
2014-09-11 01:19:42+00:00,100.64666666666666,1.0,0.0,1.0,0.0
2014-09-11 01:19:48+00:00,100.82333333333334,0.0,0.0,1.0,0.0
2014-09-11 01:19:54+00:00,100.97666666666667,1.0,0.0,1.0,0.0
2014-09-11 01:20:00+00:00,100.36666666666667,1.0,0.0,1.0,0.0
2014-09-11 01:20:06+00:00,100.52,1.0,0.0,1.0,0.0
2014-09-11 01:20:12+00:00,100.65499999999999,1.0,0.0,0.0,0.0
2014-09-11 01:20:18+00:00,101.22500000000001,1.0,0.0,1.0,0.0
2014-09-11 01:20:24+00:00,100.57,0.0,0.0,1.0,0.0
2014-09-11 01:20:30+00:00,100.47833333333334,1.0,0.0,1.0,0.0
2014-09-11 01:20:36+00:00,100.57166666666667,1.0,0.0,0.0,0.0
2014-09-11 01:20:42+00:00,100.73,1.0,0.0,1.0,0.0
2014-09-11 01:20:48+00:00,100.485,1.0,0.0,1.0,0.0
2014-09-11 01:20:54+00:00,100.39833333333333,1.0,0.0,1.0,0.0
2014-09-11 01:21:00+00:00,100.415,1.0,0.0,1.0,0.0
2014-09-11 01:21:06+00:00,100.60000000000001,0.0,0.0,1.0,0.0
2014-09-11 01:21:12+00:00,100.58666666666666,1.0,0.0,1.0,0.0
2014-09-11 01:21:18+00:00,100.60333333333334,1.0,0.0,0.0,0.0
2014-09-11 01:21:24+00:00,100.77499999999999,0.0,0.0,1.0,0.0
2014-09-11 01:21:30+00:00,101.02499999999999,1.0,0.0,1.0,0.0
2014-09-11 01:21:36+00:00,100.88499999999999,1.0,0.0,1.0,0.0
2014-09-11 01:21:42+00:00,100.62333333333333,1.0,0.0,1.0,0.0
2014-09-11 01:21:48+00:00,100.57166666666666,1.0,0.0,1.0,0.0
2014-09-11 01:21:54+00:00,100.77333333333333,1.0,0.0,1.0,0.0
2014-09-11 01:22:00+00:00,100.45333333333333,1.0,0.0,1.0,0.0
2014-09-11 01:22:06+00:00,100.585,1.0,0.0,0.0,0.0
2014-09-11 01:22:12+00:00,100.53000000000002,0.0,0.0,1.0,0.0
2014-09-11 01:22:18+00:00,100.62833333333333,1.0,0.0,1.0,0.0
2014-09-11 01:22:24+00:00,101.47500000000001,1.0,0.0,1.0,0.0
2014-09-11 01:22:30+00:00,101.39666666666666,1.0,0.0,1.0,0.0
2014-09-11 01:22:36+00:00,101.42166666666667,1.0,0.0,0.0,0.0
2014-09-11 01:22:42+00:00,101.41333333333334,1.0,0.0,1.0,0.0
2014-09-11 01:22:48+00:00,101.015,0.0,0.0,1.0,0.0
2014-09-11 01:22:54+00:00,101.23,1.0,0.0,1.0,0.0
2014-09-11 01:23:00+00:00,101.05166666666668,1.0,0.0,1.0,0.0
2014-09-11 01:23:06+00:00,101.39166666666667,1.0,0.0,1.0,0.0
2014-09-11 01:23:12+00:00,101.21666666666665,1.0,0.0,1.0,0.0
2014-09-11 01:23:18+00:00,101.14,1.0,0.0,0.0,0.0
2014-09-11 01:23:24+00:00,101.29,0.0,0.0,1.0,0.0
2014-09-11 01:23:30+00:00,101.28666666666668,1.0,0.0,1.0,0.0
2014-09-11 01:23:36+00:00,101.17333333333333,1.0,0.0,1.0,0.0
2014-09-11 01:23:42+00:00,101.10166666666667,1.0,0.0,1.0,0.0
2014-09-11 01:23:48+00:00,101.48,1.0,0.0,0.0,0.0
2014-09-11 01:23:54+00:00,101.07666666666667,0.0,0.0,1.0,0.0
2014-09-11 01:24:00+00:00,101.09833333333334,1.0,0.0,1.0,0.0
2014-09-11 01:24:06+00:00,101.02499999999999,1.0,0.0,1.0,0.0
2014-09-11 01:24:12+00:00,101.06166666666667,1.0,0.0,0.0,0.0
2014-09-11 01:24:18+00:00,101.21833333333332,1.0,0.0,1.0,0.0
2014-09-11 01:24:24+00:00,101.26666666666667,1.0,0.0,1.0,0.0
2014-09-11 01:24:30+00:00,101.02499999999999,0.0,0.0,1.0,0.0
2014-09-11 01:24:36+00:00,101.14,1.0,0.0,1.0,0.0
2014-09-11 01:24:42+00:00,101.07333333333334,1.0,0.0,0.0,0.0
2014-09-11 01:24:48+00:00,101.255,1.0,0.0,1.0,0.0
2014-09-11 01:24:54+00:00,101.21499999999999,0.0,0.0,1.0,0.0
2014-09-11 01:25:00+00:00,101.49333333333334,1.0,0.0,1.0,0.0
2014-09-11 01:25:06+00:00,101.415,1.0,0.0,1.0,0.0
2014-09-11 01:25:12+00:00,101.18833333333333,1.0,0.0,1.0,0.0
2014-09-11 01:25:18+00:00,101.19500000000001,1.0,0.0,1.0,0.0
2014-09-11 01:25:24+00:00,101.12166666666667,1.0,0.0,0.0,0.0
2014-09-11 01:25:30+00:00,101.25833333333333,0.0,0.0,1.0,0.0
2014-09-11 01:25:36+00:00,101.17666666666666,1.0,0.0,1.0,0.0
2014-09-11 01:25:42+00:00,100.99,1.0,0.0,1.0,0.0
2014-09-11 01:25:48+00:00,100.485,1.0,0.0,1.0,0.0
2014-09-11 01:25:54+00:00,100.45666666666666,1.0,0.0,1.0,0.0
2014-09-11 01:26:00+00:00,100.72000000000001,1.0,0.0,0.0,0.0
2014-09-11 01:26:06+00:00,100.62,1.0,0.0,1.0,0.0
2014-09-11 01:26:12+00:00,100.62166666666667,1.0,0.0,1.0,0.0
2014-09-11 01:26:18+00:00,100.59166666666665,0.0,0.0,1.0,0.0
2014-09-11 01:26:24+00:00,100.72500000000001,1.0,0.0,1.0,0.0
2014-09-11 01:26:30+00:00,100.64999999999999,1.0,0.0,1.0,0.0
2014-09-11 01:26:36+00:00,100.74833333333333,1.0,0.0,0.0,0.0
2014-09-11 01:26:42+00:00,100.61166666666668,0.0,0.0,1.0,0.0
2014-09-11 01:26:48+00:00,100.645,1.0,0.0,1.0,0.0
2014-09-11 01:26:54+00:00,100.35000000000001,1.0,0.0,1.0,0.0
2014-09-11 01:27:00+00:00,100.52666666666666,1.0,0.0,1.0,0.0
2014-09-11 01:27:06+00:00,100.33833333333332,1.0,0.0,0.0,0.0
2014-09-11 01:27:12+00:00,100.46666666666665,1.0,0.0,1.0,0.0
2014-09-11 01:27:18+00:00,100.36333333333334,0.0,0.0,1.0,0.0
2014-09-11 01:27:24+00:00,100.42833333333334,1.0,0.0,1.0,0.0
2014-09-11 01:27:30+00:00,100.915,1.0,0.0,0.0,0.0
2014-09-11 01:27:36+00:00,100.68166666666667,1.0,0.0,1.0,0.0
2014-09-11 01:27:42+00:00,100.435,1.0,0.0,1.0,0.0
2014-09-11 01:27:48+00:00,100.60666666666667,1.0,0.0,1.0,0.0
2014-09-11 01:27:54+00:00,100.295,0.0,0.0,1.0,0.0
2014-09-11 01:28:00+00:00,100.39666666666666,1.0,0.0,1.0,0.0
2014-09-11 01:28:06+00:00,100.33,1.0,0.0,0.0,0.0
2014-09-11 01:28:12+00:00,100.5,1.0,0.0,1.0,0.0
2014-09-11 01:28:18+00:00,100.945,1.0,0.0,1.0,0.0
2014-09-11 01:28:24+00:00,100.59166666666665,0.0,0.0,1.0,0.0
2014-09-11 01:28:30+00:00,100.73666666666666,1.0,0.0,1.0,0.0
2014-09-11 01:28:36+00:00,100.57833333333333,1.0,0.0,1.0,0.0
2014-09-11 01:28:42+00:00,100.61,1.0,0.0,1.0,0.0
2014-09-11 01:28:48+00:00,100.58333333333333,1.0,0.0,0.0,0.0
2014-09-11 01:28:54+00:00,100.60166666666667,0.0,0.0,1.0,0.0
2014-09-11 01:29:00+00:00,100.22833333333334,1.0,0.0,1.0,0.0
2014-09-11 01:29:06+00:00,100.21833333333332,1.0,0.0,0.0,0.0
2014-09-11 01:29:12+00:00,100.47333333333331,1.0,0.0,1.0,0.0
2014-09-11 01:29:18+00:00,100.42666666666668,1.0,0.0,0.0,0.0
2014-09-11 01:29:24+00:00,100.46666666666665,1.0,0.0,1.0,0.0
2014-09-11 01:29:30+00:00,100.36333333333333,0.0,0.0,1.0,0.0
2014-09-11 01:29:36+00:00,100.31833333333333,1.0,0.0,1.0,0.0
2014-09-11 01:29:42+00:00,100.33166666666666,1.0,0.0,1.0,0.0
2014-09-11 01:29:48+00:00,100.77833333333335,1.0,0.0,1.0,0.0
2014-09-11 01:29:54+00:00,100.71999999999998,1.0,0.0,1.0,0.0
2014-09-11 01:30:00+00:00,100.25,1.0,0.0,0.0,0.0
2014-09-11 01:30:06+00:00,100.41166666666668,1.0,0.0,1.0,0.0
2014-09-11 01:30:12+00:00,100.295,1.0,0.0,1.0,0.0
2014-09-11 01:30:18+00:00,100.51666666666667,0.0,0.0,1.0,0.0
2014-09-11 01:30:24+00:00,100.20333333333333,1.0,0.0,1.0,0.0
2014-09-11 01:30:30+00:00,100.73333333333333,1.0,0.0,1.0,0.0
2014-09-11 01:30:36+00:00,100.35666666666667,1.0,0.0,1.0,0.0
2014-09-11 01:30:42+00:00,100.62333333333333,1.0,0.0,1.0,0.0
2014-09-11 01:30:48+00:00,100.45833333333333,1.0,0.0,0.0,0.0
2014-09-11 01:30:54+00:00,100.995,1.0,0.0,1.0,0.0
2014-09-11 01:31:00+00:00,100.43833333333333,0.0,0.0,1.0,0.0
2014-09-11 01:31:06+00:00,100.36500000000001,1.0,0.0,1.0,0.0
2014-09-11 01:31:12+00:00,100.34833333333334,1.0,0.0,1.0,0.0
2014-09-11 01:31:18+00:00,100.24833333333333,1.0,0.0,0.0,0.0
2014-09-11 01:31:24+00:00,100.55833333333334,1.0,0.0,1.0,0.0
2014-09-11 01:31:30+00:00,100.66000000000001,0.0,0.0,1.0,0.0
2014-09-11 01:31:36+00:00,100.21166666666666,1.0,0.0,1.0,0.0
2014-09-11 01:31:42+00:00,349.31,1.0,0.0,1.0,0.0
2014-09-11 01:31:48+00:00,201.66,1.0,533.0,1.0,0.0
2014-09-11 01:31:54+00:00,200.22333333333333,1.0,100.0,1.0,0.0
2014-09-11 01:32:00+00:00,198.135,1.0,99.0,1.0,0.0
2014-09-11 01:32:06+00:00,196.73833333333334,1.0,96.0,0.0,0.0
2014-09-11 01:32:12+00:00,195.97833333333332,0.0,0.0,1.0,0.0
2014-09-11 01:32:18+00:00,195.22333333333333,1.0,94.0,1.0,0.0
2014-09-11 01:32:24+00:00,194.48000000000002,1.0,94.0,1.0,0.0
2014-09-11 01:32:30+00:00,193.72833333333332,1.0,93.0,1.0,0.0
2014-09-11 01:32:36+00:00,192.845,1.0,92.0,0.0,0.0
2014-09-11 01:32:42+00:00,190.85833333333335,0.0,89.0,1.0,0.0
2014-09-11 01:32:48+00:00,189.99666666666667,1.0,88.0,1.0,0.0
2014-09-11 01:32:54+00:00,190.09166666666667,1.0,0.0,1.0,0.0
2014-09-11 01:33:00+00:00,190.37833333333333,1.0,88.0,1.0,0.0
2014-09-11 01:33:06+00:00,189.64166666666665,1.0,89.0,1.0,0.0
2014-09-11 01:33:12+00:00,190.11833333333334,1.0,89.0,1.0,0.0
2014-09-11 01:33:18+00:00,190.42,1.0,89.0,1.0,0.0
2014-09-11 01:33:24+00:00,191.14000000000001,1.0,90.0,1.0,0.0
2014-09-11 01:33:30+00:00,191.475,1.0,89.0,1.0,0.0
2014-09-11 01:33:36+00:00,190.92999999999998,0.0,89.0,0.0,0.0
2014-09-11 01:33:42+00:00,191.10166666666666,1.0,0.0,1.0,0.0
2014-09-11 01:33:48+00:00,191.25333333333333,1.0,89.0,1.0,0.0
2014-09-11 01:33:54+00:00,191.135,1.0,89.0,1.0,0.0
2014-09-11 01:34:00+00:00,190.96666666666667,1.0,89.0,0.0,0.0
2014-09-11 01:34:06+00:00,190.785,0.0,89.0,1.0,0.0
2014-09-11 01:34:12+00:00,190.54333333333332,1.0,0.0,1.0,0.0
2014-09-11 01:34:18+00:00,190.82666666666668,1.0,89.0,1.0,0.0
2014-09-11 01:34:24+00:00,190.62166666666667,1.0,90.0,0.0,0.0
2014-09-11 01:34:30+00:00,190.94333333333336,1.0,89.0,1.0,0.0
2014-09-11 01:34:36+00:00,191.26999999999998,1.0,89.0,1.0,0.0
2014-09-11 01:34:42+00:00,190.68833333333336,1.0,90.0,1.0,0.0
2014-09-11 01:34:48+00:00,190.63833333333332,0.0,89.0,1.0,0.0
2014-09-11 01:34:54+00:00,190.7733333333333,1.0,0.0,1.0,0.0
2014-09-11 01:35:00+00:00,190.49666666666667,1.0,89.0,1.0,0.0
2014-09-11 01:35:06+00:00,190.44333333333336,1.0,89.0,0.0,0.0
2014-09-11 01:35:12+00:00,190.21166666666667,0.0,0.0,1.0,0.0
2014-09-11 01:35:18+00:00,190.00333333333333,1.0,89.0,1.0,0.0
2014-09-11 01:35:24+00:00,190.4283333333333,1.0,88.0,0.0,0.0
2014-09-11 01:35:30+00:00,190.04999999999998,1.0,88.0,1.0,0.0
2014-09-11 01:35:36+00:00,189.65166666666664,0.0,0.0,1.0,0.0
2014-09-11 01:35:42+00:00,189.79333333333332,1.0,88.0,1.0,0.0
2014-09-11 01:35:48+00:00,189.38666666666666,1.0,88.0,1.0,0.0
2014-09-11 01:35:54+00:00,189.595,1.0,88.0,1.0,0.0
2014-09-11 01:36:00+00:00,189.755,1.0,88.0,0.0,0.0
2014-09-11 01:36:06+00:00,189.35666666666665,0.0,88.0,1.0,0.0
2014-09-11 01:36:12+00:00,189.35,1.0,88.0,1.0,0.0
2014-09-11 01:36:18+00:00,189.335,1.0,88.0,1.0,0.0
2014-09-11 01:36:24+00:00,189.54666666666665,1.0,88.0,1.0,0.0
2014-09-11 01:36:30+00:00,189.6916666666667,1.0,0.0,1.0,0.0
2014-09-11 01:36:36+00:00,189.18499999999997,1.0,87.0,1.0,0.0
2014-09-11 01:36:42+00:00,189.19333333333336,1.0,87.0,0.0,0.0
2014-09-11 01:36:48+00:00,189.49,1.0,87.0,1.0,0.0
2014-09-11 01:36:54+00:00,188.77166666666665,0.0,0.0,1.0,0.0
2014-09-11 01:37:00+00:00,189.04666666666665,1.0,87.0,1.0,0.0
2014-09-11 01:37:06+00:00,188.93666666666664,1.0,87.0,1.0,0.0
2014-09-11 01:37:12+00:00,188.515,1.0,87.0,1.0,0.0
2014-09-11 01:37:18+00:00,188.58,1.0,87.0,1.0,0.0
2014-09-11 01:37:24+00:00,187.65166666666667,1.0,87.0,0.0,0.0
2014-09-11 01:37:30+00:00,188.03333333333333,0.0,86.0,1.0,0.0
2014-09-11 01:37:36+00:00,188.41833333333332,1.0,87.0,1.0,0.0
2014-09-11 01:37:42+00:00,188.5533333333333,1.0,86.0,1.0,0.0
2014-09-11 01:37:48+00:00,188.18499999999997,1.0,0.0,1.0,0.0
2014-09-11 01:37:54+00:00,188.55428571428573,1.0,86.0,1.0,0.0
2014-09-11 01:38:00+00:00,188.132,1.0,86.0,0.0,0.0
2014-09-11 01:38:06+00:00,187.96571428571428,1.0,86.0,1.0,0.0
2014-09-11 01:38:12+00:00,188.25333333333333,1.0,86.0,1.0,0.0
2014-09-11 01:38:18+00:00,187.734,1.0,86.0,1.0,0.0
2014-09-11 01:38:24+00:00,187.9042857142857,1.0,86.0,1.0,0.0
2014-09-11 01:38:30+00:00,187.906,0.0,0.0,1.0,0.0
2014-09-11 01:38:36+00:00,187.71714285714285,1.0,86.0,1.0,0.0
2014-09-11 01:38:42+00:00,188.015,1.0,87.0,0.0,0.0
2014-09-11 01:38:48+00:00,187.54833333333332,1.0,86.0,1.0,0.0
2014-09-11 01:38:54+00:00,187.75,1.0,86.0,1.0,0.0
2014-09-11 01:39:00+00:00,187.85500000000002,1.0,85.0,1.0,0.0
2014-09-11 01:39:06+00:00,187.35666666666668,0.0,86.0,1.0,0.0
2014-09-11 01:39:12+00:00,187.65666666666667,1.0,0.0,1.0,0.0
2014-09-11 01:39:18+00:00,187.84666666666666,1.0,85.0,1.0,0.0
2014-09-11 01:39:24+00:00,187.77666666666667,1.0,86.0,0.0,0.0
2014-09-11 01:39:30+00:00,187.72166666666666,1.0,86.0,1.0,0.0
2014-09-11 01:39:36+00:00,186.9416666666667,0.0,0.0,1.0,0.0
2014-09-11 01:39:42+00:00,187.13333333333333,1.0,86.0,1.0,0.0
2014-09-11 01:39:48+00:00,187.11666666666667,1.0,86.0,0.0,0.0
2014-09-11 01:39:54+00:00,187.1966666666667,1.0,85.0,1.0,0.0
2014-09-11 01:40:00+00:00,186.79999999999998,1.0,85.0,1.0,0.0
2014-09-11 01:40:06+00:00,187.33333333333334,1.0,85.0,1.0,0.0
2014-09-11 01:40:12+00:00,186.5583333333333,1.0,85.0,1.0,0.0
2014-09-11 01:40:18+00:00,186.665,0.0,85.0,1.0,0.0
2014-09-11 01:40:24+00:00,186.46833333333333,1.0,85.0,1.0,0.0
2014-09-11 01:40:30+00:00,186.48666666666668,1.0,0.0,1.0,0.0
2014-09-11 01:40:36+00:00,186.32333333333335,1.0,84.0,1.0,0.0
2014-09-11 01:40:42+00:00,185.90333333333334,1.0,85.0,0.0,0.0
2014-09-11 01:40:48+00:00,186.52833333333334,0.0,84.0,1.0,0.0
2014-09-11 01:40:54+00:00,186.13333333333333,1.0,0.0,1.0,0.0
2014-09-11 01:41:00+00:00,186.31166666666664,1.0,84.0,1.0,0.0
2014-09-11 01:41:06+00:00,185.91333333333333,1.0,84.0,1.0,0.0
2014-09-11 01:41:12+00:00,185.95666666666668,1.0,85.0,0.0,0.0
2014-09-11 01:41:18+00:00,185.92666666666665,1.0,84.0,1.0,0.0
2014-09-11 01:41:24+00:00,185.9,1.0,85.0,1.0,0.0
2014-09-11 01:41:30+00:00,185.78833333333333,1.0,84.0,1.0,0.0
2014-09-11 01:41:36+00:00,185.62333333333333,1.0,84.0,1.0,0.0
2014-09-11 01:41:42+00:00,185.83166666666668,0.0,0.0,1.0,0.0
2014-09-11 01:41:48+00:00,185.76333333333332,1.0,85.0,1.0,0.0
2014-09-11 01:41:54+00:00,185.735,1.0,84.0,1.0,0.0
2014-09-11 01:42:00+00:00,185.60333333333335,1.0,84.0,0.0,0.0
2014-09-11 01:42:06+00:00,185.595,1.0,84.0,1.0,0.0
2014-09-11 01:42:12+00:00,185.4416666666667,0.0,84.0,1.0,0.0
2014-09-11 01:42:18+00:00,185.57666666666668,1.0,84.0,1.0,0.0
2014-09-11 01:42:24+00:00,185.75333333333333,1.0,83.0,1.0,0.0
2014-09-11 01:42:30+00:00,185.77166666666668,1.0,84.0,1.0,0.0
2014-09-11 01:42:36+00:00,185.1783333333333,1.0,0.0,1.0,0.0
2014-09-11 01:42:42+00:00,158.255,1.0,83.0,1.0,0.0
2014-09-11 01:42:48+00:00,100.46999999999998,1.0,83.0,1.0,0.0
2014-09-11 01:42:54+00:00,100.515,1.0,0.0,1.0,0.0
2014-09-11 01:43:00+00:00,100.39,1.0,0.0,0.0,0.0
2014-09-11 01:43:06+00:00,100.58,0.0,0.0,1.0,0.0
2014-09-11 01:43:12+00:00,100.41166666666668,1.0,0.0,1.0,0.0
2014-09-11 01:43:18+00:00,100.50833333333333,1.0,0.0,1.0,0.0
2014-09-11 01:43:24+00:00,100.55333333333334,1.0,0.0,1.0,0.0
2014-09-11 01:43:30+00:00,100.67,1.0,0.0,0.0,0.0
2014-09-11 01:43:36+00:00,100.375,1.0,0.0,1.0,0.0
2014-09-11 01:43:42+00:00,100.48,0.0,0.0,1.0,0.0
2014-09-11 01:43:48+00:00,100.255,1.0,0.0,1.0,0.0
2014-09-11 01:43:54+00:00,100.49000000000001,1.0,0.0,1.0,0.0
2014-09-11 01:44:00+00:00,100.71333333333332,1.0,0.0,1.0,0.0
2014-09-11 01:44:06+00:00,100.84333333333335,1.0,0.0,1.0,0.0
2014-09-11 01:44:12+00:00,100.77,1.0,0.0,1.0,0.0
2014-09-11 01:44:18+00:00,100.31666666666666,1.0,0.0,0.0,0.0
2014-09-11 01:44:24+00:00,100.46833333333332,1.0,0.0,1.0,0.0
2014-09-11 01:44:30+00:00,100.64999999999999,1.0,0.0,1.0,0.0
2014-09-11 01:44:36+00:00,100.58666666666666,1.0,0.0,1.0,0.0
2014-09-11 01:44:42+00:00,100.39999999999999,1.0,0.0,1.0,0.0
2014-09-11 01:44:48+00:00,100.5,0.0,0.0,1.0,0.0
2014-09-11 01:44:54+00:00,100.57833333333333,1.0,0.0,1.0,0.0
2014-09-11 01:45:00+00:00,100.87333333333333,1.0,0.0,1.0,0.0
2014-09-11 01:45:06+00:00,100.52333333333333,1.0,0.0,1.0,0.0
2014-09-11 01:45:12+00:00,100.76833333333333,1.0,0.0,0.0,0.0
2014-09-11 01:45:18+00:00,100.60166666666667,0.0,0.0,1.0,0.0
2014-09-11 01:45:24+00:00,101.52,1.0,0.0,1.0,0.0
2014-09-11 01:45:30+00:00,101.43666666666667,1.0,0.0,1.0,0.0
2014-09-11 01:45:36+00:00,100.46166666666666,1.0,0.0,1.0,0.0
2014-09-11 01:45:42+00:00,100.22500000000001,1.0,0.0,1.0,0.0
2014-09-11 01:45:48+00:00,100.47500000000001,1.0,0.0,1.0,0.0
2014-09-11 01:45:54+00:00,100.42166666666667,1.0,0.0,1.0,0.0
2014-09-11 01:46:00+00:00,101.09333333333332,1.0,0.0,0.0,0.0
2014-09-11 01:46:06+00:00,100.49000000000001,0.0,0.0,1.0,0.0
2014-09-11 01:46:12+00:00,100.555,1.0,0.0,1.0,0.0
2014-09-11 01:46:18+00:00,100.51833333333333,1.0,0.0,1.0,0.0
2014-09-11 01:46:24+00:00,100.675,1.0,0.0,0.0,0.0
2014-09-11 01:46:30+00:00,100.62166666666667,0.0,0.0,1.0,0.0
2014-09-11 01:46:36+00:00,100.78500000000001,1.0,0.0,1.0,0.0
2014-09-11 01:46:42+00:00,101.09833333333334,1.0,0.0,1.0,0.0
2014-09-11 01:46:48+00:00,100.69666666666667,1.0,0.0,1.0,0.0
2014-09-11 01:46:54+00:00,100.72666666666667,1.0,0.0,1.0,0.0
2014-09-11 01:47:00+00:00,100.75333333333333,1.0,0.0,1.0,0.0
2014-09-11 01:47:06+00:00,100.605,1.0,0.0,1.0,0.0
2014-09-11 01:47:12+00:00,100.59500000000001,1.0,0.0,0.0,0.0
2014-09-11 01:47:18+00:00,100.815,1.0,0.0,1.0,0.0
2014-09-11 01:47:24+00:00,100.34500000000001,0.0,0.0,1.0,0.0
2014-09-11 01:47:30+00:00,100.69666666666667,1.0,0.0,1.0,0.0
2014-09-11 01:47:36+00:00,100.55,1.0,0.0,1.0,0.0
2014-09-11 01:47:42+00:00,100.70666666666666,1.0,0.0,1.0,0.0
2014-09-11 01:47:48+00:00,100.67166666666667,1.0,0.0,1.0,0.0
2014-09-11 01:47:54+00:00,100.32333333333334,1.0,0.0,1.0,0.0
2014-09-11 01:48:00+00:00,100.75166666666667,1.0,0.0,1.0,0.0
2014-09-11 01:48:06+00:00,100.835,1.0,0.0,0.0,0.0
2014-09-11 01:48:12+00:00,100.78666666666668,0.0,0.0,1.0,0.0
2014-09-11 01:48:18+00:00,100.95666666666666,1.0,0.0,1.0,0.0
2014-09-11 01:48:24+00:00,101.17,1.0,0.0,1.0,0.0
2014-09-11 01:48:30+00:00,100.69666666666666,1.0,0.0,1.0,0.0
2014-09-11 01:48:36+00:00,100.67166666666667,1.0,0.0,1.0,0.0
2014-09-11 01:48:42+00:00,100.55666666666667,1.0,0.0,0.0,0.0
2014-09-11 01:48:48+00:00,100.90499999999999,0.0,0.0,1.0,0.0
2014-09-11 01:48:54+00:00,101.21833333333335,1.0,0.0,1.0,0.0
2014-09-11 01:49:00+00:00,100.795,1.0,0.0,1.0,0.0
2014-09-11 01:49:06+00:00,100.73166666666667,1.0,0.0,1.0,0.0
2014-09-11 01:49:12+00:00,100.93833333333333,1.0,0.0,0.0,0.0
2014-09-11 01:49:18+00:00,101.12333333333333,1.0,0.0,1.0,0.0
2014-09-11 01:49:24+00:00,100.95833333333333,0.0,0.0,1.0,0.0
2014-09-11 01:49:30+00:00,101.055,1.0,0.0,1.0,0.0
2014-09-11 01:49:36+00:00,100.77499999999999,1.0,0.0,1.0,0.0
2014-09-11 01:49:42+00:00,100.65666666666668,1.0,0.0,1.0,0.0
2014-09-11 01:49:48+00:00,100.83,1.0,0.0,1.0,0.0
2014-09-11 01:49:54+00:00,100.91333333333334,1.0,0.0,1.0,0.0
2014-09-11 01:50:00+00:00,100.98666666666668,1.0,0.0,0.0,0.0
2014-09-11 01:50:06+00:00,100.96333333333332,1.0,0.0,1.0,0.0
2014-09-11 01:50:12+00:00,100.81833333333333,0.0,0.0,1.0,0.0
2014-09-11 01:50:18+00:00,100.64166666666667,1.0,0.0,1.0,0.0
2014-09-11 01:50:24+00:00,100.77833333333332,1.0,0.0,1.0,0.0
2014-09-11 01:50:30+00:00,100.90333333333332,1.0,0.0,1.0,0.0
2014-09-11 01:50:36+00:00,102.46333333333332,1.0,0.0,1.0,0.0
2014-09-11 01:50:42+00:00,102.16666666666667,1.0,0.0,1.0,0.0
2014-09-11 01:50:48+00:00,101.47833333333334,1.0,0.0,0.0,0.0
2014-09-11 01:50:54+00:00,101.49333333333334,0.0,0.0,1.0,0.0
2014-09-11 01:51:00+00:00,101.61333333333333,1.0,0.0,1.0,0.0
2014-09-11 01:51:06+00:00,101.515,0.0,0.0,1.0,0.0
2014-09-11 01:51:12+00:00,101.42,1.0,0.0,1.0,0.0
2014-09-11 01:51:18+00:00,101.49666666666667,1.0,0.0,0.0,0.0
2014-09-11 01:51:24+00:00,102.04166666666667,0.0,0.0,1.0,0.0
2014-09-11 01:51:30+00:00,101.63,1.0,0.0,1.0,0.0
2014-09-11 01:51:36+00:00,101.295,1.0,0.0,1.0,0.0
2014-09-11 01:51:42+00:00,101.64833333333333,1.0,0.0,1.0,0.0
2014-09-11 01:51:48+00:00,101.38333333333333,1.0,0.0,0.0,0.0
2014-09-11 01:51:54+00:00,101.36666666666667,1.0,0.0,1.0,0.0
2014-09-11 01:52:00+00:00,101.27,1.0,0.0,0.0,0.0
2014-09-11 01:52:06+00:00,101.34500000000001,0.0,0.0,1.0,0.0
2014-09-11 01:52:12+00:00,101.22333333333334,1.0,0.0,1.0,0.0
2014-09-11 01:52:18+00:00,101.065,1.0,0.0,1.0,0.0
2014-09-11 01:52:24+00:00,100.46166666666666,1.0,0.0,0.0,0.0
2014-09-11 01:52:30+00:00,100.44666666666666,0.0,0.0,1.0,0.0
2014-09-11 01:52:36+00:00,100.245,1.0,0.0,1.0,0.0
2014-09-11 01:52:42+00:00,100.39333333333333,1.0,0.0,1.0,0.0
2014-09-11 01:52:48+00:00,100.14999999999999,1.0,0.0,0.0,0.0
2014-09-11 01:52:54+00:00,100.15333333333335,0.0,0.0,1.0,0.0
2014-09-11 01:53:00+00:00,100.54166666666667,1.0,0.0,1.0,0.0
2014-09-11 01:53:06+00:00,100.31333333333333,1.0,0.0,1.0,0.0
2014-09-11 01:53:12+00:00,100.325,1.0,0.0,0.0,0.0
2014-09-11 01:53:18+00:00,99.96666666666665,1.0,0.0,1.0,0.0
2014-09-11 01:53:24+00:00,100.10833333333333,0.0,0.0,1.0,0.0
2014-09-11 01:53:30+00:00,100.47000000000001,1.0,0.0,1.0,0.0
2014-09-11 01:53:36+00:00,100.86166666666666,1.0,0.0,1.0,0.0
2014-09-11 01:53:42+00:00,100.50333333333333,1.0,0.0,0.0,0.0
2014-09-11 01:53:48+00:00,100.23166666666667,0.0,0.0,1.0,0.0
2014-09-11 01:53:54+00:00,100.35000000000001,1.0,0.0,1.0,0.0
2014-09-11 01:54:00+00:00,99.93833333333333,1.0,0.0,1.0,0.0
2014-09-11 01:54:06+00:00,100.00833333333333,1.0,0.0,0.0,0.0
2014-09-11 01:54:12+00:00,100.67666666666666,0.0,0.0,1.0,0.0
2014-09-11 01:54:18+00:00,100.36,1.0,0.0,1.0,0.0
2014-09-11 01:54:24+00:00,100.40499999999999,1.0,0.0,1.0,0.0
2014-09-11 01:54:30+00:00,100.205,1.0,0.0,0.0,0.0
2014-09-11 01:54:36+00:00,100.355,1.0,0.0,1.0,0.0
2014-09-11 01:54:42+00:00,100.28000000000002,1.0,0.0,1.0,0.0
2014-09-11 01:54:48+00:00,100.28000000000002,0.0,0.0,1.0,0.0
2014-09-11 01:54:54+00:00,100.41833333333334,1.0,0.0,1.0,0.0
2014-09-11 01:55:00+00:00,100.19833333333332,1.0,0.0,1.0,0.0
2014-09-11 01:55:06+00:00,100.05166666666666,1.0,0.0,0.0,0.0
2014-09-11 01:55:12+00:00,100.28333333333335,0.0,0.0,1.0,0.0
2014-09-11 01:55:18+00:00,100.48166666666667,1.0,0.0,1.0,0.0
2014-09-11 01:55:24+00:00,100.66833333333334,1.0,0.0,1.0,0.0
2014-09-11 01:55:30+00:00,100.28500000000001,1.0,0.0,1.0,0.0
2014-09-11 01:55:36+00:00,100.055,1.0,0.0,1.0,0.0
2014-09-11 01:55:42+00:00,100.19,1.0,0.0,1.0,0.0
2014-09-11 01:55:48+00:00,100.50166666666667,1.0,0.0,0.0,0.0
2014-09-11 01:55:54+00:00,100.34166666666665,1.0,0.0,1.0,0.0
2014-09-11 01:56:00+00:00,100.10333333333334,1.0,0.0,0.0,0.0
2014-09-11 01:56:06+00:00,100.12833333333333,0.0,0.0,1.0,0.0
2014-09-11 01:56:12+00:00,99.97500000000001,1.0,0.0,1.0,0.0
2014-09-11 01:56:18+00:00,100.19,1.0,0.0,1.0,0.0
2014-09-11 01:56:24+00:00,100.34833333333334,1.0,0.0,1.0,0.0
2014-09-11 01:56:30+00:00,100.31166666666667,1.0,0.0,1.0,0.0
2014-09-11 01:56:36+00:00,100.29833333333333,1.0,0.0,0.0,0.0
2014-09-11 01:56:42+00:00,100.23333333333333,0.0,0.0,1.0,0.0
2014-09-11 01:56:48+00:00,100.38,1.0,0.0,1.0,0.0
2014-09-11 01:56:54+00:00,100.27333333333333,1.0,0.0,1.0,0.0
2014-09-11 01:57:00+00:00,100.33999999999999,1.0,0.0,1.0,0.0
2014-09-11 01:57:06+00:00,100.45333333333333,1.0,0.0,0.0,0.0
2014-09-11 01:57:12+00:00,100.10333333333334,0.0,0.0,1.0,0.0
2014-09-11 01:57:18+00:00,100.20833333333333,1.0,0.0,1.0,0.0
2014-09-11 01:57:24+00:00,100.61833333333334,1.0,0.0,1.0,0.0
2014-09-11 01:57:30+00:00,100.26833333333333,1.0,0.0,1.0,0.0
2014-09-11 01:57:36+00:00,100.35833333333333,1.0,0.0,1.0,0.0
2014-09-11 01:57:42+00:00,100.575,1.0,0.0,1.0,0.0
2014-09-11 01:57:48+00:00,100.28333333333335,1.0,0.0,1.0,0.0
2014-09-11 01:57:54+00:00,100.29166666666667,1.0,0.0,1.0,0.0
2014-09-11 01:58:00+00:00,100.12333333333333,1.0,0.0,1.0,0.0
2014-09-11 01:58:06+00:00,100.175,1.0,0.0,0.0,0.0
2014-09-11 01:58:12+00:00,100.13333333333333,0.0,0.0,1.0,0.0
2014-09-11 01:58:18+00:00,100.52,1.0,0.0,1.0,0.0
2014-09-11 01:58:24+00:00,100.44833333333332,1.0,0.0,1.0,0.0
2014-09-11 01:58:30+00:00,100.34500000000001,1.0,0.0,1.0,0.0
2014-09-11 01:58:36+00:00,100.46499999999999,1.0,0.0,1.0,0.0
2014-09-11 01:58:42+00:00,100.22833333333334,1.0,0.0,0.0,0.0
2014-09-11 01:58:48+00:00,100.30166666666666,1.0,0.0,1.0,0.0
2014-09-11 01:58:54+00:00,100.94166666666666,1.0,0.0,1.0,0.0
2014-09-11 01:59:00+00:00,100.40833333333335,0.0,0.0,1.0,0.0
2014-09-11 01:59:06+00:00,100.315,1.0,0.0,1.0,0.0
2014-09-11 01:59:12+00:00,100.54333333333334,1.0,0.0,1.0,0.0
2014-09-11 01:59:18+00:00,100.54,1.0,0.0,0.0,0.0
2014-09-11 01:59:24+00:00,100.29166666666667,1.0,0.0,1.0,0.0
2014-09-11 01:59:30+00:00,100.49833333333333,0.0,0.0,1.0,0.0
2014-09-11 01:59:36+00:00,100.3,1.0,0.0,1.0,0.0
2014-09-11 01:59:42+00:00,100.18333333333334,1.0,0.0,1.0,0.0
2014-09-11 01:59:48+00:00,100.31333333333333,1.0,0.0,1.0,0.0
2014-09-11 01:59:54+00:00,100.16000000000001,1.0,0.0,1.0,0.0
2014-09-11 02:00:00+00:00,101.09833333333334,1.0,0.0,1.0,0.0
2014-09-11 02:00:06+00:00,100.99666666666667,1.0,0.0,0.0,0.0
2014-09-11 02:00:12+00:00,101.59166666666665,1.0,0.0,1.0,0.0
2014-09-11 02:00:18+00:00,101.57833333333333,0.0,0.0,1.0,0.0
2014-09-11 02:00:24+00:00,101.68,1.0,0.0,1.0,0.0
2014-09-11 02:00:30+00:00,101.32,1.0,0.0,1.0,0.0
2014-09-11 02:00:36+00:00,101.65166666666666,1.0,0.0,0.0,0.0
2014-09-11 02:00:42+00:00,101.295,1.0,0.0,1.0,0.0
2014-09-11 02:00:48+00:00,101.43166666666667,1.0,0.0,1.0,0.0
2014-09-11 02:00:54+00:00,101.25999999999999,1.0,0.0,1.0,0.0
2014-09-11 02:01:00+00:00,101.46499999999999,0.0,0.0,1.0,0.0
2014-09-11 02:01:06+00:00,101.32833333333333,1.0,0.0,1.0,0.0
2014-09-11 02:01:12+00:00,101.24,1.0,0.0,0.0,0.0
2014-09-11 02:01:18+00:00,101.47666666666667,0.0,0.0,1.0,0.0
2014-09-11 02:01:24+00:00,101.32666666666667,1.0,0.0,1.0,0.0
2014-09-11 02:01:30+00:00,101.28666666666668,1.0,0.0,1.0,0.0
2014-09-11 02:01:36+00:00,101.45666666666666,1.0,0.0,1.0,0.0
2014-09-11 02:01:42+00:00,101.38857142857144,1.0,0.0,1.0,0.0
2014-09-11 02:01:48+00:00,101.38199999999999,1.0,0.0,0.0,0.0
2014-09-11 02:01:54+00:00,101.49166666666667,1.0,0.0,1.0,0.0
2014-09-11 02:02:00+00:00,101.41000000000001,1.0,0.0,1.0,0.0
2014-09-11 02:02:06+00:00,101.3,0.0,0.0,1.0,0.0
2014-09-11 02:02:12+00:00,101.228,1.0,0.0,1.0,0.0
2014-09-11 02:02:18+00:00,101.50166666666667,1.0,0.0,1.0,0.0
2014-09-11 02:02:24+00:00,101.40333333333332,1.0,0.0,1.0,0.0
2014-09-11 02:02:30+00:00,101.565,1.0,0.0,1.0,0.0
2014-09-11 02:02:36+00:00,101.375,1.0,0.0,1.0,0.0
2014-09-11 02:02:42+00:00,101.40333333333332,1.0,0.0,0.0,0.0
2014-09-11 02:02:48+00:00,101.41714285714286,1.0,0.0,1.0,0.0
2014-09-11 02:02:54+00:00,102.03399999999999,0.0,0.0,1.0,0.0
2014-09-11 02:03:00+00:00,101.34571428571428,1.0,0.0,1.0,0.0
2014-09-11 02:03:06+00:00,102.08200000000001,1.0,0.0,1.0,0.0
2014-09-11 02:03:12+00:00,101.78999999999999,1.0,0.0,1.0,0.0
2014-09-11 02:03:18+00:00,101.84666666666668,1.0,0.0,1.0,0.0
2014-09-11 02:03:24+00:00,101.68666666666667,1.0,0.0,0.0,0.0
2014-09-11 02:03:30+00:00,101.50666666666666,1.0,0.0,1.0,0.0
2014-09-11 02:03:36+00:00,101.54,0.0,0.0,1.0,0.0
2014-09-11 02:03:42+00:00,101.38166666666666,1.0,0.0,1.0,0.0
2014-09-11 02:03:48+00:00,101.52666666666666,1.0,0.0,1.0,0.0
2014-09-11 02:03:54+00:00,101.51166666666666,1.0,0.0,1.0,0.0
2014-09-11 02:04:00+00:00,101.76833333333333,1.0,0.0,1.0,0.0
2014-09-11 02:04:06+00:00,101.46,1.0,0.0,1.0,0.0
2014-09-11 02:04:12+00:00,101.68166666666667,1.0,0.0,1.0,0.0
2014-09-11 02:04:18+00:00,101.71166666666666,1.0,0.0,1.0,0.0
2014-09-11 02:04:24+00:00,101.53666666666668,1.0,0.0,0.0,0.0
2014-09-11 02:04:30+00:00,101.46166666666666,0.0,0.0,1.0,0.0
2014-09-11 02:04:36+00:00,101.31666666666666,1.0,0.0,1.0,0.0
2014-09-11 02:04:42+00:00,101.43833333333333,1.0,0.0,0.0,0.0
2014-09-11 02:04:48+00:00,315.9816666666667,1.0,0.0,1.0,0.0
2014-09-11 02:04:54+00:00,198.15666666666667,1.0,102.0,1.0,0.0
2014-09-11 02:05:00+00:00,197.69000000000003,1.0,95.0,1.0,0.0
2014-09-11 02:05:06+00:00,195.94333333333336,1.0,93.0,1.0,0.0
2014-09-11 02:05:12+00:00,195.87333333333333,1.0,93.0,1.0,0.0
2014-09-11 02:05:18+00:00,194.81333333333336,1.0,92.0,1.0,0.0
2014-09-11 02:05:24+00:00,194.47833333333332,0.0,91.0,1.0,0.0
2014-09-11 02:05:30+00:00,194.59,1.0,92.0,1.0,0.0
2014-09-11 02:05:36+00:00,193.82500000000002,1.0,0.0,1.0,0.0
2014-09-11 02:05:42+00:00,192.57500000000002,1.0,91.0,1.0,0.0
2014-09-11 02:05:48+00:00,193.38166666666666,1.0,91.0,1.0,0.0
2014-09-11 02:05:54+00:00,194.44333333333336,1.0,91.0,0.0,0.0
2014-09-11 02:06:00+00:00,194.91,1.0,92.0,1.0,0.0
2014-09-11 02:06:06+00:00,192.07666666666668,1.0,93.0,1.0,0.0
2014-09-11 02:06:12+00:00,189.79999999999998,1.0,89.0,1.0,0.0
2014-09-11 02:06:18+00:00,188.29333333333332,1.0,88.0,1.0,0.0
2014-09-11 02:06:24+00:00,186.9,1.0,86.0,1.0,0.0
2014-09-11 02:06:30+00:00,186.67333333333332,0.0,86.0,1.0,0.0
2014-09-11 02:06:36+00:00,186.36666666666667,1.0,0.0,1.0,0.0
2014-09-11 02:06:42+00:00,186.6916666666667,1.0,85.0,1.0,0.0
2014-09-11 02:06:48+00:00,187.72,1.0,85.0,1.0,0.0
2014-09-11 02:06:54+00:00,188.8216666666667,1.0,86.0,1.0,0.0
2014-09-11 02:07:00+00:00,188.70166666666668,1.0,87.0,0.0,0.0
2014-09-11 02:07:06+00:00,189.285,1.0,87.0,1.0,0.0
2014-09-11 02:07:12+00:00,189.865,1.0,88.0,1.0,0.0
2014-09-11 02:07:18+00:00,190.42499999999998,1.0,88.0,1.0,0.0
2014-09-11 02:07:24+00:00,190.42166666666665,0.0,0.0,1.0,0.0
2014-09-11 02:07:30+00:00,191.01666666666665,1.0,89.0,1.0,0.0
2014-09-11 02:07:36+00:00,191.31166666666664,1.0,89.0,0.0,0.0
2014-09-11 02:07:42+00:00,191.31499999999997,0.0,89.0,1.0,0.0
2014-09-11 02:07:48+00:00,191.975,1.0,90.0,1.0,0.0
2014-09-11 02:07:54+00:00,192.56166666666664,1.0,90.0,1.0,0.0
2014-09-11 02:08:00+00:00,192.1966666666667,1.0,90.0,1.0,0.0
2014-09-11 02:08:06+00:00,192.59166666666667,1.0,90.0,1.0,0.0
2014-09-11 02:08:12+00:00,192.37,1.0,91.0,1.0,0.0
2014-09-11 02:08:18+00:00,192.545,1.0,0.0,1.0,0.0
2014-09-11 02:08:24+00:00,193.3066666666667,1.0,91.0,1.0,0.0
2014-09-11 02:08:30+00:00,193.51833333333335,1.0,92.0,0.0,0.0
2014-09-11 02:08:36+00:00,193.38666666666666,1.0,91.0,1.0,0.0
2014-09-11 02:08:42+00:00,193.64666666666668,1.0,91.0,1.0,0.0
2014-09-11 02:08:48+00:00,193.87333333333333,0.0,0.0,1.0,0.0
2014-09-11 02:08:54+00:00,194.18166666666664,1.0,92.0,1.0,0.0
2014-09-11 02:09:00+00:00,194.49,1.0,92.0,1.0,0.0
2014-09-11 02:09:06+00:00,194.20333333333335,1.0,92.0,0.0,0.0
2014-09-11 02:09:12+00:00,194.76666666666665,0.0,92.0,1.0,0.0
2014-09-11 02:09:18+00:00,195.23333333333335,1.0,0.0,1.0,0.0
2014-09-11 02:09:24+00:00,194.9766666666667,1.0,93.0,1.0,0.0
2014-09-11 02:09:30+00:00,195.12166666666667,1.0,92.0,1.0,0.0
2014-09-11 02:09:36+00:00,195.13833333333332,1.0,93.0,0.0,0.0
2014-09-11 02:09:42+00:00,195.59,1.0,94.0,1.0,0.0
2014-09-11 02:09:48+00:00,195.285,1.0,93.0,1.0,0.0
2014-09-11 02:09:54+00:00,195.59833333333333,1.0,93.0,1.0,0.0
2014-09-11 02:10:00+00:00,195.13833333333332,0.0,93.0,1.0,0.0
2014-09-11 02:10:06+00:00,195.71166666666667,1.0,94.0,1.0,0.0
2014-09-11 02:10:12+00:00,195.98333333333335,1.0,94.0,1.0,0.0
2014-09-11 02:10:18+00:00,195.68666666666664,1.0,0.0,1.0,0.0
2014-09-11 02:10:24+00:00,196.095,1.0,94.0,1.0,0.0
2014-09-11 02:10:30+00:00,196.045,1.0,94.0,0.0,0.0
2014-09-11 02:10:36+00:00,195.51166666666666,0.0,0.0,1.0,0.0
2014-09-11 02:10:42+00:00,195.97333333333336,1.0,93.0,1.0,0.0
2014-09-11 02:10:48+00:00,195.89666666666665,1.0,94.0,0.0,0.0
2014-09-11 02:10:54+00:00,195.96666666666667,0.0,94.0,1.0,0.0
2014-09-11 02:11:00+00:00,195.82000000000002,1.0,94.0,1.0,0.0
2014-09-11 02:11:06+00:00,195.92999999999998,1.0,94.0,1.0,0.0
2014-09-11 02:11:12+00:00,196.18833333333336,1.0,0.0,1.0,0.0
2014-09-11 02:11:18+00:00,195.71,1.0,94.0,1.0,0.0
2014-09-11 02:11:24+00:00,195.45833333333334,1.0,94.0,1.0,0.0
2014-09-11 02:11:30+00:00,195.69833333333335,1.0,93.0,1.0,0.0
2014-09-11 02:11:36+00:00,195.735,1.0,94.0,0.0,0.0
2014-09-11 02:11:42+00:00,195.4416666666667,0.0,93.0,1.0,0.0
2014-09-11 02:11:48+00:00,195.37166666666667,1.0,93.0,1.0,0.0
2014-09-11 02:11:54+00:00,194.91833333333332,1.0,0.0,1.0,0.0
2014-09-11 02:12:00+00:00,195.35,1.0,92.0,0.0,0.0
2014-09-11 02:12:06+00:00,194.71666666666667,0.0,93.0,1.0,0.0
2014-09-11 02:12:12+00:00,194.97833333333332,1.0,93.0,1.0,0.0
2014-09-11 02:12:18+00:00,195.09166666666667,1.0,0.0,1.0,0.0
2014-09-11 02:12:24+00:00,194.94500000000002,1.0,93.0,1.0,0.0
2014-09-11 02:12:30+00:00,194.9283333333333,1.0,93.0,0.0,0.0
2014-09-11 02:12:36+00:00,194.61666666666667,0.0,92.0,1.0,0.0
2014-09-11 02:12:42+00:00,194.62333333333333,1.0,93.0,1.0,0.0
2014-09-11 02:12:48+00:00,193.66666666666666,1.0,0.0,1.0,0.0
2014-09-11 02:12:54+00:00,193.86333333333334,1.0,92.0,1.0,0.0
2014-09-11 02:13:00+00:00,193.98333333333332,1.0,92.0,1.0,0.0
2014-09-11 02:13:06+00:00,194.79333333333332,0.0,93.0,0.0,0.0
2014-09-11 02:13:12+00:00,193.63666666666666,1.0,91.0,1.0,0.0
2014-09-11 02:13:18+00:00,193.19333333333336,1.0,0.0,1.0,0.0
2014-09-11 02:13:24+00:00,193.33,1.0,91.0,1.0,0.0
2014-09-11 02:13:30+00:00,193.03833333333333,1.0,92.0,0.0,0.0
2014-09-11 02:13:36+00:00,192.84666666666666,0.0,91.0,1.0,0.0
2014-09-11 02:13:42+00:00,192.76999999999998,1.0,91.0,1.0,0.0
2014-09-11 02:13:48+00:00,193.0666666666667,1.0,91.0,1.0,0.0
2014-09-11 02:13:54+00:00,192.63833333333332,1.0,0.0,1.0,0.0
2014-09-11 02:14:00+00:00,192.5,1.0,91.0,1.0,0.0
2014-09-11 02:14:06+00:00,192.525,1.0,130.0,0.0,0.0
2014-09-11 02:14:12+00:00,192.38333333333333,1.0,91.0,1.0,0.0
2014-09-11 02:14:18+00:00,192.50166666666667,0.0,0.0,1.0,0.0
2014-09-11 02:14:24+00:00,192.13333333333333,1.0,91.0,1.0,0.0
2014-09-11 02:14:30+00:00,192.22166666666666,1.0,90.0,1.0,0.0
2014-09-11 02:14:36+00:00,191.95166666666668,1.0,91.0,1.0,0.0
2014-09-11 02:14:42+00:00,192.1833333333333,1.0,91.0,1.0,0.0
2014-09-11 02:14:48+00:00,191.89333333333332,1.0,90.0,0.0,0.0
2014-09-11 02:14:54+00:00,192.25333333333333,0.0,90.0,1.0,0.0
2014-09-11 02:15:00+00:00,192.02666666666667,1.0,91.0,1.0,0.0
2014-09-11 02:15:06+00:00,192.465,1.0,0.0,1.0,0.0
2014-09-11 02:15:12+00:00,191.85333333333332,1.0,90.0,1.0,0.0
2014-09-11 02:15:18+00:00,191.93833333333336,1.0,90.0,1.0,0.0
2014-09-11 02:15:24+00:00,192.535,1.0,90.0,0.0,0.0
2014-09-11 02:15:30+00:00,192.09833333333333,1.0,91.0,1.0,0.0
2014-09-11 02:15:36+00:00,192.44333333333336,0.0,91.0,1.0,0.0
2014-09-11 02:15:42+00:00,192.28666666666666,1.0,0.0,1.0,0.0
2014-09-11 02:15:48+00:00,191.75833333333333,1.0,91.0,1.0,0.0
2014-09-11 02:15:54+00:00,192.22333333333333,1.0,90.0,1.0,0.0
2014-09-11 02:16:00+00:00,192.08,1.0,90.0,0.0,0.0
2014-09-11 02:16:06+00:00,191.85666666666665,1.0,90.0,1.0,0.0
2014-09-11 02:16:12+00:00,192.1783333333333,0.0,0.0,1.0,0.0
2014-09-11 02:16:18+00:00,192.51166666666666,1.0,91.0,1.0,0.0
2014-09-11 02:16:24+00:00,192.47333333333336,1.0,90.0,1.0,0.0
2014-09-11 02:16:30+00:00,192.29333333333332,1.0,91.0,0.0,0.0
2014-09-11 02:16:36+00:00,192.22833333333332,0.0,91.0,1.0,0.0
2014-09-11 02:16:42+00:00,192.25166666666667,1.0,0.0,1.0,0.0
2014-09-11 02:16:48+00:00,192.34,1.0,90.0,1.0,0.0
2014-09-11 02:16:54+00:00,192.1833333333333,1.0,90.0,0.0,0.0
2014-09-11 02:17:00+00:00,191.92999999999998,0.0,0.0,1.0,0.0
2014-09-11 02:17:06+00:00,192.5716666666667,1.0,90.0,1.0,0.0
2014-09-11 02:17:12+00:00,192.625,1.0,90.0,0.0,0.0
2014-09-11 02:17:18+00:00,192.29166666666666,1.0,90.0,1.0,0.0
2014-09-11 02:17:24+00:00,192.6833333333333,0.0,90.0,1.0,0.0
2014-09-11 02:17:30+00:00,192.39333333333335,1.0,0.0,1.0,0.0
2014-09-11 02:17:36+00:00,192.57666666666668,1.0,91.0,1.0,0.0
2014-09-11 02:17:42+00:00,191.87333333333333,1.0,91.0,1.0,0.0
2014-09-11 02:17:48+00:00,192.415,1.0,90.0,1.0,0.0
2014-09-11 02:17:54+00:00,192.035,1.0,90.0,0.0,0.0
2014-09-11 02:18:00+00:00,192.25333333333333,0.0,90.0,1.0,0.0
2014-09-11 02:18:06+00:00,192.30166666666665,1.0,0.0,1.0,0.0
2014-09-11 02:18:12+00:00,192.54666666666665,1.0,91.0,1.0,0.0
2014-09-11 02:18:18+00:00,192.35500000000002,1.0,91.0,0.0,0.0
2014-09-11 02:18:24+00:00,192.11333333333334,0.0,91.0,1.0,0.0
2014-09-11 02:18:30+00:00,192.21333333333334,1.0,90.0,1.0,0.0
2014-09-11 02:18:36+00:00,192.36,1.0,91.0,1.0,0.0
2014-09-11 02:18:42+00:00,192.41166666666666,1.0,90.0,1.0,0.0
2014-09-11 02:18:48+00:00,192.6916666666667,1.0,0.0,1.0,0.0
2014-09-11 02:18:54+00:00,192.52666666666667,1.0,90.0,1.0,0.0
2014-09-11 02:19:00+00:00,192.58833333333334,1.0,91.0,0.0,0.0
2014-09-11 02:19:06+00:00,192.52666666666667,0.0,91.0,1.0,0.0
2014-09-11 02:19:12+00:00,192.705,1.0,91.0,1.0,0.0
2014-09-11 02:19:18+00:00,192.08,1.0,0.0,1.0,0.0
2014-09-11 02:19:24+00:00,192.46,1.0,90.0,1.0,0.0
2014-09-11 02:19:30+00:00,192.33833333333334,1.0,90.0,0.0,0.0
2014-09-11 02:19:36+00:00,192.59166666666667,0.0,91.0,1.0,0.0
2014-09-11 02:19:42+00:00,192.48833333333334,1.0,0.0,1.0,0.0
2014-09-11 02:19:48+00:00,192.40333333333334,1.0,91.0,0.0,0.0
2014-09-11 02:19:54+00:00,192.42499999999998,1.0,90.0,1.0,0.0
2014-09-11 02:20:00+00:00,192.15333333333334,1.0,90.0,0.0,0.0
2014-09-11 02:20:06+00:00,192.43500000000003,0.0,0.0,1.0,0.0
2014-09-11 02:20:12+00:00,192.38833333333332,1.0,91.0,1.0,0.0
2014-09-11 02:20:18+00:00,192.32500000000002,1.0,90.0,0.0,0.0
2014-09-11 02:20:24+00:00,192.72833333333332,0.0,90.0,1.0,0.0
2014-09-11 02:20:30+00:00,192.375,1.0,91.0,1.0,0.0
2014-09-11 02:20:36+00:00,193.01666666666665,1.0,0.0,1.0,0.0
2014-09-11 02:20:42+00:00,192.61,1.0,91.0,1.0,0.0
2014-09-11 02:20:48+00:00,192.55499999999998,1.0,90.0,1.0,0.0
2014-09-11 02:20:54+00:00,192.65666666666667,1.0,91.0,1.0,0.0
2014-09-11 02:21:00+00:00,192.32333333333335,1.0,91.0,0.0,0.0
2014-09-11 02:21:06+00:00,192.22166666666666,1.0,90.0,1.0,0.0
2014-09-11 02:21:12+00:00,192.79,1.0,90.0,1.0,0.0
2014-09-11 02:21:18+00:00,192.9333333333333,1.0,91.0,1.0,0.0
2014-09-11 02:21:24+00:00,192.62166666666667,0.0,91.0,1.0,0.0
2014-09-11 02:21:30+00:00,192.55166666666665,1.0,0.0,1.0,0.0
2014-09-11 02:21:36+00:00,192.63666666666666,1.0,90.0,1.0,0.0
2014-09-11 02:21:42+00:00,192.47833333333335,1.0,91.0,1.0,0.0
2014-09-11 02:21:48+00:00,192.59833333333333,1.0,91.0,1.0,0.0
2014-09-11 02:21:54+00:00,192.3166666666667,1.0,90.0,0.0,0.0
2014-09-11 02:22:00+00:00,192.20333333333335,0.0,91.0,1.0,0.0
2014-09-11 02:22:06+00:00,192.73333333333335,1.0,0.0,1.0,0.0
2014-09-11 02:22:12+00:00,192.86166666666668,1.0,91.0,1.0,0.0
2014-09-11 02:22:18+00:00,193.01,1.0,91.0,1.0,0.0
2014-09-11 02:22:24+00:00,193.0666666666667,1.0,91.0,1.0,0.0
2014-09-11 02:22:30+00:00,192.89833333333334,1.0,91.0,0.0,0.0
2014-09-11 02:22:36+00:00,192.79333333333332,0.0,0.0,1.0,0.0
2014-09-11 02:22:42+00:00,192.69833333333335,1.0,91.0,1.0,0.0
2014-09-11 02:22:48+00:00,192.5,1.0,90.0,1.0,0.0
2014-09-11 02:22:54+00:00,192.6783333333333,1.0,91.0,1.0,0.0
2014-09-11 02:23:00+00:00,192.66333333333333,0.0,92.0,0.0,0.0
2014-09-11 02:23:06+00:00,192.86166666666668,1.0,91.0,1.0,0.0
2014-09-11 02:23:12+00:00,192.82666666666668,1.0,0.0,1.0,0.0
2014-09-11 02:23:18+00:00,192.79999999999998,1.0,91.0,1.0,0.0
2014-09-11 02:23:24+00:00,193.12666666666667,1.0,91.0,0.0,0.0
2014-09-11 02:23:30+00:00,192.56166666666664,0.0,0.0,1.0,0.0
2014-09-11 02:23:36+00:00,192.635,1.0,91.0,1.0,0.0
2014-09-11 02:23:42+00:00,192.715,1.0,182.0,0.0,0.0
2014-09-11 02:23:48+00:00,192.84166666666667,1.0,91.0,1.0,0.0
2014-09-11 02:23:54+00:00,192.415,1.0,91.0,1.0,0.0
2014-09-11 02:24:00+00:00,193.01166666666666,1.0,91.0,1.0,0.0
2014-09-11 02:24:06+00:00,192.68166666666664,0.0,0.0,1.0,0.0
2014-09-11 02:24:12+00:00,193.41666666666666,1.0,91.0,1.0,0.0
2014-09-11 02:24:18+00:00,193.18666666666664,1.0,91.0,1.0,0.0
2014-09-11 02:24:24+00:00,192.49666666666667,1.0,90.0,0.0,0.0
2014-09-11 02:24:30+00:00,193.17666666666665,1.0,91.0,1.0,0.0
2014-09-11 02:24:36+00:00,192.80499999999998,0.0,91.0,1.0,0.0
2014-09-11 02:24:42+00:00,193.17666666666665,1.0,0.0,1.0,0.0
2014-09-11 02:24:48+00:00,193.26999999999998,1.0,91.0,1.0,0.0
2014-09-11 02:24:54+00:00,193.1483333333333,1.0,91.0,1.0,0.0
2014-09-11 02:25:00+00:00,193.6833333333333,1.0,91.0,1.0,0.0
2014-09-11 02:25:06+00:00,193.245,1.0,91.0,0.0,0.0
2014-09-11 02:25:12+00:00,193.23000000000002,1.0,91.0,1.0,0.0
2014-09-11 02:25:18+00:00,192.90833333333333,0.0,0.0,1.0,0.0
2014-09-11 02:25:24+00:00,192.72166666666666,1.0,92.0,1.0,0.0
2014-09-11 02:25:30+00:00,192.86333333333334,1.0,91.0,0.0,0.0
2014-09-11 02:25:36+00:00,193.24333333333334,1.0,91.0,1.0,0.0
2014-09-11 02:25:42+00:00,193.20666666666668,1.0,91.0,1.0,0.0
2014-09-11 02:25:48+00:00,193.03333333333333,1.0,91.0,1.0,0.0
2014-09-11 02:25:54+00:00,192.95000000000002,0.0,91.0,1.0,0.0
2014-09-11 02:26:00+00:00,192.712,1.0,91.0,1.0,0.0
2014-09-11 02:26:06+00:00,193.2057142857143,1.0,0.0,1.0,0.0
2014-09-11 02:26:12+00:00,192.98833333333334,1.0,90.0,1.0,0.0
2014-09-11 02:26:18+00:00,193.29,1.0,91.0,0.0,0.0
2014-09-11 02:26:24+00:00,193.37166666666667,1.0,91.0,1.0,0.0
2014-09-11 02:26:30+00:00,193.14833333333334,0.0,91.0,1.0,0.0
2014-09-11 02:26:36+00:00,193.27166666666665,1.0,0.0,1.0,0.0
2014-09-11 02:26:42+00:00,192.885,1.0,91.0,0.0,0.0
2014-09-11 02:26:48+00:00,193.46333333333334,1.0,91.0,1.0,0.0
2014-09-11 02:26:54+00:00,193.11833333333334,0.0,91.0,1.0,0.0
2014-09-11 02:27:00+00:00,193.37833333333333,1.0,91.0,1.0,0.0
2014-09-11 02:27:06+00:00,192.57000000000002,1.0,0.0,1.0,0.0
2014-09-11 02:27:12+00:00,193.62,1.0,91.0,1.0,0.0
2014-09-11 02:27:18+00:00,192.74166666666667,1.0,91.0,0.0,0.0
2014-09-11 02:27:24+00:00,193.09833333333333,0.0,91.0,1.0,0.0
2014-09-11 02:27:30+00:00,193.06000000000003,1.0,92.0,1.0,0.0
2014-09-11 02:27:36+00:00,192.96,1.0,0.0,1.0,0.0
2014-09-11 02:27:42+00:00,192.97333333333333,1.0,91.0,1.0,0.0
2014-09-11 02:27:48+00:00,193.13,1.0,91.0,1.0,0.0
2014-09-11 02:27:54+00:00,193.205,1.0,91.0,0.0,0.0
2014-09-11 02:28:00+00:00,193.1783333333333,1.0,91.0,1.0,0.0
2014-09-11 02:28:06+00:00,193.69500000000002,0.0,92.0,1.0,0.0
2014-09-11 02:28:12+00:00,193.535,1.0,0.0,1.0,0.0
2014-09-11 02:28:18+00:00,194.595,1.0,91.0,1.0,0.0
2014-09-11 02:28:24+00:00,194.45833333333334,1.0,92.0,0.0,0.0
2014-09-11 02:28:30+00:00,195.34833333333333,1.0,93.0,1.0,0.0
2014-09-11 02:28:36+00:00,195.65833333333333,0.0,0.0,1.0,0.0
2014-09-11 02:28:42+00:00,195.1833333333333,1.0,94.0,1.0,0.0
2014-09-11 02:28:48+00:00,195.03333333333333,1.0,93.0,0.0,0.0
2014-09-11 02:28:54+00:00,194.59833333333333,0.0,93.0,1.0,0.0
2014-09-11 02:29:00+00:00,194.585,1.0,0.0,1.0,0.0
2014-09-11 02:29:06+00:00,194.385,1.0,93.0,1.0,0.0
2014-09-11 02:29:12+00:00,194.38333333333333,1.0,92.0,1.0,0.0
2014-09-11 02:29:18+00:00,193.69500000000002,1.0,93.0,0.0,0.0
2014-09-11 02:29:24+00:00,193.395,0.0,92.0,1.0,0.0
2014-09-11 02:29:30+00:00,192.94833333333335,1.0,91.0,1.0,0.0
2014-09-11 02:29:36+00:00,192.83166666666668,1.0,0.0,1.0,0.0
2014-09-11 02:29:42+00:00,192.94000000000003,1.0,91.0,1.0,0.0
2014-09-11 02:29:48+00:00,191.57333333333335,1.0,90.0,1.0,0.0
2014-09-11 02:29:54+00:00,191.665,1.0,90.0,1.0,0.0
2014-09-11 02:30:00+00:00,191.51333333333332,1.0,89.0,1.0,0.0
2014-09-11 02:30:06+00:00,191.13833333333332,1.0,89.0,0.0,0.0
2014-09-11 02:30:12+00:00,191.01,0.0,88.0,1.0,0.0
2014-09-11 02:30:18+00:00,190.72333333333333,1.0,89.0,1.0,0.0
2014-09-11 02:30:24+00:00,189.91166666666666,1.0,0.0,1.0,0.0
2014-09-11 02:30:30+00:00,189.93666666666664,1.0,88.0,0.0,0.0
2014-09-11 02:30:36+00:00,189.75166666666667,1.0,89.0,1.0,0.0
2014-09-11 02:30:42+00:00,189.5616666666667,1.0,88.0,1.0,0.0
2014-09-11 02:30:48+00:00,189.39666666666665,1.0,88.0,1.0,0.0
2014-09-11 02:30:54+00:00,189.3516666666667,0.0,88.0,1.0,0.0
2014-09-11 02:31:00+00:00,188.75166666666667,1.0,87.0,1.0,0.0
2014-09-11 02:31:06+00:00,188.73166666666668,0.0,0.0,1.0,0.0
2014-09-11 02:31:12+00:00,188.99,1.0,88.0,1.0,0.0
2014-09-11 02:31:18+00:00,188.47333333333333,1.0,87.0,1.0,0.0
2014-09-11 02:31:24+00:00,188.34666666666666,1.0,87.0,0.0,0.0
2014-09-11 02:31:30+00:00,188.225,1.0,87.0,1.0,0.0
2014-09-11 02:31:36+00:00,188.60666666666665,1.0,87.0,1.0,0.0
2014-09-11 02:31:42+00:00,188.51333333333332,0.0,87.0,1.0,0.0
2014-09-11 02:31:48+00:00,187.79999999999998,1.0,0.0,1.0,0.0
2014-09-11 02:31:54+00:00,187.58166666666668,1.0,86.0,1.0,0.0
2014-09-11 02:32:00+00:00,187.87666666666667,1.0,86.0,1.0,0.0
2014-09-11 02:32:06+00:00,187.75166666666667,1.0,86.0,1.0,0.0
2014-09-11 02:32:12+00:00,187.59,1.0,86.0,0.0,0.0
2014-09-11 02:32:18+00:00,187.48666666666668,1.0,86.0,1.0,0.0
2014-09-11 02:32:24+00:00,187.32666666666668,1.0,85.0,1.0,0.0
2014-09-11 02:32:30+00:00,187.155,1.0,85.0,0.0,0.0
2014-09-11 02:32:36+00:00,186.76166666666666,1.0,86.0,1.0,0.0
2014-09-11 02:32:42+00:00,187.32666666666668,1.0,85.0,1.0,0.0
2014-09-11 02:32:48+00:00,187.00833333333333,0.0,0.0,1.0,0.0
2014-09-11 02:32:54+00:00,186.965,1.0,85.0,1.0,0.0
2014-09-11 02:33:00+00:00,187.06333333333336,1.0,85.0,0.0,0.0
2014-09-11 02:33:06+00:00,186.65333333333334,1.0,85.0,1.0,0.0
2014-09-11 02:33:12+00:00,186.985,0.0,0.0,1.0,0.0
2014-09-11 02:33:18+00:00,186.39333333333332,1.0,85.0,1.0,0.0
2014-09-11 02:33:24+00:00,186.43166666666664,1.0,84.0,1.0,0.0
2014-09-11 02:33:30+00:00,186.15666666666667,1.0,85.0,0.0,0.0
2014-09-11 02:33:36+00:00,186.42666666666665,0.0,85.0,1.0,0.0
2014-09-11 02:33:42+00:00,186.0,1.0,86.0,1.0,0.0
2014-09-11 02:33:48+00:00,186.15166666666667,1.0,0.0,1.0,0.0
2014-09-11 02:33:54+00:00,186.05999999999997,1.0,84.0,1.0,0.0
2014-09-11 02:34:00+00:00,108.17666666666668,1.0,84.0,0.0,0.0
2014-09-11 02:34:06+00:00,100.58833333333332,1.0,0.0,1.0,0.0
2014-09-11 02:34:12+00:00,100.49666666666667,0.0,0.0,1.0,0.0
2014-09-11 02:34:18+00:00,100.62166666666667,1.0,0.0,1.0,0.0
2014-09-11 02:34:24+00:00,100.73,1.0,0.0,1.0,0.0
2014-09-11 02:34:30+00:00,100.44833333333334,1.0,0.0,0.0,0.0
2014-09-11 02:34:36+00:00,100.59333333333332,1.0,0.0,1.0,0.0
2014-09-11 02:34:42+00:00,100.34833333333334,0.0,0.0,1.0,0.0
2014-09-11 02:34:48+00:00,100.44,1.0,0.0,1.0,0.0
2014-09-11 02:34:54+00:00,100.765,1.0,0.0,1.0,0.0
2014-09-11 02:35:00+00:00,100.59833333333334,1.0,0.0,0.0,0.0
2014-09-11 02:35:06+00:00,100.46499999999999,0.0,0.0,1.0,0.0
2014-09-11 02:35:12+00:00,100.07,1.0,0.0,1.0,0.0
2014-09-11 02:35:18+00:00,100.03666666666668,1.0,0.0,1.0,0.0
2014-09-11 02:35:24+00:00,100.045,1.0,0.0,1.0,0.0
2014-09-11 02:35:30+00:00,100.05666666666667,1.0,0.0,1.0,0.0
2014-09-11 02:35:36+00:00,100.06,1.0,0.0,1.0,0.0
2014-09-11 02:35:42+00:00,100.06,1.0,0.0,0.0,0.0
2014-09-11 02:35:48+00:00,100.11333333333333,1.0,0.0,1.0,0.0
2014-09-11 02:35:54+00:00,100.25,1.0,0.0,1.0,0.0
2014-09-11 02:36:00+00:00,100.51166666666666,0.0,0.0,1.0,0.0
2014-09-11 02:36:06+00:00,100.52333333333333,1.0,0.0,1.0,0.0
2014-09-11 02:36:12+00:00,100.39666666666666,1.0,0.0,1.0,0.0
2014-09-11 02:36:18+00:00,100.21666666666665,1.0,0.0,1.0,0.0
2014-09-11 02:36:24+00:00,100.58166666666666,1.0,0.0,1.0,0.0
2014-09-11 02:36:30+00:00,100.40500000000002,1.0,0.0,0.0,0.0
2014-09-11 02:36:36+00:00,100.21833333333335,1.0,0.0,1.0,0.0
2014-09-11 02:36:42+00:00,100.16166666666668,0.0,0.0,1.0,0.0
2014-09-11 02:36:48+00:00,100.37333333333333,1.0,0.0,1.0,0.0
2014-09-11 02:36:54+00:00,100.32000000000001,1.0,0.0,1.0,0.0
2014-09-11 02:37:00+00:00,100.235,1.0,0.0,1.0,0.0
2014-09-11 02:37:06+00:00,100.255,1.0,0.0,1.0,0.0
2014-09-11 02:37:12+00:00,100.105,1.0,0.0,1.0,0.0
2014-09-11 02:37:18+00:00,100.31333333333333,1.0,0.0,1.0,0.0
2014-09-11 02:37:24+00:00,100.07,1.0,0.0,0.0,0.0
2014-09-11 02:37:30+00:00,100.16000000000001,0.0,0.0,1.0,0.0
2014-09-11 02:37:36+00:00,100.16666666666667,1.0,0.0,1.0,0.0
2014-09-11 02:37:42+00:00,100.085,1.0,0.0,1.0,0.0
2014-09-11 02:37:48+00:00,100.22000000000001,1.0,0.0,1.0,0.0
2014-09-11 02:37:54+00:00,100.435,1.0,0.0,1.0,0.0
2014-09-11 02:38:00+00:00,100.52666666666666,1.0,0.0,1.0,0.0
2014-09-11 02:38:06+00:00,100.91666666666667,1.0,0.0,1.0,0.0
2014-09-11 02:38:12+00:00,100.87166666666667,1.0,0.0,1.0,0.0
2014-09-11 02:38:18+00:00,100.60166666666667,1.0,0.0,0.0,0.0
2014-09-11 02:38:24+00:00,100.53666666666668,0.0,0.0,1.0,0.0
2014-09-11 02:38:30+00:00,100.68166666666667,1.0,0.0,1.0,0.0
2014-09-11 02:38:36+00:00,100.56666666666666,1.0,0.0,1.0,0.0
2014-09-11 02:38:42+00:00,100.435,1.0,0.0,0.0,0.0
2014-09-11 02:38:48+00:00,100.39,1.0,0.0,1.0,0.0
2014-09-11 02:38:54+00:00,100.13,0.0,0.0,1.0,0.0
2014-09-11 02:39:00+00:00,100.61500000000001,1.0,0.0,1.0,0.0
2014-09-11 02:39:06+00:00,101.12333333333333,1.0,0.0,0.0,0.0
2014-09-11 02:39:12+00:00,100.675,1.0,0.0,1.0,0.0
2014-09-11 02:39:18+00:00,100.65500000000002,1.0,0.0,1.0,0.0
2014-09-11 02:39:24+00:00,100.71333333333332,0.0,0.0,1.0,0.0
2014-09-11 02:39:30+00:00,100.60166666666667,1.0,0.0,1.0,0.0
2014-09-11 02:39:36+00:00,100.5,1.0,0.0,1.0,0.0
2014-09-11 02:39:42+00:00,100.85833333333333,1.0,0.0,1.0,0.0
2014-09-11 02:39:48+00:00,101.00999999999999,1.0,0.0,0.0,0.0
2014-09-11 02:39:54+00:00,100.96,0.0,0.0,1.0,0.0
2014-09-11 02:40:00+00:00,100.70833333333333,1.0,0.0,1.0,0.0
2014-09-11 02:40:06+00:00,100.505,1.0,0.0,1.0,0.0
2014-09-11 02:40:12+00:00,100.875,1.0,0.0,1.0,0.0
2014-09-11 02:40:18+00:00,100.88333333333333,1.0,0.0,1.0,0.0
2014-09-11 02:40:24+00:00,100.70166666666667,1.0,0.0,0.0,0.0
2014-09-11 02:40:30+00:00,100.77499999999999,0.0,0.0,1.0,0.0
2014-09-11 02:40:36+00:00,100.53666666666668,1.0,0.0,1.0,0.0
2014-09-11 02:40:42+00:00,100.42666666666666,1.0,0.0,1.0,0.0
2014-09-11 02:40:48+00:00,100.82333333333334,1.0,0.0,1.0,0.0
2014-09-11 02:40:54+00:00,100.89333333333333,1.0,0.0,1.0,0.0
2014-09-11 02:41:00+00:00,100.73666666666666,1.0,0.0,0.0,0.0
2014-09-11 02:41:06+00:00,100.82666666666667,0.0,0.0,1.0,0.0
2014-09-11 02:41:12+00:00,101.14333333333333,1.0,0.0,1.0,0.0
2014-09-11 02:41:18+00:00,100.77333333333333,1.0,0.0,1.0,0.0
2014-09-11 02:41:24+00:00,101.11333333333333,1.0,0.0,1.0,0.0
2014-09-11 02:41:30+00:00,100.79833333333333,1.0,0.0,1.0,0.0
2014-09-11 02:41:36+00:00,101.105,1.0,0.0,1.0,0.0
2014-09-11 02:41:42+00:00,100.62666666666667,1.0,0.0,1.0,0.0
2014-09-11 02:41:48+00:00,100.75333333333333,1.0,0.0,0.0,0.0
2014-09-11 02:41:54+00:00,100.54,1.0,0.0,1.0,0.0
2014-09-11 02:42:00+00:00,100.88,0.0,0.0,1.0,0.0
2014-09-11 02:42:06+00:00,101.03500000000001,1.0,0.0,1.0,0.0
2014-09-11 02:42:12+00:00,100.52833333333335,1.0,0.0,1.0,0.0
2014-09-11 02:42:18+00:00,100.85666666666667,1.0,0.0,1.0,0.0
2014-09-11 02:42:24+00:00,100.62166666666667,1.0,0.0,0.0,0.0
2014-09-11 02:42:30+00:00,100.54666666666667,0.0,0.0,1.0,0.0
2014-09-11 02:42:36+00:00,100.91333333333334,1.0,0.0,1.0,0.0
2014-09-11 02:42:42+00:00,100.67333333333333,1.0,0.0,1.0,0.0
2014-09-11 02:42:48+00:00,100.835,1.0,0.0,1.0,0.0
2014-09-11 02:42:54+00:00,100.43333333333334,1.0,0.0,0.0,0.0
2014-09-11 02:43:00+00:00,100.53500000000001,1.0,0.0,1.0,0.0
2014-09-11 02:43:06+00:00,100.63666666666667,1.0,0.0,1.0,0.0
2014-09-11 02:43:12+00:00,100.63166666666666,1.0,0.0,1.0,0.0
2014-09-11 02:43:18+00:00,100.59666666666668,1.0,0.0,1.0,0.0
2014-09-11 02:43:24+00:00,100.94666666666667,1.0,0.0,1.0,0.0
2014-09-11 02:43:30+00:00,100.7,0.0,0.0,1.0,0.0
2014-09-11 02:43:36+00:00,100.59666666666668,1.0,0.0,1.0,0.0
2014-09-11 02:43:42+00:00,100.70333333333333,1.0,0.0,1.0,0.0
2014-09-11 02:43:48+00:00,100.35833333333333,1.0,0.0,1.0,0.0
2014-09-11 02:43:54+00:00,100.72500000000001,1.0,0.0,0.0,0.0
2014-09-11 02:44:00+00:00,100.69166666666666,1.0,0.0,1.0,0.0
2014-09-11 02:44:06+00:00,100.54833333333333,0.0,0.0,1.0,0.0
2014-09-11 02:44:12+00:00,100.56166666666667,1.0,0.0,1.0,0.0
2014-09-11 02:44:18+00:00,100.435,1.0,0.0,1.0,0.0
2014-09-11 02:44:24+00:00,100.62833333333333,1.0,0.0,1.0,0.0
2014-09-11 02:44:30+00:00,100.8,1.0,0.0,1.0,0.0
2014-09-11 02:44:36+00:00,100.63333333333333,1.0,0.0,1.0,0.0
2014-09-11 02:44:42+00:00,100.65833333333335,1.0,0.0,1.0,0.0
2014-09-11 02:44:48+00:00,100.35166666666667,1.0,0.0,0.0,0.0
2014-09-11 02:44:54+00:00,100.78166666666668,0.0,0.0,1.0,0.0
2014-09-11 02:45:00+00:00,100.98833333333333,1.0,0.0,1.0,0.0
2014-09-11 02:45:06+00:00,101.22666666666667,1.0,0.0,1.0,0.0
2014-09-11 02:45:12+00:00,100.86166666666666,1.0,0.0,0.0,0.0
2014-09-11 02:45:18+00:00,100.61,0.0,0.0,1.0,0.0
2014-09-11 02:45:24+00:00,100.40833333333335,1.0,0.0,1.0,0.0
2014-09-11 02:45:30+00:00,100.60666666666667,1.0,0.0,1.0,0.0
2014-09-11 02:45:36+00:00,100.63333333333333,1.0,0.0,0.0,0.0
2014-09-11 02:45:42+00:00,100.625,1.0,0.0,1.0,0.0
2014-09-11 02:45:48+00:00,100.50166666666667,0.0,0.0,1.0,0.0
2014-09-11 02:45:54+00:00,100.83833333333332,1.0,0.0,1.0,0.0
2014-09-11 02:46:00+00:00,100.67833333333333,1.0,0.0,1.0,0.0
2014-09-11 02:46:06+00:00,100.14666666666666,1.0,0.0,1.0,0.0
2014-09-11 02:46:12+00:00,100.32166666666667,1.0,0.0,1.0,0.0
2014-09-11 02:46:18+00:00,100.16833333333334,1.0,0.0,0.0,0.0
2014-09-11 02:46:24+00:00,100.35833333333333,1.0,0.0,1.0,0.0
2014-09-11 02:46:30+00:00,100.29666666666667,0.0,0.0,1.0,0.0
2014-09-11 02:46:36+00:00,100.60833333333333,1.0,0.0,1.0,0.0
2014-09-11 02:46:42+00:00,100.52833333333332,1.0,0.0,1.0,0.0
2014-09-11 02:46:48+00:00,100.78500000000001,1.0,0.0,1.0,0.0
2014-09-11 02:46:54+00:00,100.36166666666668,1.0,0.0,1.0,0.0
2014-09-11 02:47:00+00:00,100.25666666666666,2.0,0.0,0.0,0.0
2014-09-11 02:47:06+00:00,100.34833333333334,1.0,0.0,1.0,0.0
2014-09-11 02:47:12+00:00,100.36333333333333,1.0,0.0,1.0,0.0
2014-09-11 02:47:18+00:00,100.315,1.0,0.0,1.0,0.0
2014-09-11 02:47:24+00:00,100.33,1.0,0.0,1.0,0.0
2014-09-11 02:47:30+00:00,100.175,0.0,0.0,1.0,0.0
2014-09-11 02:47:36+00:00,100.16166666666668,1.0,0.0,1.0,0.0
2014-09-11 02:47:42+00:00,100.325,1.0,0.0,1.0,0.0
2014-09-11 02:47:48+00:00,100.565,1.0,0.0,1.0,0.0
2014-09-11 02:47:54+00:00,100.165,1.0,0.0,0.0,0.0
2014-09-11 02:48:00+00:00,99.99333333333334,0.0,0.0,1.0,0.0
2014-09-11 02:48:06+00:00,100.54,1.0,0.0,1.0,0.0
2014-09-11 02:48:12+00:00,100.32166666666666,1.0,0.0,1.0,0.0
2014-09-11 02:48:18+00:00,100.175,1.0,0.0,1.0,0.0
2014-09-11 02:48:24+00:00,99.95,1.0,0.0,1.0,0.0
2014-09-11 02:48:30+00:00,100.00999999999999,1.0,0.0,1.0,0.0
2014-09-11 02:48:36+00:00,99.97142857142856,1.0,0.0,1.0,0.0
2014-09-11 02:48:42+00:00,100.024,1.0,0.0,0.0,0.0
2014-09-11 02:48:48+00:00,99.73142857142857,1.0,0.0,1.0,0.0
2014-09-11 02:48:54+00:00,99.64,1.0,0.0,1.0,0.0
2014-09-11 02:49:00+00:00,99.62833333333333,1.0,0.0,1.0,0.0
2014-09-11 02:49:06+00:00,100.00166666666667,0.0,0.0,1.0,0.0
2014-09-11 02:49:12+00:00,99.57,1.0,0.0,1.0,0.0
2014-09-11 02:49:18+00:00,99.81333333333333,1.0,0.0,0.0,0.0
2014-09-11 02:49:24+00:00,99.86666666666667,0.0,0.0,1.0,0.0
2014-09-11 02:49:30+00:00,99.69833333333334,1.0,0.0,1.0,0.0
2014-09-11 02:49:36+00:00,99.87166666666667,1.0,0.0,1.0,0.0
2014-09-11 02:49:42+00:00,99.67333333333333,1.0,0.0,1.0,0.0
2014-09-11 02:49:48+00:00,99.875,1.0,0.0,1.0,0.0
2014-09-11 02:49:54+00:00,99.81833333333334,1.0,0.0,0.0,0.0
2014-09-11 02:50:00+00:00,99.79,1.0,0.0,1.0,0.0
2014-09-11 02:50:06+00:00,99.41333333333334,1.0,0.0,1.0,0.0
2014-09-11 02:50:12+00:00,99.77333333333333,1.0,0.0,1.0,0.0
2014-09-11 02:50:18+00:00,100.05666666666667,0.0,0.0,1.0,0.0
2014-09-11 02:50:24+00:00,99.80166666666668,1.0,0.0,1.0,0.0
2014-09-11 02:50:30+00:00,99.64999999999999,1.0,0.0,1.0,0.0
2014-09-11 02:50:36+00:00,99.88666666666666,1.0,0.0,1.0,0.0
2014-09-11 02:50:42+00:00,100.26833333333333,1.0,0.0,0.0,0.0
2014-09-11 02:50:48+00:00,99.71,0.0,0.0,1.0,0.0
2014-09-11 02:50:54+00:00,99.87833333333333,1.0,0.0,1.0,0.0
2014-09-11 02:51:00+00:00,100.42333333333333,1.0,0.0,1.0,0.0
2014-09-11 02:51:06+00:00,100.28833333333334,1.0,0.0,1.0,0.0
2014-09-11 02:51:12+00:00,100.09833333333334,1.0,0.0,0.0,0.0
2014-09-11 02:51:18+00:00,99.92333333333333,0.0,0.0,1.0,0.0
2014-09-11 02:51:24+00:00,100.00333333333333,1.0,0.0,1.0,0.0
2014-09-11 02:51:30+00:00,99.78333333333335,1.0,0.0,1.0,0.0
2014-09-11 02:51:36+00:00,100.3,1.0,0.0,1.0,0.0
2014-09-11 02:51:42+00:00,100.14833333333333,1.0,0.0,0.0,0.0
2014-09-11 02:51:48+00:00,99.82,1.0,0.0,1.0,0.0
2014-09-11 02:51:54+00:00,100.40833333333335,1.0,0.0,1.0,0.0
2014-09-11 02:52:00+00:00,100.00166666666667,1.0,0.0,1.0,0.0
2014-09-11 02:52:06+00:00,100.375,1.0,0.0,1.0,0.0
2014-09-11 02:52:12+00:00,99.95333333333333,0.0,0.0,1.0,0.0
2014-09-11 02:52:18+00:00,100.15333333333332,1.0,0.0,1.0,0.0
2014-09-11 02:52:24+00:00,100.06666666666666,1.0,0.0,1.0,0.0
2014-09-11 02:52:30+00:00,100.26,1.0,0.0,1.0,0.0
2014-09-11 02:52:36+00:00,99.91000000000001,1.0,0.0,1.0,0.0
2014-09-11 02:52:42+00:00,100.07833333333333,1.0,0.0,1.0,0.0
2014-09-11 02:52:48+00:00,100.22000000000001,1.0,0.0,1.0,0.0
2014-09-11 02:52:54+00:00,99.99000000000001,1.0,0.0,0.0,0.0
2014-09-11 02:53:00+00:00,99.96333333333332,1.0,0.0,1.0,0.0
2014-09-11 02:53:06+00:00,100.13166666666666,1.0,0.0,1.0,0.0
2014-09-11 02:53:12+00:00,99.94166666666666,0.0,0.0,1.0,0.0
2014-09-11 02:53:18+00:00,99.995,1.0,0.0,1.0,0.0
2014-09-11 02:53:24+00:00,100.045,1.0,0.0,1.0,0.0
2014-09-11 02:53:30+00:00,99.88333333333333,1.0,0.0,0.0,0.0
2014-09-11 02:53:36+00:00,100.04,0.0,0.0,1.0,0.0
2014-09-11 02:53:42+00:00,100.14,1.0,0.0,1.0,0.0
2014-09-11 02:53:48+00:00,99.89666666666666,1.0,0.0,1.0,0.0
2014-09-11 02:53:54+00:00,100.55333333333333,1.0,0.0,1.0,0.0
2014-09-11 02:54:00+00:00,100.54333333333334,1.0,0.0,0.0,0.0
2014-09-11 02:54:06+00:00,100.04833333333333,1.0,0.0,1.0,0.0
2014-09-11 02:54:12+00:00,100.10833333333333,1.0,0.0,1.0,0.0
2014-09-11 02:54:18+00:00,100.33,1.0,0.0,1.0,0.0
2014-09-11 02:54:24+00:00,100.02666666666666,0.0,0.0,1.0,0.0
2014-09-11 02:54:30+00:00,100.175,1.0,0.0,1.0,0.0
2014-09-11 02:54:36+00:00,100.02166666666666,1.0,0.0,1.0,0.0
2014-09-11 02:54:42+00:00,100.29,1.0,0.0,1.0,0.0
2014-09-11 02:54:48+00:00,100.71333333333332,1.0,0.0,1.0,0.0
2014-09-11 02:54:54+00:00,100.18166666666667,1.0,0.0,0.0,0.0
2014-09-11 02:55:00+00:00,100.32833333333333,0.0,0.0,1.0,0.0
2014-09-11 02:55:06+00:00,100.25,1.0,0.0,1.0,0.0
2014-09-11 02:55:12+00:00,99.98166666666667,1.0,0.0,1.0,0.0
2014-09-11 02:55:18+00:00,100.29166666666667,1.0,0.0,1.0,0.0
2014-09-11 02:55:24+00:00,101.22833333333334,1.0,0.0,1.0,0.0
2014-09-11 02:55:30+00:00,101.11,1.0,0.0,1.0,0.0
2014-09-11 02:55:36+00:00,100.78666666666668,1.0,0.0,0.0,0.0
2014-09-11 02:55:42+00:00,100.88,0.0,0.0,1.0,0.0
2014-09-11 02:55:48+00:00,100.57833333333333,1.0,0.0,1.0,0.0
2014-09-11 02:55:54+00:00,100.8,1.0,0.0,1.0,0.0
2014-09-11 02:56:00+00:00,101.21166666666666,1.0,0.0,1.0,0.0
2014-09-11 02:56:06+00:00,100.695,1.0,0.0,1.0,0.0
2014-09-11 02:56:12+00:00,100.8,1.0,0.0,1.0,0.0
2014-09-11 02:56:18+00:00,100.71166666666666,1.0,0.0,0.0,0.0
2014-09-11 02:56:24+00:00,100.57333333333334,1.0,0.0,1.0,0.0
2014-09-11 02:56:30+00:00,100.69666666666666,0.0,0.0,1.0,0.0
2014-09-11 02:56:36+00:00,100.82333333333334,1.0,0.0,1.0,0.0
2014-09-11 02:56:42+00:00,100.77499999999999,1.0,0.0,1.0,0.0
2014-09-11 02:56:48+00:00,100.88166666666666,1.0,0.0,1.0,0.0
2014-09-11 02:56:54+00:00,100.705,1.0,0.0,0.0,0.0
2014-09-11 02:57:00+00:00,101.07,1.0,0.0,1.0,0.0
2014-09-11 02:57:06+00:00,100.32000000000001,1.0,0.0,1.0,0.0
2014-09-11 02:57:12+00:00,100.57666666666667,0.0,0.0,1.0,0.0
2014-09-11 02:57:18+00:00,101.08166666666666,1.0,0.0,1.0,0.0
2014-09-11 02:57:24+00:00,100.88833333333332,1.0,0.0,1.0,0.0
2014-09-11 02:57:30+00:00,100.78166666666668,1.0,0.0,0.0,0.0
2014-09-11 02:57:36+00:00,101.12,0.0,0.0,1.0,0.0
2014-09-11 02:57:42+00:00,100.95166666666667,1.0,0.0,1.0,0.0
2014-09-11 02:57:48+00:00,100.79166666666667,2.0,0.0,1.0,0.0
2014-09-11 02:57:54+00:00,101.05833333333334,2.0,0.0,1.0,0.0
2014-09-11 02:58:00+00:00,100.75666666666666,1.0,0.0,0.0,0.0
2014-09-11 02:58:06+00:00,100.86666666666667,1.0,0.0,1.0,0.0
2014-09-11 02:58:12+00:00,100.65499999999999,0.0,0.0,1.0,0.0
2014-09-11 02:58:18+00:00,101.09166666666665,1.0,0.0,1.0,0.0
2014-09-11 02:58:24+00:00,100.84666666666665,1.0,0.0,0.0,0.0
2014-09-11 02:58:30+00:00,100.66333333333334,0.0,0.0,1.0,0.0
2014-09-11 02:58:36+00:00,100.74333333333334,1.0,0.0,1.0,0.0
2014-09-11 02:58:42+00:00,100.96499999999999,1.0,0.0,1.0,0.0
2014-09-11 02:58:48+00:00,100.665,1.0,0.0,1.0,0.0
2014-09-11 02:58:54+00:00,100.935,1.0,0.0,1.0,0.0
2014-09-11 02:59:00+00:00,100.63833333333334,1.0,0.0,1.0,0.0
2014-09-11 02:59:06+00:00,100.80166666666666,1.0,0.0,0.0,0.0
2014-09-11 02:59:12+00:00,100.7,1.0,0.0,1.0,0.0
2014-09-11 02:59:18+00:00,101.03333333333335,1.0,0.0,1.0,0.0
2014-09-11 02:59:24+00:00,100.33999999999999,0.0,0.0,1.0,0.0
2014-09-11 02:59:30+00:00,100.985,1.0,0.0,1.0,0.0
2014-09-11 02:59:36+00:00,100.61833333333334,1.0,0.0,1.0,0.0
2014-09-11 02:59:42+00:00,100.64833333333333,1.0,0.0,1.0,0.0
2014-09-11 02:59:48+00:00,100.565,1.0,0.0,0.0,0.0
2014-09-11 02:59:54+00:00,100.61333333333334,0.0,0.0,1.0,0.0
2014-09-11 03:00:00+00:00,102.06166666666667,1.0,0.0,1.0,0.0
2014-09-11 03:00:06+00:00,101.815,1.0,0.0,1.0,0.0
2014-09-11 03:00:12+00:00,101.95833333333333,1.0,0.0,0.0,0.0
2014-09-11 03:00:18+00:00,102.09833333333334,1.0,0.0,1.0,0.0
2014-09-11 03:00:24+00:00,101.615,1.0,0.0,1.0,0.0
2014-09-11 03:00:30+00:00,101.645,0.0,0.0,1.0,0.0
2014-09-11 03:00:36+00:00,101.44166666666666,1.0,0.0,1.0,0.0
2014-09-11 03:00:42+00:00,101.63666666666667,1.0,0.0,1.0,0.0
2014-09-11 03:00:48+00:00,101.55666666666667,1.0,0.0,1.0,0.0
2014-09-11 03:00:54+00:00,101.78666666666668,1.0,0.0,1.0,0.0
2014-09-11 03:01:00+00:00,101.71,1.0,0.0,1.0,0.0
2014-09-11 03:01:06+00:00,102.19,1.0,0.0,1.0,0.0
2014-09-11 03:01:12+00:00,102.14333333333333,1.0,0.0,0.0,0.0
2014-09-11 03:01:18+00:00,101.52,0.0,0.0,1.0,0.0
2014-09-11 03:01:24+00:00,101.59166666666665,1.0,0.0,1.0,0.0
2014-09-11 03:01:30+00:00,101.51666666666667,1.0,0.0,1.0,0.0
2014-09-11 03:01:36+00:00,101.55,1.0,0.0,1.0,0.0
2014-09-11 03:01:42+00:00,102.455,1.0,0.0,1.0,0.0
2014-09-11 03:01:48+00:00,102.08666666666666,1.0,0.0,1.0,0.0
2014-09-11 03:01:54+00:00,101.89166666666667,1.0,0.0,1.0,0.0
2014-09-11 03:02:00+00:00,101.58666666666666,1.0,0.0,0.0,0.0
2014-09-11 03:02:06+00:00,101.635,0.0,0.0,1.0,0.0
2014-09-11 03:02:12+00:00,101.61666666666667,1.0,0.0,1.0,0.0
2014-09-11 03:02:18+00:00,101.65833333333335,1.0,0.0,0.0,0.0
2014-09-11 03:02:24+00:00,101.325,1.0,0.0,1.0,0.0
2014-09-11 03:02:30+00:00,101.65666666666668,1.0,0.0,1.0,0.0
2014-09-11 03:02:36+00:00,101.61833333333334,1.0,0.0,1.0,0.0
2014-09-11 03:02:42+00:00,101.71833333333332,1.0,0.0,1.0,0.0
2014-09-11 03:02:48+00:00,101.46166666666666,0.0,0.0,1.0,0.0
2014-09-11 03:02:54+00:00,101.58999999999999,1.0,0.0,1.0,0.0
2014-09-11 03:03:00+00:00,101.98166666666667,1.0,0.0,1.0,0.0
2014-09-11 03:03:06+00:00,101.42,1.0,0.0,1.0,0.0
2014-09-11 03:03:12+00:00,101.435,1.0,0.0,0.0,0.0
2014-09-11 03:03:18+00:00,101.37833333333333,0.0,0.0,1.0,0.0
2014-09-11 03:03:24+00:00,101.49833333333333,1.0,0.0,1.0,0.0
2014-09-11 03:03:30+00:00,101.46666666666665,1.0,0.0,1.0,0.0
2014-09-11 03:03:36+00:00,101.305,1.0,0.0,0.0,0.0
2014-09-11 03:03:42+00:00,101.94666666666667,1.0,0.0,1.0,0.0
2014-09-11 03:03:48+00:00,102.175,1.0,0.0,1.0,0.0
2014-09-11 03:03:54+00:00,101.46,1.0,0.0,1.0,0.0
2014-09-11 03:04:00+00:00,101.47666666666667,1.0,0.0,1.0,0.0
2014-09-11 03:04:06+00:00,101.52666666666666,1.0,0.0,1.0,0.0
2014-09-11 03:04:12+00:00,101.58,0.0,0.0,1.0,0.0
2014-09-11 03:04:18+00:00,101.63666666666667,1.0,0.0,1.0,0.0
2014-09-11 03:04:24+00:00,101.64333333333333,1.0,0.0,1.0,0.0
2014-09-11 03:04:30+00:00,101.375,1.0,0.0,1.0,0.0
2014-09-11 03:04:36+00:00,101.35166666666667,1.0,0.0,1.0,0.0
2014-09-11 03:04:42+00:00,101.28166666666668,1.0,0.0,1.0,0.0
2014-09-11 03:04:48+00:00,101.32333333333332,1.0,0.0,0.0,0.0
2014-09-11 03:04:54+00:00,101.52666666666666,0.0,0.0,1.0,0.0
2014-09-11 03:05:00+00:00,101.575,1.0,0.0,1.0,0.0
2014-09-11 03:05:06+00:00,101.205,1.0,0.0,1.0,0.0
2014-09-11 03:05:12+00:00,100.46,1.0,0.0,1.0,0.0
2014-09-11 03:05:18+00:00,100.335,1.0,0.0,0.0,0.0
2014-09-11 03:05:24+00:00,100.35333333333334,1.0,0.0,1.0,0.0
2014-09-11 03:05:30+00:00,99.88666666666667,1.0,0.0,1.0,0.0
2014-09-11 03:05:36+00:00,99.80166666666666,1.0,0.0,1.0,0.0
2014-09-11 03:05:42+00:00,99.88,1.0,0.0,1.0,0.0
2014-09-11 03:05:48+00:00,99.90500000000002,1.0,0.0,1.0,0.0
2014-09-11 03:05:54+00:00,100.08666666666666,0.0,0.0,1.0,0.0
2014-09-11 03:06:00+00:00,100.43,1.0,0.0,1.0,0.0
2014-09-11 03:06:06+00:00,100.05333333333333,1.0,0.0,1.0,0.0
2014-09-11 03:06:12+00:00,99.915,1.0,0.0,0.0,0.0
2014-09-11 03:06:18+00:00,99.815,1.0,0.0,1.0,0.0
2014-09-11 03:06:24+00:00,100.355,0.0,0.0,1.0,0.0
2014-09-11 03:06:30+00:00,100.23666666666666,1.0,0.0,1.0,0.0
2014-09-11 03:06:36+00:00,100.15333333333332,1.0,0.0,1.0,0.0
2014-09-11 03:06:42+00:00,100.13499999999999,1.0,0.0,0.0,0.0
2014-09-11 03:06:48+00:00,100.28333333333335,0.0,0.0,1.0,0.0
2014-09-11 03:06:54+00:00,100.71666666666665,1.0,0.0,1.0,0.0
2014-09-11 03:07:00+00:00,100.46999999999998,1.0,0.0,1.0,0.0
2014-09-11 03:07:06+00:00,100.36,1.0,0.0,1.0,0.0
2014-09-11 03:07:12+00:00,100.05333333333334,1.0,0.0,0.0,0.0
2014-09-11 03:07:18+00:00,100.25833333333333,1.0,0.0,1.0,0.0
2014-09-11 03:07:24+00:00,100.03666666666668,1.0,0.0,1.0,0.0
2014-09-11 03:07:30+00:00,100.39999999999999,0.0,0.0,1.0,0.0
2014-09-11 03:07:36+00:00,100.58833333333332,1.0,0.0,1.0,0.0
2014-09-11 03:07:42+00:00,100.07166666666666,1.0,0.0,1.0,0.0
2014-09-11 03:07:48+00:00,100.05833333333334,1.0,0.0,1.0,0.0
2014-09-11 03:07:54+00:00,100.48,1.0,0.0,1.0,0.0
2014-09-11 03:08:00+00:00,100.17166666666667,1.0,0.0,0.0,0.0
2014-09-11 03:08:06+00:00,100.33833333333332,1.0,0.0,1.0,0.0
2014-09-11 03:08:12+00:00,100.19,0.0,0.0,1.0,0.0
2014-09-11 03:08:18+00:00,100.07833333333333,1.0,0.0,1.0,0.0
2014-09-11 03:08:24+00:00,100.27166666666666,1.0,0.0,0.0,0.0
2014-09-11 03:08:30+00:00,100.10833333333333,1.0,0.0,1.0,0.0
2014-09-11 03:08:36+00:00,100.04333333333334,0.0,0.0,1.0,0.0
2014-09-11 03:08:42+00:00,100.31833333333333,1.0,0.0,1.0,0.0
2014-09-11 03:08:48+00:00,100.31833333333333,1.0,0.0,1.0,0.0
2014-09-11 03:08:54+00:00,100.04833333333333,1.0,0.0,0.0,0.0
2014-09-11 03:09:00+00:00,100.76166666666666,0.0,0.0,1.0,0.0
2014-09-11 03:09:06+00:00,100.3,1.0,0.0,1.0,0.0
2014-09-11 03:09:12+00:00,100.07166666666667,1.0,0.0,1.0,0.0
2014-09-11 03:09:18+00:00,100.28333333333335,1.0,0.0,0.0,0.0
2014-09-11 03:09:24+00:00,100.19166666666666,1.0,0.0,1.0,0.0
2014-09-11 03:09:30+00:00,100.20833333333333,1.0,0.0,1.0,0.0
2014-09-11 03:09:36+00:00,100.17666666666666,1.0,0.0,1.0,0.0
2014-09-11 03:09:42+00:00,101.05333333333334,1.0,0.0,1.0,0.0
2014-09-11 03:09:48+00:00,100.73166666666667,0.0,0.0,1.0,0.0
2014-09-11 03:09:54+00:00,100.395,1.0,0.0,1.0,0.0
2014-09-11 03:10:00+00:00,100.37166666666667,1.0,0.0,1.0,0.0
2014-09-11 03:10:06+00:00,100.22666666666667,1.0,0.0,1.0,0.0
2014-09-11 03:10:12+00:00,100.31166666666667,1.0,0.0,0.0,0.0
2014-09-11 03:10:18+00:00,100.195,1.0,0.0,1.0,0.0
2014-09-11 03:10:24+00:00,100.36333333333333,0.0,0.0,1.0,0.0
2014-09-11 03:10:30+00:00,100.38,1.0,0.0,1.0,0.0
2014-09-11 03:10:36+00:00,100.27499999999999,1.0,0.0,1.0,0.0
2014-09-11 03:10:42+00:00,100.39999999999999,1.0,0.0,1.0,0.0
2014-09-11 03:10:48+00:00,99.99166666666667,1.0,0.0,1.0,0.0
2014-09-11 03:10:54+00:00,100.21833333333335,1.0,0.0,1.0,0.0
2014-09-11 03:11:00+00:00,100.29,1.0,0.0,0.0,0.0
2014-09-11 03:11:06+00:00,100.175,0.0,0.0,1.0,0.0
2014-09-11 03:11:12+00:00,100.49833333333333,1.0,0.0,1.0,0.0
2014-09-11 03:11:18+00:00,100.03666666666668,1.0,0.0,1.0,0.0
2014-09-11 03:11:24+00:00,100.17,1.0,0.0,1.0,0.0
2014-09-11 03:11:30+00:00,100.16166666666668,1.0,0.0,0.0,0.0
2014-09-11 03:11:36+00:00,100.15166666666666,1.0,0.0,1.0,0.0
2014-09-11 03:11:42+00:00,100.27166666666666,1.0,0.0,1.0,0.0
2014-09-11 03:11:48+00:00,100.14,0.0,0.0,1.0,0.0
2014-09-11 03:11:54+00:00,101.05666666666667,1.0,0.0,1.0,0.0
2014-09-11 03:12:00+00:00,100.75999999999999,1.0,0.0,0.0,0.0
2014-09-11 03:12:06+00:00,100.45333333333333,0.0,0.0,1.0,0.0
2014-09-11 03:12:12+00:00,100.36500000000001,1.0,0.0,1.0,0.0
2014-09-11 03:12:18+00:00,100.34,1.0,0.0,1.0,0.0
2014-09-11 03:12:24+00:00,100.714,1.0,0.0,1.0,0.0
2014-09-11 03:12:30+00:00,100.1842857142857,1.0,0.0,1.0,0.0
2014-09-11 03:12:36+00:00,100.21,1.0,0.0,0.0,0.0
2014-09-11 03:12:42+00:00,100.26166666666666,0.0,0.0,1.0,0.0
2014-09-11 03:12:48+00:00,100.56166666666667,1.0,0.0,1.0,0.0
2014-09-11 03:12:54+00:00,100.532,1.0,0.0,1.0,0.0
2014-09-11 03:13:00+00:00,100.06714285714285,1.0,0.0,1.0,0.0
2014-09-11 03:13:06+00:00,100.16833333333334,1.0,0.0,1.0,0.0
2014-09-11 03:13:12+00:00,100.38499999999999,1.0,0.0,1.0,0.0
2014-09-11 03:13:18+00:00,100.00999999999999,1.0,0.0,0.0,0.0
2014-09-11 03:13:24+00:00,100.01333333333334,0.0,0.0,1.0,0.0
2014-09-11 03:13:30+00:00,100.255,1.0,0.0,1.0,0.0
2014-09-11 03:13:36+00:00,100.00999999999999,1.0,0.0,0.0,0.0
2014-09-11 03:13:42+00:00,100.29666666666667,1.0,0.0,1.0,0.0
2014-09-11 03:13:48+00:00,100.07833333333333,1.0,0.0,1.0,0.0
2014-09-11 03:13:54+00:00,100.14166666666667,0.0,0.0,1.0,0.0
2014-09-11 03:14:00+00:00,100.25999999999999,1.0,0.0,1.0,0.0
2014-09-11 03:14:06+00:00,99.85333333333334,1.0,0.0,1.0,0.0
2014-09-11 03:14:12+00:00,100.03666666666668,1.0,0.0,1.0,0.0
2014-09-11 03:14:18+00:00,99.70166666666667,1.0,0.0,1.0,0.0
2014-09-11 03:14:24+00:00,100.32166666666667,1.0,0.0,0.0,0.0
2014-09-11 03:14:30+00:00,100.765,0.0,0.0,1.0,0.0
2014-09-11 03:14:36+00:00,100.07333333333334,1.0,0.0,1.0,0.0
2014-09-11 03:14:42+00:00,99.87166666666667,1.0,0.0,1.0,0.0
2014-09-11 03:14:48+00:00,100.265,1.0,0.0,1.0,0.0
2014-09-11 03:14:54+00:00,100.61666666666667,1.0,0.0,1.0,0.0
2014-09-11 03:15:00+00:00,100.36333333333334,1.0,0.0,1.0,0.0
2014-09-11 03:15:06+00:00,100.13499999999999,1.0,0.0,1.0,0.0
2014-09-11 03:15:12+00:00,99.71,1.0,0.0,0.0,0.0
2014-09-11 03:15:18+00:00,100.18166666666667,0.0,0.0,1.0,0.0
2014-09-11 03:15:24+00:00,99.85166666666667,1.0,0.0,1.0,0.0
2014-09-11 03:15:30+00:00,100.01833333333333,1.0,0.0,0.0,0.0
2014-09-11 03:15:36+00:00,99.87666666666667,0.0,0.0,1.0,0.0
2014-09-11 03:15:42+00:00,100.12833333333333,1.0,0.0,1.0,0.0
2014-09-11 03:15:48+00:00,100.25666666666666,1.0,0.0,1.0,0.0
2014-09-11 03:15:54+00:00,100.90500000000002,1.0,0.0,1.0,0.0
2014-09-11 03:16:00+00:00,100.89,1.0,0.0,0.0,0.0
2014-09-11 03:16:06+00:00,100.34333333333332,1.0,0.0,1.0,0.0
2014-09-11 03:16:12+00:00,99.97000000000001,0.0,0.0,1.0,0.0
2014-09-11 03:16:18+00:00,100.21833333333332,1.0,0.0,1.0,0.0
2014-09-11 03:16:24+00:00,100.16833333333334,1.0,0.0,1.0,0.0
2014-09-11 03:16:30+00:00,99.92333333333333,1.0,0.0,0.0,0.0
2014-09-11 03:16:36+00:00,99.96833333333332,0.0,0.0,1.0,0.0
2014-09-11 03:16:42+00:00,99.88499999999999,1.0,0.0,1.0,0.0
2014-09-11 03:16:48+00:00,312.01666666666665,1.0,0.0,1.0,0.0
2014-09-11 03:16:54+00:00,202.97333333333333,1.0,106.0,1.0,0.0
2014-09-11 03:17:00+00:00,200.74166666666667,1.0,0.0,1.0,0.0
2014-09-11 03:17:06+00:00,198.83,1.0,99.0,1.0,0.0
2014-09-11 03:17:12+00:00,196.87833333333333,1.0,96.0,0.0,0.0
2014-09-11 03:17:18+00:00,195.90833333333333,1.0,95.0,1.0,0.0
2014-09-11 03:17:24+00:00,195.45000000000002,0.0,0.0,1.0,0.0
2014-09-11 03:17:30+00:00,194.45833333333334,1.0,94.0,1.0,0.0
2014-09-11 03:17:36+00:00,193.835,1.0,93.0,1.0,0.0
2014-09-11 03:17:42+00:00,192.65666666666667,1.0,92.0,1.0,0.0
2014-09-11 03:17:48+00:00,191.46,1.0,92.0,1.0,0.0
2014-09-11 03:17:54+00:00,189.70833333333334,1.0,90.0,1.0,0.0
2014-09-11 03:18:00+00:00,189.5683333333333,0.0,88.0,1.0,0.0
2014-09-11 03:18:06+00:00,189.34166666666667,1.0,88.0,0.0,0.0
2014-09-11 03:18:12+00:00,189.53833333333333,0.0,88.0,1.0,0.0
2014-09-11 03:18:18+00:00,189.6833333333333,1.0,0.0,1.0,0.0
2014-09-11 03:18:24+00:00,189.70333333333335,1.0,89.0,1.0,0.0
2014-09-11 03:18:30+00:00,190.46666666666667,1.0,89.0,1.0,0.0
2014-09-11 03:18:36+00:00,190.95333333333335,1.0,89.0,1.0,0.0
2014-09-11 03:18:42+00:00,191.015,1.0,89.0,0.0,0.0
2014-09-11 03:18:48+00:00,190.585,0.0,0.0,1.0,0.0
2014-09-11 03:18:54+00:00,190.61166666666668,1.0,89.0,1.0,0.0
2014-09-11 03:19:00+00:00,190.72,1.0,89.0,1.0,0.0
2014-09-11 03:19:06+00:00,190.765,1.0,90.0,1.0,0.0
2014-09-11 03:19:12+00:00,191.11,1.0,89.0,0.0,0.0
2014-09-11 03:19:18+00:00,190.51666666666665,0.0,89.0,1.0,0.0
2014-09-11 03:19:24+00:00,190.42,1.0,0.0,1.0,0.0
2014-09-11 03:19:30+00:00,190.29166666666666,1.0,89.0,1.0,0.0
2014-09-11 03:19:36+00:00,190.32500000000002,1.0,89.0,0.0,0.0
2014-09-11 03:19:42+00:00,190.62833333333333,1.0,89.0,1.0,0.0
2014-09-11 03:19:48+00:00,190.32500000000002,0.0,89.0,1.0,0.0
2014-09-11 03:19:54+00:00,189.98833333333334,1.0,88.0,1.0,0.0
2014-09-11 03:20:00+00:00,190.11166666666668,1.0,89.0,1.0,0.0
2014-09-11 03:20:06+00:00,189.80499999999998,1.0,0.0,1.0,0.0
2014-09-11 03:20:12+00:00,189.78,1.0,89.0,1.0,0.0
2014-09-11 03:20:18+00:00,189.82666666666668,1.0,89.0,0.0,0.0
2014-09-11 03:20:24+00:00,189.27833333333334,0.0,0.0,1.0,0.0
2014-09-11 03:20:30+00:00,189.71166666666667,1.0,89.0,1.0,0.0
2014-09-11 03:20:36+00:00,189.3133333333333,1.0,88.0,1.0,0.0
2014-09-11 03:20:42+00:00,189.67,1.0,89.0,1.0,0.0
2014-09-11 03:20:48+00:00,189.265,1.0,89.0,0.0,0.0
2014-09-11 03:20:54+00:00,189.625,1.0,88.0,1.0,0.0
2014-09-11 03:21:00+00:00,188.8166666666667,1.0,88.0,1.0,0.0
2014-09-11 03:21:06+00:00,189.17499999999998,0.0,88.0,1.0,0.0
2014-09-11 03:21:12+00:00,189.1833333333333,1.0,88.0,1.0,0.0
2014-09-11 03:21:18+00:00,189.04166666666666,1.0,0.0,1.0,0.0
2014-09-11 03:21:24+00:00,188.74333333333334,1.0,88.0,1.0,0.0
2014-09-11 03:21:30+00:00,188.59833333333333,1.0,88.0,0.0,0.0
2014-09-11 03:21:36+00:00,188.67499999999998,0.0,88.0,1.0,0.0
2014-09-11 03:21:42+00:00,188.54333333333332,1.0,0.0,1.0,0.0
2014-09-11 03:21:48+00:00,188.58333333333334,1.0,87.0,0.0,0.0
2014-09-11 03:21:54+00:00,188.24333333333334,0.0,87.0,1.0,0.0
2014-09-11 03:22:00+00:00,188.62333333333333,1.0,88.0,1.0,0.0
2014-09-11 03:22:06+00:00,188.63,1.0,87.0,1.0,0.0
2014-09-11 03:22:12+00:00,188.26999999999998,1.0,0.0,1.0,0.0
2014-09-11 03:22:18+00:00,187.91333333333333,1.0,88.0,1.0,0.0
2014-09-11 03:22:24+00:00,188.39166666666665,1.0,87.0,1.0,0.0
2014-09-11 03:22:30+00:00,188.03166666666667,1.0,86.0,1.0,0.0
2014-09-11 03:22:36+00:00,188.15833333333333,1.0,86.0,1.0,0.0
2014-09-11 03:22:42+00:00,187.64,1.0,86.0,1.0,0.0
2014-09-11 03:22:48+00:00,187.8216666666667,1.0,86.0,0.0,0.0
2014-09-11 03:22:54+00:00,187.94333333333336,0.0,86.0,1.0,0.0
2014-09-11 03:23:00+00:00,187.845,1.0,87.0,1.0,0.0
2014-09-11 03:23:06+00:00,187.75166666666667,1.0,86.0,1.0,0.0
2014-09-11 03:23:12+00:00,187.6916666666667,1.0,0.0,1.0,0.0
2014-09-11 03:23:18+00:00,187.39333333333335,1.0,87.0,1.0,0.0
2014-09-11 03:23:24+00:00,187.28,1.0,87.0,1.0,0.0
2014-09-11 03:23:30+00:00,187.21666666666667,1.0,86.0,1.0,0.0
2014-09-11 03:23:36+00:00,186.91166666666666,1.0,86.0,1.0,0.0
2014-09-11 03:23:42+00:00,187.02499999999998,1.0,86.0,1.0,0.0
2014-09-11 03:23:48+00:00,187.00166666666667,1.0,87.0,0.0,0.0
2014-09-11 03:23:54+00:00,187.735,0.0,0.0,1.0,0.0
2014-09-11 03:24:00+00:00,187.235,1.0,86.0,1.0,0.0
2014-09-11 03:24:06+00:00,187.48833333333334,1.0,85.0,0.0,0.0
2014-09-11 03:24:12+00:00,187.34166666666667,1.0,86.0,1.0,0.0
2014-09-11 03:24:18+00:00,186.75333333333333,0.0,85.0,1.0,0.0
2014-09-11 03:24:24+00:00,187.11333333333334,1.0,86.0,1.0,0.0
2014-09-11 03:24:30+00:00,186.44500000000002,1.0,86.0,1.0,0.0
2014-09-11 03:24:36+00:00,186.38,0.0,0.0,1.0,0.0
2014-09-11 03:24:42+00:00,186.15333333333334,1.0,85.0,1.0,0.0
2014-09-11 03:24:48+00:00,185.72,1.0,85.0,0.0,0.0
2014-09-11 03:24:54+00:00,185.88166666666666,0.0,85.0,1.0,0.0
2014-09-11 03:25:00+00:00,186.1966666666667,1.0,0.0,1.0,0.0
2014-09-11 03:25:06+00:00,185.41166666666666,1.0,85.0,1.0,0.0
2014-09-11 03:25:12+00:00,185.6816666666667,1.0,85.0,1.0,0.0
2014-09-11 03:25:18+00:00,185.82500000000002,1.0,85.0,0.0,0.0
2014-09-11 03:25:24+00:00,185.60333333333332,1.0,85.0,1.0,0.0
2014-09-11 03:25:30+00:00,185.72166666666666,1.0,85.0,0.0,0.0
2014-09-11 03:25:36+00:00,185.59,0.0,85.0,1.0,0.0
2014-09-11 03:25:42+00:00,185.51,1.0,0.0,1.0,0.0
2014-09-11 03:25:48+00:00,185.28,1.0,85.0,0.0,0.0
2014-09-11 03:25:54+00:00,185.17499999999998,1.0,84.0,1.0,0.0
2014-09-11 03:26:00+00:00,185.23000000000002,1.0,84.0,1.0,0.0
2014-09-11 03:26:06+00:00,184.57666666666668,1.0,85.0,1.0,0.0
2014-09-11 03:26:12+00:00,185.505,1.0,85.0,1.0,0.0
2014-09-11 03:26:18+00:00,185.27666666666667,1.0,85.0,1.0,0.0
2014-09-11 03:26:24+00:00,184.90833333333333,1.0,84.0,1.0,0.0
2014-09-11 03:26:30+00:00,185.50833333333333,0.0,84.0,1.0,0.0
2014-09-11 03:26:36+00:00,187.0,1.0,0.0,1.0,0.0
2014-09-11 03:26:42+00:00,186.32000000000002,1.0,84.0,1.0,0.0
2014-09-11 03:26:48+00:00,185.34166666666667,1.0,84.0,0.0,0.0
2014-09-11 03:26:54+00:00,185.8983333333333,0.0,84.0,1.0,0.0
2014-09-11 03:27:00+00:00,185.78166666666667,1.0,84.0,1.0,0.0
2014-09-11 03:27:06+00:00,186.26666666666665,1.0,84.0,1.0,0.0
2014-09-11 03:27:12+00:00,185.62833333333333,1.0,84.0,1.0,0.0
2014-09-11 03:27:18+00:00,185.39166666666665,1.0,0.0,1.0,0.0
2014-09-11 03:27:24+00:00,185.405,1.0,84.0,1.0,0.0
2014-09-11 03:27:30+00:00,185.12,1.0,84.0,0.0,0.0
2014-09-11 03:27:36+00:00,184.6783333333333,0.0,84.0,1.0,0.0
2014-09-11 03:27:42+00:00,184.84833333333333,1.0,0.0,1.0,0.0
2014-09-11 03:27:48+00:00,159.20333333333335,1.0,83.0,0.0,0.0
2014-09-11 03:27:54+00:00,100.28500000000001,1.0,84.0,1.0,0.0
2014-09-11 03:28:00+00:00,100.51333333333334,1.0,0.0,0.0,0.0
2014-09-11 03:28:06+00:00,99.76666666666667,0.0,0.0,1.0,0.0
2014-09-11 03:28:12+00:00,99.92666666666666,1.0,0.0,1.0,0.0
2014-09-11 03:28:18+00:00,99.935,1.0,0.0,1.0,0.0
2014-09-11 03:28:24+00:00,100.165,1.0,0.0,0.0,0.0
2014-09-11 03:28:30+00:00,99.91333333333334,1.0,0.0,1.0,0.0
2014-09-11 03:28:36+00:00,99.90666666666668,1.0,0.0,1.0,0.0
2014-09-11 03:28:42+00:00,100.24666666666667,1.0,0.0,1.0,0.0
2014-09-11 03:28:48+00:00,100.205,1.0,0.0,1.0,0.0
2014-09-11 03:28:54+00:00,99.76833333333333,1.0,0.0,1.0,0.0
2014-09-11 03:29:00+00:00,99.895,1.0,0.0,1.0,0.0
2014-09-11 03:29:06+00:00,100.10833333333333,1.0,0.0,1.0,0.0
2014-09-11 03:29:12+00:00,99.76166666666666,0.0,0.0,1.0,0.0
2014-09-11 03:29:18+00:00,99.81166666666667,1.0,0.0,1.0,0.0
2014-09-11 03:29:24+00:00,100.20666666666666,1.0,0.0,0.0,0.0
2014-09-11 03:29:30+00:00,100.065,1.0,0.0,1.0,0.0
2014-09-11 03:29:36+00:00,99.96999999999998,1.0,0.0,1.0,0.0
2014-09-11 03:29:42+00:00,100.05333333333333,1.0,0.0,1.0,0.0
2014-09-11 03:29:48+00:00,99.59333333333335,0.0,0.0,1.0,0.0
2014-09-11 03:29:54+00:00,100.48,1.0,0.0,1.0,0.0
2014-09-11 03:30:00+00:00,99.68166666666667,0.0,0.0,1.0,0.0
2014-09-11 03:30:06+00:00,100.15666666666668,1.0,0.0,1.0,0.0
2014-09-11 03:30:12+00:00,99.61333333333334,1.0,0.0,0.0,0.0
2014-09-11 03:30:18+00:00,100.12333333333333,0.0,0.0,1.0,0.0
2014-09-11 03:30:24+00:00,99.83666666666666,1.0,0.0,1.0,0.0
2014-09-11 03:30:30+00:00,100.04833333333333,1.0,0.0,1.0,0.0
2014-09-11 03:30:36+00:00,99.76666666666667,1.0,0.0,1.0,0.0
2014-09-11 03:30:42+00:00,99.38666666666666,1.0,0.0,0.0,0.0
2014-09-11 03:30:48+00:00,99.60833333333333,0.0,0.0,1.0,0.0
2014-09-11 03:30:54+00:00,99.57166666666667,1.0,0.0,1.0,0.0
2014-09-11 03:31:00+00:00,99.71833333333332,1.0,0.0,1.0,0.0
2014-09-11 03:31:06+00:00,99.65833333333335,1.0,0.0,1.0,0.0
2014-09-11 03:31:12+00:00,99.67666666666666,1.0,0.0,1.0,0.0
2014-09-11 03:31:18+00:00,99.41166666666668,1.0,0.0,0.0,0.0
2014-09-11 03:31:24+00:00,99.675,1.0,0.0,1.0,0.0
2014-09-11 03:31:30+00:00,99.70166666666667,1.0,0.0,1.0,0.0
2014-09-11 03:31:36+00:00,99.495,0.0,0.0,1.0,0.0
2014-09-11 03:31:42+00:00,99.57,1.0,0.0,1.0,0.0
2014-09-11 03:31:48+00:00,99.805,1.0,0.0,1.0,0.0
2014-09-11 03:31:54+00:00,99.455,1.0,0.0,1.0,0.0
2014-09-11 03:32:00+00:00,99.96833333333335,1.0,0.0,1.0,0.0
2014-09-11 03:32:06+00:00,99.64166666666667,1.0,0.0,1.0,0.0
2014-09-11 03:32:12+00:00,99.93666666666667,1.0,0.0,0.0,0.0
2014-09-11 03:32:18+00:00,99.74000000000001,1.0,0.0,1.0,0.0
2014-09-11 03:32:24+00:00,99.77166666666666,1.0,0.0,1.0,0.0
2014-09-11 03:32:30+00:00,99.59500000000001,1.0,0.0,1.0,0.0
2014-09-11 03:32:36+00:00,99.88833333333334,1.0,0.0,1.0,0.0
2014-09-11 03:32:42+00:00,100.62833333333333,1.0,0.0,1.0,0.0
2014-09-11 03:32:48+00:00,100.86166666666666,1.0,0.0,1.0,0.0
2014-09-11 03:32:54+00:00,100.37833333333333,1.0,0.0,1.0,0.0
2014-09-11 03:33:00+00:00,100.55666666666667,1.0,0.0,1.0,0.0
2014-09-11 03:33:06+00:00,99.94833333333334,1.0,0.0,1.0,0.0
2014-09-11 03:33:12+00:00,100.05,1.0,0.0,1.0,0.0
2014-09-11 03:33:18+00:00,99.88666666666667,0.0,0.0,1.0,0.0
2014-09-11 03:33:24+00:00,99.79833333333333,1.0,0.0,1.0,0.0
2014-09-11 03:33:30+00:00,99.94833333333332,1.0,0.0,1.0,0.0
2014-09-11 03:33:36+00:00,99.53500000000001,1.0,0.0,1.0,0.0
2014-09-11 03:33:42+00:00,99.56166666666667,1.0,0.0,1.0,0.0
2014-09-11 03:33:48+00:00,99.78333333333335,1.0,0.0,0.0,0.0
2014-09-11 03:33:54+00:00,99.73166666666667,0.0,0.0,1.0,0.0
2014-09-11 03:34:00+00:00,99.83,1.0,0.0,1.0,0.0
2014-09-11 03:34:06+00:00,100.16000000000001,1.0,0.0,1.0,0.0
2014-09-11 03:34:12+00:00,99.92166666666667,1.0,0.0,1.0,0.0
2014-09-11 03:34:18+00:00,100.165,1.0,0.0,0.0,0.0
2014-09-11 03:34:24+00:00,99.73,0.0,0.0,1.0,0.0
2014-09-11 03:34:30+00:00,100.06666666666666,1.0,0.0,1.0,0.0
2014-09-11 03:34:36+00:00,100.01333333333334,1.0,0.0,1.0,0.0
2014-09-11 03:34:42+00:00,99.97666666666667,1.0,0.0,0.0,0.0
2014-09-11 03:34:48+00:00,99.605,1.0,0.0,1.0,0.0
2014-09-11 03:34:54+00:00,100.10333333333334,1.0,0.0,1.0,0.0
2014-09-11 03:35:00+00:00,100.00833333333333,0.0,0.0,1.0,0.0
2014-09-11 03:35:06+00:00,99.895,1.0,0.0,1.0,0.0
2014-09-11 03:35:12+00:00,99.86833333333334,1.0,0.0,0.0,0.0
2014-09-11 03:35:18+00:00,100.80833333333334,1.0,0.0,1.0,0.0
2014-09-11 03:35:24+00:00,101.20714285714287,0.0,0.0,1.0,0.0
2014-09-11 03:35:30+00:00,100.78399999999999,1.0,0.0,1.0,0.0
2014-09-11 03:35:36+00:00,100.55142857142857,1.0,0.0,1.0,0.0
2014-09-11 03:35:42+00:00,100.39,1.0,0.0,1.0,0.0
2014-09-11 03:35:48+00:00,100.81,1.0,0.0,1.0,0.0
2014-09-11 03:35:54+00:00,100.445,1.0,0.0,0.0,0.0
2014-09-11 03:36:00+00:00,100.645,0.0,0.0,1.0,0.0
2014-09-11 03:36:06+00:00,100.27499999999999,1.0,0.0,1.0,0.0
2014-09-11 03:36:12+00:00,100.41333333333334,1.0,0.0,1.0,0.0
2014-09-11 03:36:18+00:00,100.24666666666667,1.0,0.0,1.0,0.0
2014-09-11 03:36:24+00:00,100.31666666666666,1.0,0.0,1.0,0.0
2014-09-11 03:36:30+00:00,100.27333333333333,1.0,0.0,1.0,0.0
2014-09-11 03:36:36+00:00,100.51,1.0,0.0,0.0,0.0
2014-09-11 03:36:42+00:00,100.415,1.0,0.0,1.0,0.0
2014-09-11 03:36:48+00:00,100.325,0.0,0.0,1.0,0.0
2014-09-11 03:36:54+00:00,100.19,1.0,0.0,1.0,0.0
2014-09-11 03:37:00+00:00,100.295,1.0,0.0,1.0,0.0
2014-09-11 03:37:06+00:00,100.14666666666666,1.0,0.0,1.0,0.0
2014-09-11 03:37:12+00:00,100.18833333333333,1.0,0.0,0.0,0.0
2014-09-11 03:37:18+00:00,101.055,1.0,0.0,1.0,0.0
2014-09-11 03:37:24+00:00,100.20333333333333,0.0,0.0,1.0,0.0
2014-09-11 03:37:30+00:00,100.76833333333333,1.0,0.0,1.0,0.0
2014-09-11 03:37:36+00:00,100.11333333333334,1.0,0.0,1.0,0.0
2014-09-11 03:37:42+00:00,100.045,1.0,0.0,1.0,0.0
2014-09-11 03:37:48+00:00,99.85833333333333,1.0,0.0,1.0,0.0
2014-09-11 03:37:54+00:00,100.41333333333334,1.0,0.0,1.0,0.0
2014-09-11 03:38:00+00:00,100.58333333333333,1.0,0.0,0.0,0.0
2014-09-11 03:38:06+00:00,99.945,0.0,0.0,1.0,0.0
2014-09-11 03:38:12+00:00,100.18,1.0,0.0,1.0,0.0
2014-09-11 03:38:18+00:00,100.20666666666666,1.0,0.0,1.0,0.0
2014-09-11 03:38:24+00:00,100.03833333333334,1.0,0.0,0.0,0.0
2014-09-11 03:38:30+00:00,100.26333333333332,0.0,0.0,1.0,0.0
2014-09-11 03:38:36+00:00,100.14999999999999,1.0,0.0,1.0,0.0
2014-09-11 03:38:42+00:00,100.46833333333332,1.0,0.0,1.0,0.0
2014-09-11 03:38:48+00:00,100.53500000000001,1.0,0.0,0.0,0.0
2014-09-11 03:38:54+00:00,100.34166666666665,0.0,0.0,1.0,0.0
2014-09-11 03:39:00+00:00,100.43166666666667,1.0,0.0,1.0,0.0
2014-09-11 03:39:06+00:00,100.28833333333334,1.0,0.0,1.0,0.0
2014-09-11 03:39:12+00:00,100.30666666666667,1.0,0.0,1.0,0.0
2014-09-11 03:39:18+00:00,100.23833333333334,1.0,0.0,1.0,0.0
2014-09-11 03:39:24+00:00,100.2,1.0,0.0,0.0,0.0
2014-09-11 03:39:30+00:00,100.36,0.0,0.0,1.0,0.0
2014-09-11 03:39:36+00:00,100.34666666666668,1.0,0.0,1.0,0.0
2014-09-11 03:39:42+00:00,100.21833333333332,1.0,0.0,1.0,0.0
2014-09-11 03:39:48+00:00,100.16833333333334,1.0,0.0,0.0,0.0
2014-09-11 03:39:54+00:00,100.53000000000002,1.0,0.0,1.0,0.0
2014-09-11 03:40:00+00:00,100.31333333333333,0.0,0.0,1.0,0.0
2014-09-11 03:40:06+00:00,100.06833333333333,1.0,0.0,1.0,0.0
2014-09-11 03:40:12+00:00,100.38166666666666,1.0,0.0,1.0,0.0
2014-09-11 03:40:18+00:00,100.435,1.0,0.0,0.0,0.0
2014-09-11 03:40:24+00:00,100.65666666666665,1.0,0.0,1.0,0.0
2014-09-11 03:40:30+00:00,100.34833333333334,0.0,0.0,1.0,0.0
2014-09-11 03:40:36+00:00,100.295,1.0,0.0,1.0,0.0
2014-09-11 03:40:42+00:00,100.22833333333334,1.0,0.0,1.0,0.0
2014-09-11 03:40:48+00:00,100.01666666666667,1.0,0.0,0.0,0.0
2014-09-11 03:40:54+00:00,99.92833333333333,1.0,0.0,1.0,0.0
2014-09-11 03:41:00+00:00,99.99833333333333,0.0,0.0,1.0,0.0
2014-09-11 03:41:06+00:00,99.99666666666667,1.0,0.0,1.0,0.0
2014-09-11 03:41:12+00:00,100.23333333333333,1.0,0.0,1.0,0.0
2014-09-11 03:41:18+00:00,99.89833333333333,1.0,0.0,1.0,0.0
2014-09-11 03:41:24+00:00,100.01333333333334,1.0,0.0,1.0,0.0
2014-09-11 03:41:30+00:00,100.02999999999999,1.0,0.0,0.0,0.0
2014-09-11 03:41:36+00:00,99.89166666666667,1.0,0.0,1.0,0.0
2014-09-11 03:41:42+00:00,99.78666666666668,0.0,0.0,1.0,0.0
2014-09-11 03:41:48+00:00,100.42,1.0,0.0,1.0,0.0
2014-09-11 03:41:54+00:00,100.005,1.0,0.0,1.0,0.0
2014-09-11 03:42:00+00:00,99.85166666666667,1.0,0.0,1.0,0.0
2014-09-11 03:42:06+00:00,99.90166666666666,1.0,0.0,1.0,0.0
2014-09-11 03:42:12+00:00,100.45666666666666,1.0,0.0,0.0,0.0
2014-09-11 03:42:18+00:00,100.03666666666668,0.0,0.0,1.0,0.0
2014-09-11 03:42:24+00:00,99.84333333333332,1.0,0.0,1.0,0.0
2014-09-11 03:42:30+00:00,100.065,1.0,0.0,1.0,0.0
2014-09-11 03:42:36+00:00,99.82333333333334,1.0,0.0,1.0,0.0
2014-09-11 03:42:42+00:00,99.895,1.0,0.0,1.0,0.0
2014-09-11 03:42:48+00:00,100.19166666666666,1.0,0.0,1.0,0.0
2014-09-11 03:42:54+00:00,100.25333333333333,1.0,0.0,1.0,0.0
2014-09-11 03:43:00+00:00,99.87666666666667,1.0,0.0,0.0,0.0
2014-09-11 03:43:06+00:00,100.37333333333333,0.0,0.0,1.0,0.0
2014-09-11 03:43:12+00:00,99.69666666666667,1.0,0.0,1.0,0.0
2014-09-11 03:43:18+00:00,99.97833333333334,1.0,0.0,1.0,0.0
2014-09-11 03:43:24+00:00,99.86,1.0,0.0,1.0,0.0
2014-09-11 03:43:30+00:00,99.88,1.0,0.0,0.0,0.0
2014-09-11 03:43:36+00:00,99.97166666666668,1.0,0.0,1.0,0.0
2014-09-11 03:43:42+00:00,100.06833333333333,0.0,0.0,1.0,0.0
2014-09-11 03:43:48+00:00,99.88166666666666,1.0,0.0,1.0,0.0
2014-09-11 03:43:54+00:00,100.04,1.0,0.0,1.0,0.0
2014-09-11 03:44:00+00:00,100.00999999999999,1.0,0.0,1.0,0.0
2014-09-11 03:44:06+00:00,100.08833333333332,1.0,0.0,1.0,0.0
2014-09-11 03:44:12+00:00,100.125,1.0,0.0,1.0,0.0
2014-09-11 03:44:18+00:00,100.02499999999999,1.0,0.0,1.0,0.0
2014-09-11 03:44:24+00:00,99.88166666666666,1.0,0.0,0.0,0.0
2014-09-11 03:44:30+00:00,100.17166666666667,1.0,0.0,1.0,0.0
2014-09-11 03:44:36+00:00,100.26666666666667,1.0,0.0,1.0,0.0
2014-09-11 03:44:42+00:00,100.29,0.0,0.0,1.0,0.0
2014-09-11 03:44:48+00:00,100.74333333333334,1.0,0.0,1.0,0.0
2014-09-11 03:44:54+00:00,100.22333333333334,1.0,0.0,1.0,0.0
2014-09-11 03:45:00+00:00,100.45,1.0,0.0,0.0,0.0
2014-09-11 03:45:06+00:00,100.30166666666666,1.0,0.0,1.0,0.0
2014-09-11 03:45:12+00:00,100.13499999999999,1.0,0.0,1.0,0.0
2014-09-11 03:45:18+00:00,99.87166666666667,1.0,0.0,1.0,0.0
2014-09-11 03:45:24+00:00,100.12166666666667,0.0,0.0,1.0,0.0
2014-09-11 03:45:30+00:00,99.64666666666666,1.0,0.0,1.0,0.0
2014-09-11 03:45:36+00:00,99.86666666666667,1.0,0.0,1.0,0.0
2014-09-11 03:45:42+00:00,99.72666666666667,1.0,0.0,0.0,0.0
2014-09-11 03:45:48+00:00,100.33333333333333,0.0,0.0,1.0,0.0
2014-09-11 03:45:54+00:00,100.28500000000001,1.0,0.0,1.0,0.0
2014-09-11 03:46:00+00:00,100.375,1.0,0.0,1.0,0.0
2014-09-11 03:46:06+00:00,100.00833333333333,1.0,0.0,1.0,0.0
2014-09-11 03:46:12+00:00,100.04833333333333,1.0,0.0,0.0,0.0
2014-09-11 03:46:18+00:00,100.28500000000001,0.0,0.0,1.0,0.0
2014-09-11 03:46:24+00:00,100.19166666666666,1.0,0.0,1.0,0.0
2014-09-11 03:46:30+00:00,100.14166666666667,1.0,0.0,0.0,0.0
2014-09-11 03:46:36+00:00,100.08,0.0,0.0,1.0,0.0
2014-09-11 03:46:42+00:00,100.10166666666667,1.0,0.0,1.0,0.0
2014-09-11 03:46:48+00:00,100.03500000000001,1.0,0.0,1.0,0.0
2014-09-11 03:46:54+00:00,100.13333333333333,1.0,0.0,1.0,0.0
2014-09-11 03:47:00+00:00,100.23,1.0,0.0,1.0,0.0
2014-09-11 03:47:06+00:00,100.59666666666668,1.0,0.0,1.0,0.0
2014-09-11 03:47:12+00:00,100.51833333333333,1.0,0.0,1.0,0.0
2014-09-11 03:47:18+00:00,100.85833333333333,1.0,0.0,0.0,0.0
2014-09-11 03:47:24+00:00,100.63833333333334,0.0,0.0,1.0,0.0
2014-09-11 03:47:30+00:00,100.825,1.0,0.0,1.0,0.0
2014-09-11 03:47:36+00:00,101.005,1.0,0.0,1.0,0.0
2014-09-11 03:47:42+00:00,100.84333333333332,1.0,0.0,0.0,0.0
2014-09-11 03:47:48+00:00,101.10666666666667,1.0,0.0,1.0,0.0
2014-09-11 03:47:54+00:00,100.77333333333333,0.0,0.0,1.0,0.0
2014-09-11 03:48:00+00:00,100.45333333333333,1.0,0.0,1.0,0.0
2014-09-11 03:48:06+00:00,301.94166666666666,1.0,0.0,1.0,0.0
2014-09-11 03:48:12+00:00,196.76833333333332,1.0,96.0,1.0,0.0
2014-09-11 03:48:18+00:00,195.98166666666668,1.0,94.0,1.0,0.0
2014-09-11 03:48:24+00:00,194.95166666666668,1.0,0.0,1.0,0.0
2014-09-11 03:48:30+00:00,193.865,1.0,93.0,1.0,0.0
2014-09-11 03:48:36+00:00,192.78666666666666,1.0,92.0,1.0,0.0
2014-09-11 03:48:42+00:00,192.92999999999998,1.0,92.0,1.0,0.0
2014-09-11 03:48:48+00:00,192.77333333333334,1.0,91.0,1.0,0.0
2014-09-11 03:48:54+00:00,192.47333333333333,1.0,91.0,1.0,0.0
2014-09-11 03:49:00+00:00,192.3083333333333,1.0,92.0,0.0,0.0
2014-09-11 03:49:06+00:00,192.73833333333334,0.0,0.0,1.0,0.0
2014-09-11 03:49:12+00:00,193.13333333333333,1.0,91.0,1.0,0.0
2014-09-11 03:49:18+00:00,193.13,1.0,92.0,0.0,0.0
2014-09-11 03:49:24+00:00,191.98333333333335,1.0,92.0,1.0,0.0
2014-09-11 03:49:30+00:00,190.045,0.0,90.0,1.0,0.0
2014-09-11 03:49:36+00:00,188.08,1.0,88.0,1.0,0.0
2014-09-11 03:49:42+00:00,186.21,0.0,0.0,1.0,0.0
2014-09-11 03:49:48+00:00,186.67333333333332,1.0,85.0,1.0,0.0
2014-09-11 03:49:54+00:00,185.98333333333332,1.0,86.0,1.0,0.0
2014-09-11 03:50:00+00:00,186.01833333333335,1.0,85.0,1.0,0.0
2014-09-11 03:50:06+00:00,185.84666666666666,1.0,85.0,0.0,0.0
2014-09-11 03:50:12+00:00,187.2266666666667,0.0,86.0,1.0,0.0
2014-09-11 03:50:18+00:00,187.23833333333334,1.0,86.0,1.0,0.0
2014-09-11 03:50:24+00:00,188.125,1.0,86.0,1.0,0.0
2014-09-11 03:50:30+00:00,188.83666666666667,1.0,88.0,1.0,0.0
2014-09-11 03:50:36+00:00,189.23000000000002,1.0,0.0,1.0,0.0
2014-09-11 03:50:42+00:00,189.41833333333332,1.0,88.0,1.0,0.0
2014-09-11 03:50:48+00:00,190.07666666666668,1.0,89.0,0.0,0.0
2014-09-11 03:50:54+00:00,190.62,1.0,88.0,1.0,0.0
2014-09-11 03:51:00+00:00,190.56333333333336,1.0,89.0,1.0,0.0
2014-09-11 03:51:06+00:00,190.915,0.0,89.0,1.0,0.0
2014-09-11 03:51:12+00:00,191.4283333333333,1.0,90.0,1.0,0.0
2014-09-11 03:51:18+00:00,191.86,1.0,90.0,0.0,0.0
2014-09-11 03:51:24+00:00,191.57833333333335,1.0,0.0,1.0,0.0
2014-09-11 03:51:30+00:00,191.97166666666666,1.0,90.0,1.0,0.0
2014-09-11 03:51:36+00:00,191.57666666666668,1.0,91.0,1.0,0.0
2014-09-11 03:51:42+00:00,192.34333333333333,1.0,91.0,0.0,0.0
2014-09-11 03:51:48+00:00,192.78,0.0,91.0,1.0,0.0
2014-09-11 03:51:54+00:00,193.26,1.0,0.0,1.0,0.0
2014-09-11 03:52:00+00:00,192.83,1.0,92.0,1.0,0.0
2014-09-11 03:52:06+00:00,192.80499999999998,1.0,92.0,0.0,0.0
2014-09-11 03:52:12+00:00,193.07333333333335,1.0,91.0,1.0,0.0
2014-09-11 03:52:18+00:00,193.32666666666668,0.0,0.0,1.0,0.0
2014-09-11 03:52:24+00:00,193.66,1.0,92.0,1.0,0.0
2014-09-11 03:52:30+00:00,193.68833333333336,1.0,92.0,1.0,0.0
2014-09-11 03:52:36+00:00,193.96833333333333,1.0,93.0,1.0,0.0
2014-09-11 03:52:42+00:00,194.70666666666668,1.0,92.0,1.0,0.0
2014-09-11 03:52:48+00:00,194.22166666666666,1.0,93.0,1.0,0.0
2014-09-11 03:52:54+00:00,193.71833333333333,1.0,93.0,0.0,0.0
2014-09-11 03:53:00+00:00,193.81333333333336,0.0,93.0,1.0,0.0
2014-09-11 03:53:06+00:00,194.40333333333334,1.0,93.0,1.0,0.0
2014-09-11 03:53:12+00:00,193.85833333333335,1.0,93.0,1.0,0.0
2014-09-11 03:53:18+00:00,194.16166666666666,1.0,93.0,1.0,0.0
2014-09-11 03:53:24+00:00,194.44000000000003,1.0,0.0,1.0,0.0
2014-09-11 03:53:30+00:00,194.36333333333334,1.0,93.0,1.0,0.0
2014-09-11 03:53:36+00:00,194.91666666666666,1.0,93.0,0.0,0.0
2014-09-11 03:53:42+00:00,195.465,1.0,94.0,1.0,0.0
2014-09-11 03:53:48+00:00,195.19000000000003,1.0,94.0,1.0,0.0
2014-09-11 03:53:54+00:00,195.085,0.0,94.0,1.0,0.0
2014-09-11 03:54:00+00:00,194.86333333333334,1.0,94.0,1.0,0.0
2014-09-11 03:54:06+00:00,194.82833333333335,1.0,0.0,1.0,0.0
2014-09-11 03:54:12+00:00,195.465,1.0,93.0,1.0,0.0
2014-09-11 03:54:18+00:00,195.13,1.0,94.0,0.0,0.0
2014-09-11 03:54:24+00:00,194.915,1.0,93.0,1.0,0.0
2014-09-11 03:54:30+00:00,194.95833333333334,1.0,93.0,1.0,0.0
2014-09-11 03:54:36+00:00,195.02666666666667,0.0,0.0,1.0,0.0
2014-09-11 03:54:42+00:00,194.745,1.0,93.0,1.0,0.0
2014-09-11 03:54:48+00:00,194.98666666666668,1.0,93.0,0.0,0.0
2014-09-11 03:54:54+00:00,194.55166666666665,0.0,93.0,1.0,0.0
2014-09-11 03:55:00+00:00,194.82000000000002,1.0,93.0,1.0,0.0
2014-09-11 03:55:06+00:00,194.62166666666667,1.0,93.0,1.0,0.0
2014-09-11 03:55:12+00:00,194.31499999999997,1.0,92.0,1.0,0.0
2014-09-11 03:55:18+00:00,194.09,1.0,93.0,1.0,0.0
2014-09-11 03:55:24+00:00,194.40166666666667,1.0,93.0,1.0,0.0
2014-09-11 03:55:30+00:00,193.965,1.0,0.0,1.0,0.0
2014-09-11 03:55:36+00:00,194.4333333333333,1.0,92.0,1.0,0.0
2014-09-11 03:55:42+00:00,194.06500000000003,1.0,93.0,0.0,0.0
2014-09-11 03:55:48+00:00,193.50833333333333,0.0,92.0,1.0,0.0
2014-09-11 03:55:54+00:00,193.88833333333332,1.0,92.0,1.0,0.0
2014-09-11 03:56:00+00:00,193.54666666666665,1.0,0.0,1.0,0.0
2014-09-11 03:56:06+00:00,193.30166666666665,1.0,92.0,1.0,0.0
2014-09-11 03:56:12+00:00,193.01333333333332,1.0,91.0,1.0,0.0
2014-09-11 03:56:18+00:00,192.845,1.0,91.0,0.0,0.0
2014-09-11 03:56:24+00:00,192.75,1.0,91.0,1.0,0.0
2014-09-11 03:56:30+00:00,193.225,0.0,0.0,1.0,0.0
2014-09-11 03:56:36+00:00,192.5533333333333,1.0,92.0,1.0,0.0
2014-09-11 03:56:42+00:00,192.77833333333334,1.0,91.0,0.0,0.0
2014-09-11 03:56:48+00:00,191.54833333333332,1.0,91.0,1.0,0.0
2014-09-11 03:56:54+00:00,192.07500000000002,0.0,0.0,1.0,0.0
2014-09-11 03:57:00+00:00,191.79,1.0,91.0,1.0,0.0
2014-09-11 03:57:06+00:00,191.84,1.0,91.0,1.0,0.0
2014-09-11 03:57:12+00:00,191.96833333333333,1.0,0.0,1.0,0.0
2014-09-11 03:57:18+00:00,191.96666666666667,1.0,90.5,0.0,0.0
2014-09-11 03:57:24+00:00,191.475,0.0,91.0,1.0,0.0
2014-09-11 03:57:30+00:00,191.86,1.0,0.0,1.0,0.0
2014-09-11 03:57:36+00:00,191.04333333333332,1.0,90.0,1.0,0.0
2014-09-11 03:57:42+00:00,192.04,1.0,90.0,0.0,0.0
2014-09-11 03:57:48+00:00,191.01666666666665,1.0,91.0,1.0,0.0
2014-09-11 03:57:54+00:00,191.47,0.0,90.0,1.0,0.0
2014-09-11 03:58:00+00:00,191.015,1.0,0.0,1.0,0.0
2014-09-11 03:58:06+00:00,191.23666666666668,1.0,89.0,1.0,0.0
2014-09-11 03:58:12+00:00,190.78,1.0,90.0,0.0,0.0
2014-09-11 03:58:18+00:00,191.385,1.0,90.0,1.0,0.0
2014-09-11 03:58:24+00:00,191.4766666666667,1.0,90.0,1.0,0.0
2014-09-11 03:58:30+00:00,191.36333333333334,0.0,0.0,1.0,0.0
2014-09-11 03:58:36+00:00,190.6916666666667,1.0,90.0,1.0,0.0
2014-09-11 03:58:42+00:00,190.88166666666666,1.0,90.0,0.0,0.0
2014-09-11 03:58:48+00:00,190.99166666666667,1.0,90.0,1.0,0.0
2014-09-11 03:58:54+00:00,190.58166666666668,0.0,0.0,1.0,0.0
2014-09-11 03:59:00+00:00,190.84166666666667,1.0,90.0,1.0,0.0
2014-09-11 03:59:06+00:00,190.49333333333334,1.0,89.0,0.0,0.0
2014-09-11 03:59:12+00:00,190.8983333333333,0.0,90.0,1.0,0.0
2014-09-11 03:59:18+00:00,190.845,1.0,89.0,1.0,0.0
2014-09-11 03:59:24+00:00,190.875,1.0,90.0,1.0,0.0
2014-09-11 03:59:30+00:00,190.61142857142858,1.0,0.0,1.0,0.0
2014-09-11 03:59:36+00:00,190.826,1.0,89.0,1.0,0.0
2014-09-11 03:59:42+00:00,191.1042857142857,1.0,90.0,1.0,0.0
2014-09-11 03:59:48+00:00,191.2266666666667,1.0,89.0,1.0,0.0
2014-09-11 03:59:54+00:00,190.82833333333335,1.0,89.0,0.0,0.0
2014-09-11 04:00:00+00:00,192.01,0.0,0.0,1.0,0.0
2014-09-11 04:00:06+00:00,192.01,1.0,90.0,1.0,0.0
2014-09-11 04:00:12+00:00,192.41166666666666,1.0,90.0,0.0,0.0
2014-09-11 04:00:18+00:00,192.27666666666667,1.0,91.0,1.0,0.0
2014-09-11 04:00:24+00:00,191.87666666666667,0.0,90.0,1.0,0.0
2014-09-11 04:00:30+00:00,192.0533333333333,1.0,89.0,1.0,0.0
2014-09-11 04:00:36+00:00,191.86833333333334,1.0,90.0,1.0,0.0
2014-09-11 04:00:42+00:00,192.39,1.0,90.0,1.0,0.0
2014-09-11 04:00:48+00:00,191.77428571428572,1.0,90.0,1.0,0.0
2014-09-11 04:00:54+00:00,192.228,1.0,90.0,1.0,0.0
2014-09-11 04:01:00+00:00,192.1657142857143,1.0,0.0,1.0,0.0
2014-09-11 04:01:06+00:00,192.13,1.0,90.0,1.0,0.0
2014-09-11 04:01:12+00:00,192.34166666666667,1.0,90.0,0.0,0.0
2014-09-11 04:01:18+00:00,192.1483333333333,1.0,90.0,1.0,0.0
2014-09-11 04:01:24+00:00,192.09333333333333,1.0,90.0,0.0,0.0
2014-09-11 04:01:30+00:00,191.59666666666666,0.0,0.0,1.0,0.0
2014-09-11 04:01:36+00:00,191.73833333333334,1.0,90.0,1.0,0.0
2014-09-11 04:01:42+00:00,192.06000000000003,1.0,90.0,0.0,0.0
2014-09-11 04:01:48+00:00,191.52833333333334,1.0,90.0,0.0,0.0
2014-09-11 04:01:54+00:00,191.96833333333333,1.0,90.0,1.0,0.0
2014-09-11 04:02:00+00:00,191.69833333333335,0.0,90.0,1.0,0.0
2014-09-11 04:02:06+00:00,191.835,1.0,0.0,1.0,0.0
2014-09-11 04:02:12+00:00,191.77666666666664,1.0,90.0,1.0,0.0
2014-09-11 04:02:18+00:00,192.22,1.0,90.0,0.0,0.0
2014-09-11 04:02:24+00:00,191.68166666666664,1.0,90.0,1.0,0.0
2014-09-11 04:02:30+00:00,191.85500000000002,0.0,90.0,1.0,0.0
2014-09-11 04:02:36+00:00,192.76999999999998,1.0,0.0,1.0,0.0
2014-09-11 04:02:42+00:00,193.15666666666667,1.0,90.0,1.0,0.0
2014-09-11 04:02:48+00:00,192.89333333333335,1.0,90.0,1.0,0.0
2014-09-11 04:02:54+00:00,192.70166666666668,1.0,90.0,0.0,0.0
2014-09-11 04:03:00+00:00,192.98833333333334,1.0,90.0,1.0,0.0
2014-09-11 04:03:06+00:00,193.82500000000002,1.0,90.0,1.0,0.0
2014-09-11 04:03:12+00:00,193.40666666666667,1.0,90.0,1.0,0.0
2014-09-11 04:03:18+00:00,193.36666666666667,1.0,90.0,1.0,0.0
2014-09-11 04:03:24+00:00,193.41,0.0,90.0,1.0,0.0
2014-09-11 04:03:30+00:00,193.0583333333333,1.0,0.0,1.0,0.0
2014-09-11 04:03:36+00:00,193.73666666666668,1.0,90.0,1.0,0.0
2014-09-11 04:03:42+00:00,192.51666666666665,1.0,90.0,1.0,0.0
2014-09-11 04:03:48+00:00,192.6,1.0,90.0,1.0,0.0
2014-09-11 04:03:54+00:00,192.3166666666667,1.0,90.0,1.0,0.0
2014-09-11 04:04:00+00:00,192.04333333333332,1.0,90.0,1.0,0.0
2014-09-11 04:04:06+00:00,192.29166666666666,1.0,89.0,0.0,0.0
2014-09-11 04:04:12+00:00,192.35500000000002,1.0,90.0,1.0,0.0
2014-09-11 04:04:18+00:00,191.7733333333333,0.0,89.0,1.0,0.0
2014-09-11 04:04:24+00:00,192.40833333333333,1.0,0.0,1.0,0.0
2014-09-11 04:04:30+00:00,192.02833333333334,1.0,90.0,1.0,0.0
2014-09-11 04:04:36+00:00,192.58166666666668,1.0,90.0,1.0,0.0
2014-09-11 04:04:42+00:00,192.31500000000003,1.0,90.0,1.0,0.0
2014-09-11 04:04:48+00:00,192.41166666666666,1.0,90.0,1.0,0.0
2014-09-11 04:04:54+00:00,192.3216666666667,1.0,90.0,1.0,0.0
2014-09-11 04:05:00+00:00,192.745,1.0,90.0,0.0,0.0
2014-09-11 04:05:06+00:00,192.235,0.0,0.0,1.0,0.0
2014-09-11 04:05:12+00:00,191.73499999999999,1.0,90.0,1.0,0.0
2014-09-11 04:05:18+00:00,191.78666666666666,1.0,91.0,1.0,0.0
2014-09-11 04:05:24+00:00,191.26333333333332,1.0,91.0,1.0,0.0
2014-09-11 04:05:30+00:00,191.50333333333333,1.0,90.0,1.0,0.0
2014-09-11 04:05:36+00:00,191.56000000000003,1.0,91.0,1.0,0.0
2014-09-11 04:05:42+00:00,191.63833333333332,1.0,90.0,1.0,0.0
2014-09-11 04:05:48+00:00,191.375,1.0,90.0,0.0,0.0
2014-09-11 04:05:54+00:00,191.53833333333333,0.0,90.0,1.0,0.0
2014-09-11 04:06:00+00:00,191.4766666666667,1.0,0.0,1.0,0.0
2014-09-11 04:06:06+00:00,192.25666666666666,1.0,90.0,1.0,0.0
2014-09-11 04:06:12+00:00,192.47166666666666,1.0,91.0,0.0,0.0
2014-09-11 04:06:18+00:00,191.60166666666666,1.0,90.0,1.0,0.0
2014-09-11 04:06:24+00:00,191.51,1.0,90.0,1.0,0.0
2014-09-11 04:06:30+00:00,191.205,0.0,0.0,1.0,0.0
2014-09-11 04:06:36+00:00,191.285,1.0,90.0,1.0,0.0
2014-09-11 04:06:42+00:00,191.11166666666668,1.0,90.0,1.0,0.0
2014-09-11 04:06:48+00:00,191.07833333333335,1.0,0.0,0.0,0.0
2014-09-11 04:06:54+00:00,191.19500000000002,1.0,90.0,1.0,0.0
2014-09-11 04:07:00+00:00,191.53833333333333,1.0,90.0,1.0,0.0
2014-09-11 04:07:06+00:00,191.36333333333334,1.0,91.0,1.0,0.0
2014-09-11 04:07:12+00:00,191.27166666666668,1.0,91.0,1.0,0.0
2014-09-11 04:07:18+00:00,191.375,0.0,90.0,1.0,0.0
2014-09-11 04:07:24+00:00,191.45833333333334,1.0,0.0,1.0,0.0
2014-09-11 04:07:30+00:00,190.89166666666665,1.0,91.0,1.0,0.0
2014-09-11 04:07:36+00:00,191.51666666666665,1.0,90.0,1.0,0.0
2014-09-11 04:07:42+00:00,191.01833333333335,1.0,90.0,0.0,0.0
2014-09-11 04:07:48+00:00,191.74166666666667,0.0,91.0,1.0,0.0
2014-09-11 04:07:54+00:00,191.365,1.0,0.0,1.0,0.0
2014-09-11 04:08:00+00:00,191.51999999999998,1.0,90.0,1.0,0.0
2014-09-11 04:08:06+00:00,191.74833333333333,1.0,91.0,0.0,0.0
2014-09-11 04:08:12+00:00,191.39666666666668,1.0,90.0,1.0,0.0
2014-09-11 04:08:18+00:00,191.02833333333334,1.0,90.0,1.0,0.0
2014-09-11 04:08:24+00:00,191.155,1.0,91.0,1.0,0.0
2014-09-11 04:08:30+00:00,190.72,1.0,90.0,1.0,0.0
2014-09-11 04:08:36+00:00,191.17999999999998,0.0,90.0,1.0,0.0
2014-09-11 04:08:42+00:00,191.31500000000003,1.0,0.0,1.0,0.0
2014-09-11 04:08:48+00:00,191.0533333333333,1.0,91.0,1.0,0.0
2014-09-11 04:08:54+00:00,191.21,1.0,90.0,0.0,0.0
2014-09-11 04:09:00+00:00,191.30499999999998,0.0,91.0,1.0,0.0
2014-09-11 04:09:06+00:00,190.83,1.0,0.0,1.0,0.0
2014-09-11 04:09:12+00:00,190.92333333333332,1.0,90.0,1.0,0.0
2014-09-11 04:09:18+00:00,191.275,1.0,90.0,1.0,0.0
2014-09-11 04:09:24+00:00,190.785,1.0,90.0,0.0,0.0
2014-09-11 04:09:30+00:00,191.17999999999998,0.0,90.0,1.0,0.0
2014-09-11 04:09:36+00:00,190.9766666666667,1.0,90.0,1.0,0.0
2014-09-11 04:09:42+00:00,190.88666666666666,1.0,0.0,1.0,0.0
2014-09-11 04:09:48+00:00,191.06000000000003,1.0,90.0,1.0,0.0
2014-09-11 04:09:54+00:00,190.98333333333335,1.0,91.0,0.0,0.0
2014-09-11 04:10:00+00:00,190.99333333333334,1.0,91.0,1.0,0.0
2014-09-11 04:10:06+00:00,191.13,1.0,90.0,1.0,0.0
2014-09-11 04:10:12+00:00,190.81833333333336,0.0,90.0,1.0,0.0
2014-09-11 04:10:18+00:00,191.045,1.0,0.0,1.0,0.0
2014-09-11 04:10:24+00:00,191.26,1.0,91.0,1.0,0.0
2014-09-11 04:10:30+00:00,191.3116666666667,1.0,90.0,0.0,0.0
2014-09-11 04:10:36+00:00,191.17999999999998,0.0,91.0,1.0,0.0
2014-09-11 04:10:42+00:00,191.82833333333335,1.0,0.0,1.0,0.0
2014-09-11 04:10:48+00:00,192.455,1.0,91.0,1.0,0.0
2014-09-11 04:10:54+00:00,192.99,1.0,91.0,0.0,0.0
2014-09-11 04:11:00+00:00,193.07000000000002,0.0,0.0,1.0,0.0
2014-09-11 04:11:06+00:00,193.56499999999997,1.0,92.0,1.0,0.0
2014-09-11 04:11:12+00:00,194.07833333333335,1.0,93.0,1.0,0.0
2014-09-11 04:11:18+00:00,193.82333333333335,1.0,93.0,1.0,0.0
2014-09-11 04:11:24+00:00,193.36166666666668,1.0,93.0,1.0,0.0
2014-09-11 04:11:30+00:00,193.28666666666666,1.0,93.0,0.0,0.0
2014-09-11 04:11:36+00:00,193.15833333333333,1.0,92.0,1.0,0.0
2014-09-11 04:11:42+00:00,192.76999999999998,1.0,92.0,1.0,0.0
2014-09-11 04:11:48+00:00,192.47666666666666,0.0,92.0,1.0,0.0
2014-09-11 04:11:54+00:00,192.48000000000002,1.0,0.0,1.0,0.0
2014-09-11 04:12:00+00:00,192.25333333333333,1.0,92.0,1.0,0.0
2014-09-11 04:12:06+00:00,191.885,1.0,92.0,1.0,0.0
2014-09-11 04:12:12+00:00,191.60666666666668,1.0,91.0,0.0,0.0
2014-09-11 04:12:18+00:00,191.335,1.0,91.0,1.0,0.0
2014-09-11 04:12:24+00:00,191.125,0.0,0.0,1.0,0.0
2014-09-11 04:12:30+00:00,190.79833333333332,1.0,90.0,1.0,0.0
2014-09-11 04:12:36+00:00,190.55499999999998,1.0,90.0,1.0,0.0
2014-09-11 04:12:42+00:00,189.92333333333332,1.0,90.0,1.0,0.0
2014-09-11 04:12:48+00:00,189.69333333333336,1.0,89.0,0.0,0.0
2014-09-11 04:12:54+00:00,189.22833333333332,0.0,89.0,1.0,0.0
2014-09-11 04:13:00+00:00,189.15833333333333,1.0,89.0,1.0,0.0
2014-09-11 04:13:06+00:00,188.9766666666667,1.0,88.0,1.0,0.0
2014-09-11 04:13:12+00:00,188.79166666666666,1.0,88.0,1.0,0.0
2014-09-11 04:13:18+00:00,188.62666666666667,1.0,0.0,1.0,0.0
2014-09-11 04:13:24+00:00,188.49166666666667,1.0,88.0,1.0,0.0
2014-09-11 04:13:30+00:00,188.46,1.0,88.0,0.0,0.0
2014-09-11 04:13:36+00:00,188.16333333333333,1.0,87.0,1.0,0.0
2014-09-11 04:13:42+00:00,187.75833333333333,1.0,87.0,1.0,0.0
2014-09-11 04:13:48+00:00,187.88166666666666,0.0,87.0,1.0,0.0
2014-09-11 04:13:54+00:00,187.3033333333333,1.0,87.0,1.0,0.0
2014-09-11 04:14:00+00:00,187.09666666666666,0.0,0.0,1.0,0.0
2014-09-11 04:14:06+00:00,187.025,1.0,87.0,1.0,0.0
2014-09-11 04:14:12+00:00,187.10166666666666,1.0,86.0,1.0,0.0
2014-09-11 04:14:18+00:00,186.81500000000003,1.0,86.0,1.0,0.0
2014-09-11 04:14:24+00:00,186.59666666666666,1.0,86.0,0.0,0.0
2014-09-11 04:14:30+00:00,186.6833333333333,1.0,86.0,1.0,0.0
2014-09-11 04:14:36+00:00,186.63166666666666,0.0,86.0,1.0,0.0
2014-09-11 04:14:42+00:00,185.8983333333333,1.0,0.0,1.0,0.0
2014-09-11 04:14:48+00:00,185.99166666666667,1.0,86.0,1.0,0.0
2014-09-11 04:14:54+00:00,185.96333333333334,1.0,86.0,0.0,0.0
2014-09-11 04:15:00+00:00,186.09333333333333,1.0,85.0,1.0,0.0
2014-09-11 04:15:06+00:00,186.17166666666665,1.0,85.0,1.0,0.0
2014-09-11 04:15:12+00:00,185.69833333333335,1.0,86.0,1.0,0.0
2014-09-11 04:15:18+00:00,185.51666666666665,1.0,85.0,1.0,0.0
2014-09-11 04:15:24+00:00,185.39333333333332,1.0,85.0,1.0,0.0
2014-09-11 04:15:30+00:00,185.99166666666667,0.0,0.0,1.0,0.0
2014-09-11 04:15:36+00:00,185.50333333333333,1.0,85.0,1.0,0.0
2014-09-11 04:15:42+00:00,185.48333333333335,1.0,85.0,1.0,0.0
2014-09-11 04:15:48+00:00,185.085,1.0,85.0,1.0,0.0
2014-09-11 04:15:54+00:00,184.9466666666667,1.0,85.0,1.0,0.0
2014-09-11 04:16:00+00:00,184.56166666666664,1.0,85.0,0.0,0.0
2014-09-11 04:16:06+00:00,184.59666666666666,1.0,84.0,1.0,0.0
2014-09-11 04:16:12+00:00,184.53,0.0,85.0,1.0,0.0
2014-09-11 04:16:18+00:00,184.7266666666667,1.0,0.0,1.0,0.0
2014-09-11 04:16:24+00:00,184.65166666666667,1.0,84.0,1.0,0.0
2014-09-11 04:16:30+00:00,184.205,1.0,84.0,0.0,0.0
2014-09-11 04:16:36+00:00,184.63666666666666,1.0,85.0,1.0,0.0
2014-09-11 04:16:42+00:00,170.87666666666667,1.0,84.0,0.0,0.0
2014-09-11 04:16:48+00:00,99.15166666666666,0.0,0.0,1.0,0.0
2014-09-11 04:16:54+00:00,99.185,1.0,84.0,1.0,0.0
2014-09-11 04:17:00+00:00,99.14333333333333,1.0,0.0,1.0,0.0
2014-09-11 04:17:06+00:00,99.18666666666667,1.0,0.0,1.0,0.0
2014-09-11 04:17:12+00:00,99.39999999999999,1.0,0.0,1.0,0.0
2014-09-11 04:17:18+00:00,99.28833333333334,1.0,0.0,0.0,0.0
2014-09-11 04:17:24+00:00,99.435,0.0,0.0,1.0,0.0
2014-09-11 04:17:30+00:00,99.28666666666668,1.0,0.0,1.0,0.0
2014-09-11 04:17:36+00:00,99.87166666666667,1.0,0.0,1.0,0.0
2014-09-11 04:17:42+00:00,99.22833333333334,1.0,0.0,1.0,0.0
2014-09-11 04:17:48+00:00,99.37166666666667,1.0,0.0,1.0,0.0
2014-09-11 04:17:54+00:00,99.44666666666666,1.0,0.0,1.0,0.0
2014-09-11 04:18:00+00:00,99.20166666666667,1.0,0.0,0.0,0.0
2014-09-11 04:18:06+00:00,99.31833333333333,1.0,0.0,1.0,0.0
2014-09-11 04:18:12+00:00,99.125,1.0,0.0,1.0,0.0
2014-09-11 04:18:18+00:00,99.295,1.0,0.0,1.0,0.0
2014-09-11 04:18:24+00:00,99.41833333333334,0.0,0.0,1.0,0.0
2014-09-11 04:18:30+00:00,99.21999999999998,1.0,0.0,1.0,0.0
2014-09-11 04:18:36+00:00,99.50833333333333,1.0,0.0,1.0,0.0
2014-09-11 04:18:42+00:00,99.52999999999999,1.0,0.0,1.0,0.0
2014-09-11 04:18:48+00:00,99.45166666666667,1.0,0.0,0.0,0.0
2014-09-11 04:18:54+00:00,98.82666666666667,1.0,0.0,1.0,0.0
2014-09-11 04:19:00+00:00,99.08,0.0,0.0,1.0,0.0
2014-09-11 04:19:06+00:00,99.06,1.0,0.0,1.0,0.0
2014-09-11 04:19:12+00:00,98.91000000000001,1.0,0.0,1.0,0.0
2014-09-11 04:19:18+00:00,99.08666666666666,1.0,0.0,0.0,0.0
2014-09-11 04:19:24+00:00,99.18166666666667,1.0,0.0,1.0,0.0
2014-09-11 04:19:30+00:00,99.02333333333333,1.0,0.0,1.0,0.0
2014-09-11 04:19:36+00:00,99.19166666666666,1.0,0.0,1.0,0.0
2014-09-11 04:19:42+00:00,99.14833333333333,0.0,0.0,1.0,0.0
2014-09-11 04:19:48+00:00,99.30833333333334,1.0,0.0,1.0,0.0
2014-09-11 04:19:54+00:00,98.94,1.0,0.0,1.0,0.0
2014-09-11 04:20:00+00:00,98.67833333333334,1.0,0.0,1.0,0.0
2014-09-11 04:20:06+00:00,99.075,1.0,0.0,0.0,0.0
2014-09-11 04:20:12+00:00,98.99166666666667,1.0,0.0,1.0,0.0
2014-09-11 04:20:18+00:00,99.955,0.0,0.0,1.0,0.0
2014-09-11 04:20:24+00:00,99.28333333333335,1.0,0.0,1.0,0.0
2014-09-11 04:20:30+00:00,99.00666666666666,1.0,0.0,1.0,0.0
2014-09-11 04:20:36+00:00,99.45,1.0,0.0,1.0,0.0
2014-09-11 04:20:42+00:00,99.03333333333335,1.0,0.0,1.0,0.0
2014-09-11 04:20:48+00:00,99.21833333333332,1.0,0.0,1.0,0.0
2014-09-11 04:20:54+00:00,99.38833333333334,1.0,0.0,1.0,0.0
2014-09-11 04:21:00+00:00,99.21833333333335,1.0,0.0,1.0,0.0
2014-09-11 04:21:06+00:00,99.25,1.0,0.0,0.0,0.0
2014-09-11 04:21:12+00:00,99.23166666666667,0.0,0.0,1.0,0.0
2014-09-11 04:21:18+00:00,99.28666666666668,1.0,0.0,1.0,0.0
2014-09-11 04:21:24+00:00,99.43,1.0,0.0,1.0,0.0
2014-09-11 04:21:30+00:00,99.66000000000001,1.0,0.0,1.0,0.0
2014-09-11 04:21:36+00:00,100.11666666666667,1.0,0.0,1.0,0.0
2014-09-11 04:21:42+00:00,99.425,1.0,0.0,1.0,0.0
2014-09-11 04:21:48+00:00,99.38333333333333,1.0,0.0,1.0,0.0
2014-09-11 04:21:54+00:00,99.41666666666667,1.0,0.0,0.0,0.0
2014-09-11 04:22:00+00:00,99.42833333333333,1.0,0.0,1.0,0.0
2014-09-11 04:22:06+00:00,99.44833333333334,0.0,0.0,1.0,0.0
2014-09-11 04:22:12+00:00,99.235,1.0,0.0,1.0,0.0
2014-09-11 04:22:18+00:00,99.23,1.0,0.0,1.0,0.0
2014-09-11 04:22:24+00:00,99.34499999999998,1.0,0.0,1.0,0.0
2014-09-11 04:22:30+00:00,99.14999999999999,1.0,0.0,1.0,0.0
2014-09-11 04:22:36+00:00,99.84333333333332,2.0,0.0,1.0,0.0
2014-09-11 04:22:42+00:00,99.375,2.0,0.0,1.0,0.0
2014-09-11 04:22:48+00:00,99.52833333333332,1.0,0.0,1.0,0.0
2014-09-11 04:22:54+00:00,99.42333333333333,1.0,0.0,1.0,0.0
2014-09-11 04:23:00+00:00,99.43333333333334,1.0,0.0,1.0,0.0
2014-09-11 04:23:06+00:00,98.83833333333332,1.0,0.0,1.0,0.0
2014-09-11 04:23:12+00:00,99.27999999999999,1.0,0.0,0.0,0.0
2014-09-11 04:23:18+00:00,99.30333333333334,1.0,0.0,1.0,0.0
2014-09-11 04:23:24+00:00,99.70666666666666,0.0,0.0,1.0,0.0
2014-09-11 04:23:30+00:00,99.32666666666667,1.0,0.0,1.0,0.0
2014-09-11 04:23:36+00:00,99.88166666666666,1.0,0.0,0.0,0.0
2014-09-11 04:23:42+00:00,99.24000000000001,1.0,0.0,1.0,0.0
2014-09-11 04:23:48+00:00,99.48333333333333,0.0,0.0,1.0,0.0
2014-09-11 04:23:54+00:00,99.22666666666667,1.0,0.0,1.0,0.0
2014-09-11 04:24:00+00:00,99.12333333333333,1.0,0.0,1.0,0.0
2014-09-11 04:24:06+00:00,99.11166666666666,1.0,0.0,1.0,0.0
2014-09-11 04:24:12+00:00,98.73833333333334,1.0,0.0,0.0,0.0
2014-09-11 04:24:18+00:00,99.12,1.0,0.0,1.0,0.0
2014-09-11 04:24:24+00:00,99.11666666666667,1.0,0.0,1.0,0.0
2014-09-11 04:24:30+00:00,98.97428571428573,0.0,0.0,1.0,0.0
2014-09-11 04:24:36+00:00,98.856,1.0,0.0,1.0,0.0
2014-09-11 04:24:42+00:00,99.21000000000001,1.0,0.0,1.0,0.0
2014-09-11 04:24:48+00:00,99.46166666666666,1.0,0.0,1.0,0.0
2014-09-11 04:24:54+00:00,98.95333333333333,1.0,0.0,0.0,0.0
2014-09-11 04:25:00+00:00,99.60000000000001,1.0,0.0,1.0,0.0
2014-09-11 04:25:06+00:00,99.25166666666667,1.0,0.0,1.0,0.0
2014-09-11 04:25:12+00:00,99.02166666666666,1.0,0.0,1.0,0.0
2014-09-11 04:25:18+00:00,99.06666666666666,1.0,0.0,1.0,0.0
2014-09-11 04:25:24+00:00,99.045,1.0,0.0,1.0,0.0
2014-09-11 04:25:30+00:00,99.2,0.0,0.0,1.0,0.0
2014-09-11 04:25:36+00:00,98.98666666666668,1.0,0.0,1.0,0.0
2014-09-11 04:25:42+00:00,99.07833333333333,1.0,0.0,1.0,0.0
2014-09-11 04:25:48+00:00,98.93833333333333,1.0,0.0,0.0,0.0
2014-09-11 04:25:54+00:00,99.24666666666667,0.0,0.0,1.0,0.0
2014-09-11 04:26:00+00:00,98.89999999999999,1.0,0.0,1.0,0.0
2014-09-11 04:26:06+00:00,99.11833333333334,1.0,0.0,1.0,0.0
2014-09-11 04:26:12+00:00,99.04666666666667,1.0,0.0,0.0,0.0
2014-09-11 04:26:18+00:00,98.84333333333332,0.0,0.0,1.0,0.0
2014-09-11 04:26:24+00:00,98.82,1.0,0.0,1.0,0.0
2014-09-11 04:26:30+00:00,98.68,1.0,0.0,1.0,0.0
2014-09-11 04:26:36+00:00,99.18666666666667,1.0,0.0,1.0,0.0
2014-09-11 04:26:42+00:00,99.06,1.0,0.0,1.0,0.0
2014-09-11 04:26:48+00:00,99.61833333333334,1.0,0.0,1.0,0.0
2014-09-11 04:26:54+00:00,99.21666666666665,1.0,0.0,1.0,0.0
2014-09-11 04:27:00+00:00,99.23166666666667,1.0,0.0,0.0,0.0
2014-09-11 04:27:06+00:00,99.14166666666667,1.0,0.0,1.0,0.0
2014-09-11 04:27:12+00:00,99.12166666666667,0.0,0.0,1.0,0.0
2014-09-11 04:27:18+00:00,99.17666666666668,1.0,0.0,1.0,0.0
2014-09-11 04:27:24+00:00,99.04166666666667,1.0,0.0,0.0,0.0
2014-09-11 04:27:30+00:00,99.17666666666666,1.0,0.0,1.0,0.0
2014-09-11 04:27:36+00:00,99.16166666666668,0.0,0.0,1.0,0.0
2014-09-11 04:27:42+00:00,98.84833333333334,1.0,0.0,1.0,0.0
2014-09-11 04:27:48+00:00,98.875,1.0,0.0,1.0,0.0
2014-09-11 04:27:54+00:00,99.00833333333333,1.0,0.0,0.0,0.0
2014-09-11 04:28:00+00:00,98.96166666666666,0.0,0.0,1.0,0.0
2014-09-11 04:28:06+00:00,98.87833333333333,1.0,0.0,1.0,0.0
2014-09-11 04:28:12+00:00,99.005,1.0,0.0,1.0,0.0
2014-09-11 04:28:18+00:00,98.90333333333332,1.0,0.0,1.0,0.0
2014-09-11 04:28:24+00:00,99.37166666666667,1.0,0.0,1.0,0.0
2014-09-11 04:28:30+00:00,99.11166666666666,1.0,0.0,1.0,0.0
2014-09-11 04:28:36+00:00,98.72833333333334,1.0,0.0,0.0,0.0
2014-09-11 04:28:42+00:00,99.01166666666666,0.0,0.0,1.0,0.0
2014-09-11 04:28:48+00:00,99.13833333333332,1.0,0.0,1.0,0.0
2014-09-11 04:28:54+00:00,99.03000000000002,1.0,0.0,1.0,0.0
2014-09-11 04:29:00+00:00,99.13333333333333,1.0,0.0,1.0,0.0
2014-09-11 04:29:06+00:00,99.11833333333334,1.0,0.0,0.0,0.0
2014-09-11 04:29:12+00:00,99.03333333333335,1.0,0.0,1.0,0.0
2014-09-11 04:29:18+00:00,98.75666666666666,1.0,0.0,0.0,0.0
2014-09-11 04:29:24+00:00,98.57166666666666,0.0,0.0,1.0,0.0
2014-09-11 04:29:30+00:00,98.67833333333334,1.0,0.0,1.0,0.0
2014-09-11 04:29:36+00:00,98.70166666666667,1.0,0.0,1.0,0.0
2014-09-11 04:29:42+00:00,98.64666666666666,1.0,0.0,0.0,0.0
2014-09-11 04:29:48+00:00,98.94166666666666,0.0,0.0,1.0,0.0
2014-09-11 04:29:54+00:00,99.12666666666667,1.0,0.0,1.0,0.0
2014-09-11 04:30:00+00:00,98.44333333333333,1.0,0.0,1.0,0.0
2014-09-11 04:30:06+00:00,98.87833333333333,1.0,0.0,1.0,0.0
2014-09-11 04:30:12+00:00,98.80333333333334,1.0,0.0,0.0,0.0
2014-09-11 04:30:18+00:00,98.505,0.0,0.0,1.0,0.0
2014-09-11 04:30:24+00:00,98.76833333333333,1.0,0.0,1.0,0.0
2014-09-11 04:30:30+00:00,98.51833333333333,1.0,0.0,1.0,0.0
2014-09-11 04:30:36+00:00,98.68166666666667,1.0,0.0,0.0,0.0
2014-09-11 04:30:42+00:00,98.395,1.0,0.0,1.0,0.0
2014-09-11 04:30:48+00:00,98.37833333333333,1.0,0.0,0.0,0.0
2014-09-11 04:30:54+00:00,98.38499999999999,0.0,0.0,1.0,0.0
2014-09-11 04:31:00+00:00,98.55499999999999,1.0,0.0,1.0,0.0
2014-09-11 04:31:06+00:00,98.44666666666667,1.0,0.0,0.0,0.0
2014-09-11 04:31:12+00:00,98.34833333333334,1.0,0.0,1.0,0.0
2014-09-11 04:31:18+00:00,98.39,1.0,0.0,1.0,0.0
2014-09-11 04:31:24+00:00,98.80833333333334,1.0,0.0,1.0,0.0
2014-09-11 04:31:30+00:00,98.46499999999999,1.0,0.0,1.0,0.0
2014-09-11 04:31:36+00:00,98.35833333333333,0.0,0.0,1.0,0.0
2014-09-11 04:31:42+00:00,98.56,1.0,0.0,1.0,0.0
2014-09-11 04:31:48+00:00,98.78833333333334,1.0,0.0,1.0,0.0
2014-09-11 04:31:54+00:00,98.68666666666667,1.0,0.0,1.0,0.0
2014-09-11 04:32:00+00:00,98.58833333333332,1.0,0.0,0.0,0.0
2014-09-11 04:32:06+00:00,99.06166666666667,0.0,0.0,1.0,0.0
2014-09-11 04:32:12+00:00,98.72833333333334,1.0,0.0,1.0,0.0
2014-09-11 04:32:18+00:00,98.71333333333332,1.0,0.0,1.0,0.0
2014-09-11 04:32:24+00:00,98.79166666666667,1.0,0.0,1.0,0.0
2014-09-11 04:32:30+00:00,99.19666666666667,1.0,0.0,1.0,0.0
2014-09-11 04:32:36+00:00,98.855,1.0,0.0,1.0,0.0
2014-09-11 04:32:42+00:00,99.73166666666667,1.0,0.0,1.0,0.0
2014-09-11 04:32:48+00:00,99.40833333333335,1.0,0.0,0.0,0.0
2014-09-11 04:32:54+00:00,99.10833333333333,0.0,0.0,1.0,0.0
2014-09-11 04:33:00+00:00,99.84333333333335,1.0,0.0,1.0,0.0
2014-09-11 04:33:06+00:00,99.29166666666667,1.0,0.0,1.0,0.0
2014-09-11 04:33:12+00:00,99.34833333333334,1.0,0.0,0.0,0.0
2014-09-11 04:33:18+00:00,99.31666666666666,1.0,0.0,1.0,0.0
2014-09-11 04:33:24+00:00,99.39,1.0,0.0,1.0,0.0
2014-09-11 04:33:30+00:00,99.83999999999999,1.0,0.0,1.0,0.0
2014-09-11 04:33:36+00:00,99.32,0.0,0.0,1.0,0.0
2014-09-11 04:33:42+00:00,99.165,1.0,0.0,1.0,0.0
2014-09-11 04:33:48+00:00,99.44333333333333,1.0,0.0,1.0,0.0
2014-09-11 04:33:54+00:00,98.87666666666667,1.0,0.0,1.0,0.0
2014-09-11 04:34:00+00:00,99.20166666666667,1.0,0.0,1.0,0.0
2014-09-11 04:34:06+00:00,99.24666666666667,1.0,0.0,0.0,0.0
2014-09-11 04:34:12+00:00,99.28166666666668,0.0,0.0,1.0,0.0
2014-09-11 04:34:18+00:00,99.11666666666667,1.0,0.0,1.0,0.0
2014-09-11 04:34:24+00:00,99.18166666666667,1.0,0.0,1.0,0.0
2014-09-11 04:34:30+00:00,99.63499999999999,1.0,0.0,1.0,0.0
2014-09-11 04:34:36+00:00,99.66166666666668,1.0,0.0,1.0,0.0
2014-09-11 04:34:42+00:00,99.33333333333333,1.0,0.0,1.0,0.0
2014-09-11 04:34:48+00:00,99.055,1.0,0.0,0.0,0.0
2014-09-11 04:34:54+00:00,98.81166666666667,0.0,0.0,1.0,0.0
2014-09-11 04:35:00+00:00,99.16666666666667,1.0,0.0,1.0,0.0
2014-09-11 04:35:06+00:00,99.10000000000001,1.0,0.0,1.0,0.0
2014-09-11 04:35:12+00:00,99.15833333333335,1.0,0.0,1.0,0.0
2014-09-11 04:35:18+00:00,99.425,1.0,0.0,1.0,0.0
2014-09-11 04:35:24+00:00,99.25333333333333,1.0,0.0,1.0,0.0
2014-09-11 04:35:30+00:00,99.70166666666667,1.0,0.0,1.0,0.0
2014-09-11 04:35:36+00:00,99.02499999999999,1.0,0.0,0.0,0.0
2014-09-11 04:35:42+00:00,99.005,1.0,0.0,1.0,0.0
2014-09-11 04:35:48+00:00,99.01166666666667,0.0,0.0,1.0,0.0
2014-09-11 04:35:54+00:00,99.21666666666665,1.0,0.0,1.0,0.0
2014-09-11 04:36:00+00:00,99.41166666666668,1.0,0.0,1.0,0.0
2014-09-11 04:36:06+00:00,98.85000000000001,1.0,0.0,0.0,0.0
2014-09-11 04:36:12+00:00,98.895,1.0,0.0,1.0,0.0
2014-09-11 04:36:18+00:00,99.16000000000001,1.0,0.0,1.0,0.0
2014-09-11 04:36:24+00:00,99.34666666666665,0.0,0.0,1.0,0.0
2014-09-11 04:36:30+00:00,99.14333333333333,1.0,0.0,1.0,0.0
2014-09-11 04:36:36+00:00,99.27666666666666,1.0,0.0,1.0,0.0
2014-09-11 04:36:42+00:00,99.305,1.0,0.0,1.0,0.0
2014-09-11 04:36:48+00:00,98.90499999999999,1.0,0.0,1.0,0.0
2014-09-11 04:36:54+00:00,99.23833333333334,1.0,0.0,0.0,0.0
2014-09-11 04:37:00+00:00,99.835,1.0,0.0,1.0,0.0
2014-09-11 04:37:06+00:00,99.45,1.0,0.0,1.0,0.0
2014-09-11 04:37:12+00:00,99.56166666666667,0.0,0.0,1.0,0.0
2014-09-11 04:37:18+00:00,99.44,1.0,0.0,1.0,0.0
2014-09-11 04:37:24+00:00,99.20333333333333,1.0,0.0,1.0,0.0
2014-09-11 04:37:30+00:00,99.22333333333334,1.0,0.0,0.0,0.0
2014-09-11 04:37:36+00:00,99.51666666666667,1.0,0.0,1.0,0.0
2014-09-11 04:37:42+00:00,99.27333333333333,1.0,0.0,1.0,0.0
2014-09-11 04:37:48+00:00,99.14166666666667,0.0,0.0,1.0,0.0
2014-09-11 04:37:54+00:00,99.06666666666666,1.0,0.0,1.0,0.0
2014-09-11 04:38:00+00:00,99.30333333333334,1.0,0.0,0.0,0.0
2014-09-11 04:38:06+00:00,99.04166666666667,1.0,0.0,1.0,0.0
2014-09-11 04:38:12+00:00,99.11833333333334,1.0,0.0,1.0,0.0
2014-09-11 04:38:18+00:00,99.19166666666666,1.0,0.0,1.0,0.0
2014-09-11 04:38:24+00:00,98.90500000000002,0.0,0.0,1.0,0.0
2014-09-11 04:38:30+00:00,99.795,1.0,0.0,1.0,0.0
2014-09-11 04:38:36+00:00,99.245,1.0,0.0,1.0,0.0
2014-09-11 04:38:42+00:00,99.23666666666666,1.0,0.0,1.0,0.0
2014-09-11 04:38:48+00:00,99.21166666666666,1.0,0.0,1.0,0.0
2014-09-11 04:38:54+00:00,99.07333333333334,1.0,0.0,1.0,0.0
2014-09-11 04:39:00+00:00,98.99333333333334,1.0,0.0,1.0,0.0
2014-09-11 04:39:06+00:00,98.72166666666668,1.0,0.0,0.0,0.0
2014-09-11 04:39:12+00:00,98.95166666666667,0.0,0.0,1.0,0.0
2014-09-11 04:39:18+00:00,99.57,1.0,0.0,1.0,0.0
2014-09-11 04:39:24+00:00,99.63833333333332,1.0,0.0,1.0,0.0
2014-09-11 04:39:30+00:00,98.92333333333333,1.0,0.0,1.0,0.0
2014-09-11 04:39:36+00:00,99.26833333333333,1.0,0.0,1.0,0.0
2014-09-11 04:39:42+00:00,99.03333333333335,1.0,0.0,1.0,0.0
2014-09-11 04:39:48+00:00,98.90499999999999,1.0,0.0,0.0,0.0
2014-09-11 04:39:54+00:00,99.04833333333333,0.0,0.0,1.0,0.0
2014-09-11 04:40:00+00:00,99.01666666666667,1.0,0.0,1.0,0.0
2014-09-11 04:40:06+00:00,99.22666666666667,1.0,0.0,1.0,0.0
2014-09-11 04:40:12+00:00,98.70833333333333,1.0,0.0,1.0,0.0
2014-09-11 04:40:18+00:00,98.78666666666668,1.0,0.0,0.0,0.0
2014-09-11 04:40:24+00:00,99.43,1.0,0.0,1.0,0.0
2014-09-11 04:40:30+00:00,99.185,1.0,0.0,1.0,0.0
2014-09-11 04:40:36+00:00,99.26833333333333,1.0,0.0,1.0,0.0
2014-09-11 04:40:42+00:00,99.48833333333333,1.0,0.0,1.0,0.0
2014-09-11 04:40:48+00:00,99.27,0.0,0.0,1.0,0.0
2014-09-11 04:40:54+00:00,99.22333333333334,1.0,0.0,1.0,0.0
2014-09-11 04:41:00+00:00,99.14833333333333,1.0,0.0,0.0,0.0
2014-09-11 04:41:06+00:00,99.09666666666668,0.0,0.0,1.0,0.0
2014-09-11 04:41:12+00:00,99.12333333333333,1.0,0.0,1.0,0.0
2014-09-11 04:41:18+00:00,99.34499999999998,1.0,0.0,1.0,0.0
2014-09-11 04:41:24+00:00,99.08999999999999,1.0,0.0,1.0,0.0
2014-09-11 04:41:30+00:00,99.30666666666667,1.0,0.0,0.0,0.0
2014-09-11 04:41:36+00:00,98.94333333333333,0.0,0.0,1.0,0.0
2014-09-11 04:41:42+00:00,99.38833333333334,1.0,0.0,1.0,0.0
2014-09-11 04:41:48+00:00,99.29833333333333,1.0,0.0,1.0,0.0
2014-09-11 04:41:54+00:00,99.29166666666667,1.0,0.0,1.0,0.0
2014-09-11 04:42:00+00:00,98.825,1.0,0.0,0.0,0.0
2014-09-11 04:42:06+00:00,99.11833333333334,1.0,0.0,1.0,0.0
2014-09-11 04:42:12+00:00,98.96999999999998,1.0,0.0,1.0,0.0
2014-09-11 04:42:18+00:00,99.19666666666667,0.0,0.0,1.0,0.0
2014-09-11 04:42:24+00:00,99.16166666666668,1.0,0.0,1.0,0.0
2014-09-11 04:42:30+00:00,99.21166666666666,1.0,0.0,1.0,0.0
2014-09-11 04:42:36+00:00,99.10000000000001,1.0,0.0,0.0,0.0
2014-09-11 04:42:42+00:00,98.995,1.0,0.0,1.0,0.0
2014-09-11 04:42:48+00:00,98.99666666666667,1.0,0.0,1.0,0.0
2014-09-11 04:42:54+00:00,98.89166666666667,0.0,0.0,1.0,0.0
2014-09-11 04:43:00+00:00,99.19333333333333,1.0,0.0,1.0,0.0
2014-09-11 04:43:06+00:00,99.145,1.0,0.0,1.0,0.0
2014-09-11 04:43:12+00:00,98.96,1.0,0.0,1.0,0.0
2014-09-11 04:43:18+00:00,99.13833333333334,1.0,0.0,1.0,0.0
2014-09-11 04:43:24+00:00,99.005,1.0,0.0,1.0,0.0
2014-09-11 04:43:30+00:00,99.07166666666666,1.0,0.0,0.0,0.0
2014-09-11 04:43:36+00:00,99.03000000000002,1.0,0.0,1.0,0.0
2014-09-11 04:43:42+00:00,99.38166666666666,0.0,0.0,1.0,0.0
2014-09-11 04:43:48+00:00,99.13666666666667,1.0,0.0,1.0,0.0
2014-09-11 04:43:54+00:00,99.01333333333334,1.0,0.0,1.0,0.0
2014-09-11 04:44:00+00:00,99.17999999999999,1.0,0.0,0.0,0.0
2014-09-11 04:44:06+00:00,99.47333333333334,1.0,0.0,1.0,0.0
2014-09-11 04:44:12+00:00,99.04833333333333,0.0,0.0,1.0,0.0
2014-09-11 04:44:18+00:00,99.10333333333334,1.0,0.0,1.0,0.0
2014-09-11 04:44:24+00:00,98.91833333333334,1.0,0.0,1.0,0.0
2014-09-11 04:44:30+00:00,99.40833333333335,1.0,0.0,1.0,0.0
2014-09-11 04:44:36+00:00,98.92833333333334,1.0,0.0,1.0,0.0
2014-09-11 04:44:42+00:00,98.98166666666667,1.0,0.0,1.0,0.0
2014-09-11 04:44:48+00:00,99.0,1.0,0.0,1.0,0.0
2014-09-11 04:44:54+00:00,98.93833333333333,1.0,0.0,0.0,0.0
2014-09-11 04:45:00+00:00,99.11833333333334,0.0,0.0,1.0,0.0
2014-09-11 04:45:06+00:00,99.62166666666667,1.0,0.0,1.0,0.0
2014-09-11 04:45:12+00:00,99.21833333333332,1.0,0.0,1.0,0.0
2014-09-11 04:45:18+00:00,99.23166666666667,1.0,0.0,0.0,0.0
2014-09-11 04:45:24+00:00,99.27166666666666,1.0,0.0,1.0,0.0
2014-09-11 04:45:30+00:00,99.105,0.0,0.0,1.0,0.0
2014-09-11 04:45:36+00:00,99.23,1.0,0.0,1.0,0.0
2014-09-11 04:45:42+00:00,99.16000000000001,1.0,0.0,1.0,0.0
2014-09-11 04:45:48+00:00,99.16666666666667,1.0,0.0,1.0,0.0
2014-09-11 04:45:54+00:00,99.145,1.0,0.0,1.0,0.0
2014-09-11 04:46:00+00:00,99.04833333333333,1.0,0.0,0.0,0.0
2014-09-11 04:46:06+00:00,99.12166666666667,1.0,0.0,1.0,0.0
2014-09-11 04:46:12+00:00,99.09333333333332,1.0,0.0,1.0,0.0
2014-09-11 04:46:18+00:00,99.18166666666667,0.0,0.0,1.0,0.0
2014-09-11 04:46:24+00:00,99.15499999999999,1.0,0.0,1.0,0.0
2014-09-11 04:46:30+00:00,99.16833333333334,1.0,0.0,0.0,0.0
2014-09-11 04:46:36+00:00,98.92333333333333,1.0,0.0,1.0,0.0
2014-09-11 04:46:42+00:00,99.17666666666666,1.0,0.0,1.0,0.0
2014-09-11 04:46:48+00:00,99.12833333333333,0.0,0.0,1.0,0.0
2014-09-11 04:46:54+00:00,99.33333333333333,1.0,0.0,1.0,0.0
2014-09-11 04:47:00+00:00,99.42,1.0,0.0,1.0,0.0
2014-09-11 04:47:06+00:00,99.20333333333333,1.0,0.0,1.0,0.0
2014-09-11 04:47:12+00:00,99.50714285714285,1.0,0.0,1.0,0.0
2014-09-11 04:47:18+00:00,99.08,1.0,0.0,0.0,0.0
2014-09-11 04:47:24+00:00,99.10333333333334,1.0,0.0,1.0,0.0
2014-09-11 04:47:30+00:00,99.49571428571429,0.0,0.0,1.0,0.0
2014-09-11 04:47:36+00:00,99.23400000000001,1.0,0.0,1.0,0.0
2014-09-11 04:47:42+00:00,99.08,1.0,0.0,1.0,0.0
2014-09-11 04:47:48+00:00,99.25833333333333,1.0,0.0,0.0,0.0
2014-09-11 04:47:54+00:00,99.37666666666667,1.0,0.0,1.0,0.0
2014-09-11 04:48:00+00:00,99.43333333333334,1.0,0.0,1.0,0.0
2014-09-11 04:48:06+00:00,99.185,1.0,0.0,1.0,0.0
2014-09-11 04:48:12+00:00,99.14166666666667,0.0,0.0,1.0,0.0
2014-09-11 04:48:18+00:00,99.555,1.0,0.0,1.0,0.0
2014-09-11 04:48:24+00:00,99.16000000000001,1.0,0.0,1.0,0.0
2014-09-11 04:48:30+00:00,99.19166666666666,1.0,0.0,1.0,0.0
2014-09-11 04:48:36+00:00,99.18333333333334,1.0,0.0,1.0,0.0
2014-09-11 04:48:42+00:00,99.44666666666666,1.0,0.0,1.0,0.0
2014-09-11 04:48:48+00:00,99.95166666666667,1.0,0.0,1.0,0.0
2014-09-11 04:48:54+00:00,99.61,1.0,0.0,1.0,0.0
2014-09-11 04:49:00+00:00,99.5,1.0,0.0,0.0,0.0
2014-09-11 04:49:06+00:00,99.16333333333334,0.0,0.0,1.0,0.0
2014-09-11 04:49:12+00:00,99.05666666666667,1.0,0.0,1.0,0.0
2014-09-11 04:49:18+00:00,99.23666666666666,1.0,0.0,1.0,0.0
2014-09-11 04:49:24+00:00,99.11833333333334,1.0,0.0,1.0,0.0
2014-09-11 04:49:30+00:00,99.33333333333333,1.0,0.0,0.0,0.0
2014-09-11 04:49:36+00:00,99.27499999999999,0.0,0.0,1.0,0.0
2014-09-11 04:49:42+00:00,98.91833333333334,1.0,0.0,1.0,0.0
2014-09-11 04:49:48+00:00,98.96999999999998,1.0,0.0,1.0,0.0
2014-09-11 04:49:54+00:00,99.0,1.0,0.0,0.0,0.0
2014-09-11 04:50:00+00:00,98.98166666666667,1.0,0.0,1.0,0.0
2014-09-11 04:50:06+00:00,99.085,1.0,0.0,1.0,0.0
2014-09-11 04:50:12+00:00,98.98666666666666,0.0,0.0,1.0,0.0
2014-09-11 04:50:18+00:00,99.05833333333334,1.0,0.0,1.0,0.0
2014-09-11 04:50:24+00:00,99.19166666666666,1.0,0.0,0.0,0.0
2014-09-11 04:50:30+00:00,98.94666666666666,0.0,0.0,1.0,0.0
2014-09-11 04:50:36+00:00,98.84666666666665,1.0,0.0,1.0,0.0
2014-09-11 04:50:42+00:00,98.96666666666665,1.0,0.0,1.0,0.0
2014-09-11 04:50:48+00:00,98.68,1.0,0.0,1.0,0.0
2014-09-11 04:50:54+00:00,99.47333333333334,1.0,0.0,1.0,0.0
2014-09-11 04:51:00+00:00,98.87166666666667,1.0,0.0,1.0,0.0
2014-09-11 04:51:06+00:00,98.85000000000001,1.0,0.0,1.0,0.0
2014-09-11 04:51:12+00:00,98.84333333333332,1.0,0.0,1.0,0.0
2014-09-11 04:51:18+00:00,98.835,1.0,0.0,1.0,0.0
2014-09-11 04:51:24+00:00,98.87166666666667,1.0,0.0,0.0,0.0
2014-09-11 04:51:30+00:00,98.72333333333334,0.0,0.0,1.0,0.0
2014-09-11 04:51:36+00:00,99.04,1.0,0.0,1.0,0.0
2014-09-11 04:51:42+00:00,98.93166666666667,1.0,0.0,0.0,0.0
2014-09-11 04:51:48+00:00,98.86666666666666,1.0,0.0,1.0,0.0
2014-09-11 04:51:54+00:00,98.91333333333334,1.0,0.0,1.0,0.0
2014-09-11 04:52:00+00:00,99.34833333333334,0.0,0.0,1.0,0.0
2014-09-11 04:52:06+00:00,99.00333333333333,1.0,0.0,1.0,0.0
2014-09-11 04:52:12+00:00,99.31166666666667,1.0,0.0,1.0,0.0
2014-09-11 04:52:18+00:00,99.04333333333334,1.0,0.0,0.0,0.0
2014-09-11 04:52:24+00:00,99.835,1.0,0.0,1.0,0.0
2014-09-11 04:52:30+00:00,99.17166666666667,1.0,0.0,1.0,0.0
2014-09-11 04:52:36+00:00,99.30333333333333,1.0,0.0,1.0,0.0
2014-09-11 04:52:42+00:00,98.95666666666666,0.0,0.0,1.0,0.0
2014-09-11 04:52:48+00:00,98.85833333333333,1.0,0.0,1.0,0.0
2014-09-11 04:52:54+00:00,99.06166666666667,1.0,0.0,0.0,0.0
2014-09-11 04:53:00+00:00,99.08999999999999,0.0,0.0,1.0,0.0
2014-09-11 04:53:06+00:00,98.96499999999999,1.0,0.0,1.0,0.0
2014-09-11 04:53:12+00:00,98.82166666666666,1.0,0.0,1.0,0.0
2014-09-11 04:53:18+00:00,99.065,1.0,0.0,1.0,0.0
2014-09-11 04:53:24+00:00,99.98166666666667,1.0,0.0,1.0,0.0
2014-09-11 04:53:30+00:00,99.72500000000001,1.0,0.0,0.0,0.0
2014-09-11 04:53:36+00:00,100.12833333333333,1.0,0.0,1.0,0.0
2014-09-11 04:53:42+00:00,99.88833333333332,1.0,0.0,1.0,0.0
2014-09-11 04:53:48+00:00,99.86,0.0,0.0,1.0,0.0
2014-09-11 04:53:54+00:00,99.565,1.0,0.0,1.0,0.0
2014-09-11 04:54:00+00:00,99.685,1.0,0.0,1.0,0.0
2014-09-11 04:54:06+00:00,99.55833333333334,1.0,0.0,1.0,0.0
2014-09-11 04:54:12+00:00,100.18666666666667,1.0,0.0,0.0,0.0
2014-09-11 04:54:18+00:00,99.98666666666666,0.0,0.0,1.0,0.0
2014-09-11 04:54:24+00:00,99.85166666666667,1.0,0.0,1.0,0.0
2014-09-11 04:54:30+00:00,99.87833333333333,1.0,0.0,0.0,0.0
2014-09-11 04:54:36+00:00,100.00666666666666,1.0,0.0,1.0,0.0
2014-09-11 04:54:42+00:00,100.19500000000001,1.0,0.0,1.0,0.0
2014-09-11 04:54:48+00:00,100.09499999999998,1.0,0.0,1.0,0.0
2014-09-11 04:54:54+00:00,99.88,1.0,0.0,1.0,0.0
2014-09-11 04:55:00+00:00,100.21499999999999,0.0,0.0,1.0,0.0
2014-09-11 04:55:06+00:00,100.81166666666667,1.0,0.0,1.0,0.0
2014-09-11 04:55:12+00:00,100.60833333333333,1.0,0.0,1.0,0.0
2014-09-11 04:55:18+00:00,101.34166666666665,1.0,0.0,0.0,0.0
2014-09-11 04:55:24+00:00,101.06666666666666,0.0,0.0,1.0,0.0
2014-09-11 04:55:30+00:00,100.82166666666666,1.0,0.0,1.0,0.0
2014-09-11 04:55:36+00:00,100.94,1.0,0.0,1.0,0.0
2014-09-11 04:55:42+00:00,100.61500000000001,1.0,0.0,1.0,0.0
2014-09-11 04:55:48+00:00,100.45166666666667,1.0,0.0,1.0,0.0
2014-09-11 04:55:54+00:00,100.89333333333333,1.0,0.0,1.0,0.0
2014-09-11 04:56:00+00:00,100.73,1.0,0.0,0.0,0.0
2014-09-11 04:56:06+00:00,100.85000000000001,1.0,0.0,1.0,0.0
2014-09-11 04:56:12+00:00,100.86833333333334,1.0,0.0,1.0,0.0
2014-09-11 04:56:18+00:00,100.62166666666667,1.0,0.0,1.0,0.0
2014-09-11 04:56:24+00:00,101.07,1.0,0.0,1.0,0.0
2014-09-11 04:56:30+00:00,100.77,0.0,0.0,1.0,0.0
2014-09-11 04:56:36+00:00,100.875,1.0,0.0,1.0,0.0
2014-09-11 04:56:42+00:00,100.48666666666666,1.0,0.0,0.0,0.0
2014-09-11 04:56:48+00:00,100.51166666666667,1.0,0.0,1.0,0.0
2014-09-11 04:56:54+00:00,100.36166666666666,1.0,0.0,1.0,0.0
2014-09-11 04:57:00+00:00,100.55499999999999,1.0,0.0,1.0,0.0
2014-09-11 04:57:06+00:00,101.24333333333334,0.0,0.0,1.0,0.0
2014-09-11 04:57:12+00:00,100.70833333333333,1.0,0.0,1.0,0.0
2014-09-11 04:57:18+00:00,100.305,1.0,0.0,1.0,0.0
2014-09-11 04:57:24+00:00,100.41000000000001,1.0,0.0,1.0,0.0
2014-09-11 04:57:30+00:00,100.46333333333332,1.0,0.0,1.0,0.0
2014-09-11 04:57:36+00:00,100.36,1.0,0.0,1.0,0.0
2014-09-11 04:57:42+00:00,100.57666666666667,1.0,0.0,1.0,0.0
2014-09-11 04:57:48+00:00,100.25833333333333,1.0,0.0,0.0,0.0
2014-09-11 04:57:54+00:00,100.26166666666666,0.0,0.0,1.0,0.0
2014-09-11 04:58:00+00:00,100.70333333333333,1.0,0.0,1.0,0.0
2014-09-11 04:58:06+00:00,100.31,1.0,0.0,0.0,0.0
2014-09-11 04:58:12+00:00,100.73666666666666,1.0,0.0,1.0,0.0
2014-09-11 04:58:18+00:00,100.73333333333333,0.0,0.0,1.0,0.0
2014-09-11 04:58:24+00:00,100.43666666666667,1.0,0.0,1.0,0.0
2014-09-11 04:58:30+00:00,100.12333333333333,1.0,0.0,1.0,0.0
2014-09-11 04:58:36+00:00,100.33666666666666,1.0,0.0,0.0,0.0
2014-09-11 04:58:42+00:00,100.165,1.0,0.0,1.0,0.0
2014-09-11 04:58:48+00:00,100.13,0.0,0.0,1.0,0.0
2014-09-11 04:58:54+00:00,100.49333333333334,1.0,0.0,1.0,0.0
2014-09-11 04:59:00+00:00,100.265,1.0,0.0,1.0,0.0
2014-09-11 04:59:06+00:00,100.29166666666667,1.0,0.0,1.0,0.0
2014-09-11 04:59:12+00:00,100.49166666666667,1.0,0.0,0.0,0.0
2014-09-11 04:59:18+00:00,302.265,1.0,0.0,1.0,0.0
2014-09-11 04:59:24+00:00,204.5583333333333,0.0,102.0,1.0,0.0
2014-09-11 04:59:30+00:00,201.94333333333336,1.0,0.0,1.0,0.0
2014-09-11 04:59:36+00:00,200.44333333333336,1.0,99.0,0.0,0.0
2014-09-11 04:59:42+00:00,198.51333333333332,1.0,97.0,1.0,0.0
2014-09-11 04:59:48+00:00,197.49833333333333,1.0,95.0,1.0,0.0
2014-09-11 04:59:54+00:00,196.545,1.0,95.0,1.0,0.0
2014-09-11 05:00:00+00:00,196.55999999999997,1.0,94.0,1.0,0.0
2014-09-11 05:00:06+00:00,195.59333333333333,1.0,93.0,1.0,0.0
2014-09-11 05:00:12+00:00,194.955,0.0,91.0,1.0,0.0
2014-09-11 05:00:18+00:00,193.40166666666667,1.0,0.0,1.0,0.0
2014-09-11 05:00:24+00:00,192.03166666666667,1.0,91.0,1.0,0.0
2014-09-11 05:00:30+00:00,191.30666666666664,1.0,89.0,1.0,0.0
2014-09-11 05:00:36+00:00,191.58,1.0,88.0,1.0,0.0
2014-09-11 05:00:42+00:00,191.62,1.0,88.0,1.0,0.0
2014-09-11 05:00:48+00:00,191.39666666666668,1.0,88.0,1.0,0.0
2014-09-11 05:00:54+00:00,191.51833333333332,1.0,89.0,0.0,0.0
2014-09-11 05:01:00+00:00,192.35333333333332,0.0,88.0,1.0,0.0
2014-09-11 05:01:06+00:00,192.50166666666667,1.0,89.0,1.0,0.0
2014-09-11 05:01:12+00:00,192.725,1.0,90.0,1.0,0.0
2014-09-11 05:01:18+00:00,193.31166666666664,1.0,0.0,1.0,0.0
2014-09-11 05:01:24+00:00,192.77166666666665,1.0,89.5,1.0,0.0
2014-09-11 05:01:30+00:00,192.31500000000003,1.0,0.0,1.0,0.0
2014-09-11 05:01:36+00:00,192.18999999999997,1.0,89.0,0.0,0.0
2014-09-11 05:01:42+00:00,192.27833333333334,1.0,89.0,1.0,0.0
2014-09-11 05:01:48+00:00,191.95833333333334,1.0,89.0,0.0,0.0
2014-09-11 05:01:54+00:00,191.94333333333336,0.0,0.0,1.0,0.0
2014-09-11 05:02:00+00:00,191.66,1.0,90.0,1.0,0.0
2014-09-11 05:02:06+00:00,191.13333333333333,1.0,89.0,0.0,0.0
2014-09-11 05:02:12+00:00,191.6,1.0,88.0,1.0,0.0
2014-09-11 05:02:18+00:00,191.22833333333332,1.0,88.0,1.0,0.0
2014-09-11 05:02:24+00:00,191.62833333333333,0.0,89.0,1.0,0.0
2014-09-11 05:02:30+00:00,191.16666666666666,1.0,88.0,1.0,0.0
2014-09-11 05:02:36+00:00,190.92166666666665,1.0,0.0,1.0,0.0
2014-09-11 05:02:42+00:00,190.92666666666665,1.0,88.0,1.0,0.0
2014-09-11 05:02:48+00:00,190.49166666666667,1.0,89.0,0.0,0.0
2014-09-11 05:02:54+00:00,189.94333333333336,1.0,88.0,1.0,0.0
2014-09-11 05:03:00+00:00,190.28333333333333,0.0,88.0,1.0,0.0
2014-09-11 05:03:06+00:00,190.23000000000002,1.0,0.0,1.0,0.0
2014-09-11 05:03:12+00:00,190.08666666666667,1.0,88.0,1.0,0.0
2014-09-11 05:03:18+00:00,189.96666666666667,1.0,88.0,1.0,0.0
2014-09-11 05:03:24+00:00,189.75,1.0,88.0,1.0,0.0
2014-09-11 05:03:30+00:00,190.09,1.0,88.0,1.0,0.0
2014-09-11 05:03:36+00:00,189.80999999999997,1.0,87.0,0.0,0.0
2014-09-11 05:03:42+00:00,189.57666666666668,0.0,0.0,1.0,0.0
2014-09-11 05:03:48+00:00,189.6833333333333,1.0,87.0,1.0,0.0
2014-09-11 05:03:54+00:00,189.89499999999998,1.0,87.0,1.0,0.0
2014-09-11 05:04:00+00:00,190.19500000000002,1.0,87.0,0.0,0.0
2014-09-11 05:04:06+00:00,189.51333333333332,0.0,87.0,1.0,0.0
2014-09-11 05:04:12+00:00,189.1966666666667,1.0,0.0,1.0,0.0
2014-09-11 05:04:18+00:00,188.89333333333332,1.0,122.0,1.0,0.0
2014-09-11 05:04:24+00:00,189.625,1.0,87.0,1.0,0.0
2014-09-11 05:04:30+00:00,188.92999999999998,1.0,87.0,1.0,0.0
2014-09-11 05:04:36+00:00,188.87833333333333,1.0,87.0,1.0,0.0
2014-09-11 05:04:42+00:00,188.64166666666665,1.0,87.0,0.0,0.0
2014-09-11 05:04:48+00:00,188.63,0.0,87.0,1.0,0.0
2014-09-11 05:04:54+00:00,188.67666666666665,1.0,86.0,1.0,0.0
2014-09-11 05:05:00+00:00,188.63666666666666,1.0,0.0,1.0,0.0
2014-09-11 05:05:06+00:00,189.03166666666667,1.0,86.0,1.0,0.0
2014-09-11 05:05:12+00:00,188.40833333333333,1.0,87.0,0.0,0.0
2014-09-11 05:05:18+00:00,188.53333333333333,1.0,86.0,1.0,0.0
2014-09-11 05:05:24+00:00,188.8033333333333,1.0,87.0,1.0,0.0
2014-09-11 05:05:30+00:00,187.99666666666667,1.0,87.0,1.0,0.0
2014-09-11 05:05:36+00:00,187.61666666666667,0.0,0.0,1.0,0.0
2014-09-11 05:05:42+00:00,187.49833333333333,1.0,86.0,1.0,0.0
2014-09-11 05:05:48+00:00,187.24166666666667,1.0,86.0,1.0,0.0
2014-09-11 05:05:54+00:00,187.1833333333333,1.0,86.0,1.0,0.0
2014-09-11 05:06:00+00:00,187.625,1.0,86.0,1.0,0.0
2014-09-11 05:06:06+00:00,186.89166666666665,1.0,86.0,1.0,0.0
2014-09-11 05:06:12+00:00,186.82833333333335,1.0,86.0,1.0,0.0
2014-09-11 05:06:18+00:00,186.77666666666667,1.0,86.0,0.0,0.0
2014-09-11 05:06:24+00:00,186.57666666666668,0.0,86.0,1.0,0.0
2014-09-11 05:06:30+00:00,186.78833333333333,1.0,86.0,1.0,0.0
2014-09-11 05:06:36+00:00,186.69833333333335,1.0,86.0,1.0,0.0
2014-09-11 05:06:42+00:00,186.39833333333334,1.0,0.0,1.0,0.0
2014-09-11 05:06:48+00:00,186.40666666666667,1.0,85.0,1.0,0.0
2014-09-11 05:06:54+00:00,186.40833333333333,1.0,85.0,0.0,0.0
2014-09-11 05:07:00+00:00,186.38833333333332,1.0,85.0,1.0,0.0
2014-09-11 05:07:06+00:00,185.97833333333332,0.0,85.0,1.0,0.0
2014-09-11 05:07:12+00:00,186.01166666666666,1.0,0.0,1.0,0.0
2014-09-11 05:07:18+00:00,186.05499999999998,1.0,85.0,1.0,0.0
2014-09-11 05:07:24+00:00,185.835,1.0,85.0,1.0,0.0
2014-09-11 05:07:30+00:00,185.90166666666667,1.0,85.0,0.0,0.0
2014-09-11 05:07:36+00:00,185.69833333333335,1.0,84.0,1.0,0.0
2014-09-11 05:07:42+00:00,186.49333333333334,1.0,85.0,1.0,0.0
2014-09-11 05:07:48+00:00,186.11333333333334,0.0,85.0,1.0,0.0
2014-09-11 05:07:54+00:00,186.16,1.0,0.0,1.0,0.0
2014-09-11 05:08:00+00:00,185.46,1.0,85.0,1.0,0.0
2014-09-11 05:08:06+00:00,185.83666666666667,1.0,85.0,1.0,0.0
2014-09-11 05:08:12+00:00,185.36666666666667,1.0,84.0,0.0,0.0
2014-09-11 05:08:18+00:00,185.4766666666667,0.0,84.0,1.0,0.0
2014-09-11 05:08:24+00:00,185.56499999999997,1.0,0.0,1.0,0.0
2014-09-11 05:08:30+00:00,185.21166666666667,1.0,85.0,1.0,0.0
2014-09-11 05:08:36+00:00,185.3216666666667,1.0,84.0,0.0,0.0
2014-09-11 05:08:42+00:00,185.07000000000002,0.0,0.0,1.0,0.0
2014-09-11 05:08:48+00:00,185.18499999999997,1.0,84.0,1.0,0.0
2014-09-11 05:08:54+00:00,185.23666666666668,1.0,84.0,0.0,0.0
2014-09-11 05:09:00+00:00,185.125,1.0,85.0,1.0,0.0
2014-09-11 05:09:06+00:00,185.20333333333335,0.0,0.0,1.0,0.0
2014-09-11 05:09:12+00:00,185.035,1.0,84.0,1.0,0.0
2014-09-11 05:09:18+00:00,185.27333333333334,1.0,84.0,0.0,0.0
2014-09-11 05:09:24+00:00,185.12666666666667,1.0,84.0,1.0,0.0
2014-09-11 05:09:30+00:00,184.71666666666667,0.0,0.0,1.0,0.0
2014-09-11 05:09:36+00:00,184.53,1.0,84.0,1.0,0.0
2014-09-11 05:09:42+00:00,184.79166666666666,1.0,84.0,0.0,0.0
2014-09-11 05:09:48+00:00,184.55166666666665,1.0,84.0,1.0,0.0
2014-09-11 05:09:54+00:00,185.03,1.0,83.0,1.0,0.0
2014-09-11 05:10:00+00:00,184.47833333333332,1.0,84.0,1.0,0.0
2014-09-11 05:10:06+00:00,184.29166666666666,1.0,84.0,1.0,0.0
2014-09-11 05:10:12+00:00,184.16666666666666,0.0,83.0,1.0,0.0
2014-09-11 05:10:18+00:00,119.86833333333334,1.0,83.0,1.0,0.0
2014-09-11 05:10:24+00:00,99.835,1.0,0.0,1.0,0.0
2014-09-11 05:10:30+00:00,100.19833333333334,1.0,0.0,1.0,0.0
2014-09-11 05:10:36+00:00,99.92166666666667,1.0,0.0,1.0,0.0
2014-09-11 05:10:42+00:00,100.19833333333334,1.0,0.0,1.0,0.0
2014-09-11 05:10:48+00:00,100.16333333333334,1.0,0.0,0.0,0.0
2014-09-11 05:10:54+00:00,99.83,1.0,0.0,1.0,0.0
2014-09-11 05:11:00+00:00,99.90666666666668,1.0,0.0,1.0,0.0
2014-09-11 05:11:06+00:00,99.85000000000001,1.0,0.0,1.0,0.0
2014-09-11 05:11:12+00:00,99.61166666666666,0.0,0.0,1.0,0.0
2014-09-11 05:11:18+00:00,99.645,1.0,0.0,1.0,0.0
2014-09-11 05:11:24+00:00,99.795,1.0,0.0,1.0,0.0
2014-09-11 05:11:30+00:00,99.68,1.0,0.0,0.0,0.0
2014-09-11 05:11:36+00:00,99.82166666666667,1.0,0.0,1.0,0.0
2014-09-11 05:11:42+00:00,99.80333333333334,1.0,0.0,1.0,0.0
2014-09-11 05:11:48+00:00,99.89166666666667,1.0,0.0,1.0,0.0
2014-09-11 05:11:54+00:00,99.77666666666666,1.0,0.0,1.0,0.0
2014-09-11 05:12:00+00:00,99.895,0.0,0.0,1.0,0.0
2014-09-11 05:12:06+00:00,100.05571428571429,1.0,0.0,1.0,0.0
2014-09-11 05:12:12+00:00,100.056,1.0,0.0,0.0,0.0
2014-09-11 05:12:18+00:00,99.9057142857143,1.0,0.0,1.0,0.0
2014-09-11 05:12:24+00:00,99.94666666666666,1.0,0.0,1.0,0.0
2014-09-11 05:12:30+00:00,99.795,1.0,0.0,1.0,0.0
2014-09-11 05:12:36+00:00,100.395,0.0,0.0,1.0,0.0
2014-09-11 05:12:42+00:00,100.034,1.0,0.0,1.0,0.0
2014-09-11 05:12:48+00:00,99.81857142857143,1.0,0.0,0.0,0.0
2014-09-11 05:12:54+00:00,99.68333333333334,0.0,0.0,1.0,0.0
2014-09-11 05:13:00+00:00,99.61666666666667,1.0,0.0,1.0,0.0
2014-09-11 05:13:06+00:00,99.79833333333333,1.0,0.0,1.0,0.0
2014-09-11 05:13:12+00:00,99.64333333333333,1.0,0.0,1.0,0.0
2014-09-11 05:13:18+00:00,100.01666666666667,1.0,0.0,1.0,0.0
2014-09-11 05:13:24+00:00,99.90833333333335,1.0,0.0,1.0,0.0
2014-09-11 05:13:30+00:00,99.625,1.0,0.0,1.0,0.0
2014-09-11 05:13:36+00:00,99.72166666666668,1.0,0.0,0.0,0.0
2014-09-11 05:13:42+00:00,99.56,0.0,0.0,1.0,0.0
2014-09-11 05:13:48+00:00,99.45333333333333,1.0,0.0,1.0,0.0
2014-09-11 05:13:54+00:00,99.76833333333333,1.0,0.0,1.0,0.0
2014-09-11 05:14:00+00:00,99.78166666666668,1.0,0.0,1.0,0.0
2014-09-11 05:14:06+00:00,99.71999999999998,1.0,0.0,0.0,0.0
2014-09-11 05:14:12+00:00,100.06166666666667,1.0,0.0,1.0,0.0
2014-09-11 05:14:18+00:00,100.15666666666668,0.0,0.0,1.0,0.0
2014-09-11 05:14:24+00:00,100.10166666666667,1.0,0.0,1.0,0.0
2014-09-11 05:14:30+00:00,100.34333333333332,1.0,0.0,1.0,0.0
2014-09-11 05:14:36+00:00,100.72500000000001,1.0,0.0,0.0,0.0
2014-09-11 05:14:42+00:00,100.24166666666667,0.0,0.0,1.0,0.0
2014-09-11 05:14:48+00:00,99.52999999999999,1.0,0.0,1.0,0.0
2014-09-11 05:14:54+00:00,99.86500000000001,1.0,0.0,1.0,0.0
2014-09-11 05:15:00+00:00,102.645,1.0,0.0,1.0,0.0
2014-09-11 05:15:06+00:00,102.39666666666666,1.0,0.0,0.0,0.0
2014-09-11 05:15:12+00:00,101.59333333333332,0.0,0.0,1.0,0.0
2014-09-11 05:15:18+00:00,101.13166666666666,1.0,0.0,1.0,0.0
2014-09-11 05:15:24+00:00,100.97333333333334,1.0,0.0,1.0,0.0
2014-09-11 05:15:30+00:00,100.98166666666667,1.0,0.0,1.0,0.0
2014-09-11 05:15:36+00:00,101.21666666666665,1.0,0.0,0.0,0.0
2014-09-11 05:15:42+00:00,101.33666666666666,1.0,0.0,1.0,0.0
2014-09-11 05:15:48+00:00,101.28333333333335,1.0,0.0,1.0,0.0
2014-09-11 05:15:54+00:00,100.87166666666667,0.0,0.0,1.0,0.0
2014-09-11 05:16:00+00:00,100.89833333333333,1.0,0.0,1.0,0.0
2014-09-11 05:16:06+00:00,100.80499999999999,1.0,0.0,1.0,0.0
2014-09-11 05:16:12+00:00,101.00999999999999,1.0,0.0,1.0,0.0
2014-09-11 05:16:18+00:00,100.90166666666666,1.0,0.0,1.0,0.0
2014-09-11 05:16:24+00:00,101.81333333333333,1.0,0.0,0.0,0.0
2014-09-11 05:16:30+00:00,100.84333333333332,0.0,0.0,1.0,0.0
2014-09-11 05:16:36+00:00,100.87333333333333,1.0,0.0,1.0,0.0
2014-09-11 05:16:42+00:00,100.895,1.0,0.0,1.0,0.0
2014-09-11 05:16:48+00:00,100.83999999999999,1.0,0.0,1.0,0.0
2014-09-11 05:16:54+00:00,100.87166666666667,1.0,0.0,1.0,0.0
2014-09-11 05:17:00+00:00,100.71333333333332,1.0,0.0,1.0,0.0
2014-09-11 05:17:06+00:00,100.78666666666668,1.0,0.0,0.0,0.0
2014-09-11 05:17:12+00:00,101.0,0.0,0.0,1.0,0.0
2014-09-11 05:17:18+00:00,101.22666666666667,1.0,0.0,1.0,0.0
2014-09-11 05:17:24+00:00,101.42166666666667,1.0,0.0,1.0,0.0
2014-09-11 05:17:30+00:00,101.23833333333333,1.0,0.0,1.0,0.0
2014-09-11 05:17:36+00:00,101.165,1.0,0.0,1.0,0.0
2014-09-11 05:17:42+00:00,101.25833333333333,1.0,0.0,1.0,0.0
2014-09-11 05:17:48+00:00,101.11,1.0,0.0,0.0,0.0
2014-09-11 05:17:54+00:00,100.86500000000001,1.0,0.0,1.0,0.0
2014-09-11 05:18:00+00:00,100.81666666666666,0.0,0.0,1.0,0.0
2014-09-11 05:18:06+00:00,100.85833333333333,1.0,0.0,1.0,0.0
2014-09-11 05:18:12+00:00,100.94,1.0,0.0,1.0,0.0
2014-09-11 05:18:18+00:00,101.08833333333332,1.0,0.0,1.0,0.0
2014-09-11 05:18:24+00:00,101.00166666666667,1.0,0.0,0.0,0.0
2014-09-11 05:18:30+00:00,101.005,1.0,0.0,1.0,0.0
2014-09-11 05:18:36+00:00,101.00166666666667,1.0,0.0,1.0,0.0
2014-09-11 05:18:42+00:00,101.32333333333334,1.0,0.0,1.0,0.0
2014-09-11 05:18:48+00:00,100.85833333333333,0.0,0.0,1.0,0.0
2014-09-11 05:18:54+00:00,100.72833333333334,1.0,0.0,1.0,0.0
2014-09-11 05:19:00+00:00,101.01166666666667,1.0,0.0,1.0,0.0
2014-09-11 05:19:06+00:00,101.47500000000001,1.0,0.0,0.0,0.0
2014-09-11 05:19:12+00:00,100.89999999999999,1.0,0.0,1.0,0.0
2014-09-11 05:19:18+00:00,100.95166666666667,1.0,0.0,1.0,0.0
2014-09-11 05:19:24+00:00,100.80166666666666,0.0,0.0,1.0,0.0
2014-09-11 05:19:30+00:00,100.58666666666666,1.0,0.0,1.0,0.0
2014-09-11 05:19:36+00:00,103.42333333333333,1.0,0.0,1.0,0.0
2014-09-11 05:19:42+00:00,100.29,1.0,0.0,1.0,0.0
2014-09-11 05:19:48+00:00,99.51166666666666,1.0,0.0,1.0,0.0
2014-09-11 05:19:54+00:00,99.58333333333333,1.0,0.0,0.0,0.0
2014-09-11 05:20:00+00:00,99.52333333333333,0.0,0.0,1.0,0.0
2014-09-11 05:20:06+00:00,99.5,1.0,0.0,1.0,0.0
2014-09-11 05:20:12+00:00,99.58999999999999,1.0,0.0,0.0,0.0
2014-09-11 05:20:18+00:00,99.78666666666668,1.0,0.0,1.0,0.0
2014-09-11 05:20:24+00:00,99.84500000000001,1.0,0.0,1.0,0.0
2014-09-11 05:20:30+00:00,99.72666666666667,1.0,0.0,1.0,0.0
2014-09-11 05:20:36+00:00,99.87833333333333,1.0,0.0,1.0,0.0
2014-09-11 05:20:42+00:00,99.85333333333334,1.0,0.0,1.0,0.0
2014-09-11 05:20:48+00:00,99.72166666666668,1.0,0.0,1.0,0.0
2014-09-11 05:20:54+00:00,99.77,0.0,0.0,1.0,0.0
2014-09-11 05:21:00+00:00,99.55666666666667,1.0,0.0,1.0,0.0
2014-09-11 05:21:06+00:00,99.82833333333333,1.0,0.0,1.0,0.0
2014-09-11 05:21:12+00:00,99.74000000000001,1.0,0.0,1.0,0.0
2014-09-11 05:21:18+00:00,99.495,1.0,0.0,0.0,0.0
2014-09-11 05:21:24+00:00,99.685,1.0,0.0,1.0,0.0
2014-09-11 05:21:30+00:00,99.78833333333334,1.0,0.0,1.0,0.0
2014-09-11 05:21:36+00:00,99.695,0.0,0.0,1.0,0.0
2014-09-11 05:21:42+00:00,100.27833333333332,1.0,0.0,1.0,0.0
2014-09-11 05:21:48+00:00,99.77333333333333,1.0,0.0,1.0,0.0
2014-09-11 05:21:54+00:00,99.695,1.0,0.0,0.0,0.0
2014-09-11 05:22:00+00:00,99.56666666666666,1.0,0.0,1.0,0.0
2014-09-11 05:22:06+00:00,100.23666666666666,1.0,0.0,1.0,0.0
2014-09-11 05:22:12+00:00,99.87833333333333,0.0,0.0,1.0,0.0
2014-09-11 05:22:18+00:00,99.58,1.0,0.0,1.0,0.0
2014-09-11 05:22:24+00:00,99.825,1.0,0.0,1.0,0.0
2014-09-11 05:22:30+00:00,99.44166666666666,1.0,0.0,1.0,0.0
2014-09-11 05:22:36+00:00,99.935,1.0,0.0,1.0,0.0
2014-09-11 05:22:42+00:00,99.86,1.0,0.0,1.0,0.0
2014-09-11 05:22:48+00:00,99.64666666666666,1.0,0.0,1.0,0.0
2014-09-11 05:22:54+00:00,99.44666666666666,1.0,0.0,1.0,0.0
2014-09-11 05:23:00+00:00,99.66166666666668,1.0,0.0,0.0,0.0
2014-09-11 05:23:06+00:00,99.45166666666667,0.0,0.0,1.0,0.0
2014-09-11 05:23:12+00:00,99.59666666666668,1.0,0.0,1.0,0.0
2014-09-11 05:23:18+00:00,99.85666666666667,1.0,0.0,0.0,0.0
2014-09-11 05:23:24+00:00,99.72000000000001,1.0,0.0,1.0,0.0
2014-09-11 05:23:30+00:00,100.105,0.0,0.0,1.0,0.0
2014-09-11 05:23:36+00:00,99.44666666666666,1.0,0.0,1.0,0.0
2014-09-11 05:23:42+00:00,99.51666666666667,1.0,0.0,0.0,0.0
2014-09-11 05:23:48+00:00,99.805,1.0,0.0,1.0,0.0
2014-09-11 05:23:54+00:00,99.88166666666666,1.0,0.0,1.0,0.0
2014-09-11 05:24:00+00:00,99.96499999999999,1.0,0.0,1.0,0.0
2014-09-11 05:24:06+00:00,100.05166666666666,1.0,0.0,1.0,0.0
2014-09-11 05:24:12+00:00,100.14,1.0,0.0,1.0,0.0
2014-09-11 05:24:18+00:00,100.03166666666665,1.0,0.0,1.0,0.0
2014-09-11 05:24:24+00:00,99.88666666666666,0.0,0.0,1.0,0.0
2014-09-11 05:24:30+00:00,100.08333333333333,1.0,0.0,1.0,0.0
2014-09-11 05:24:36+00:00,100.03833333333334,1.0,0.0,0.0,0.0
2014-09-11 05:24:42+00:00,100.28666666666668,1.0,0.0,1.0,0.0
2014-09-11 05:24:48+00:00,99.805,0.0,0.0,1.0,0.0
2014-09-11 05:24:54+00:00,99.78333333333335,1.0,0.0,1.0,0.0
2014-09-11 05:25:00+00:00,100.90166666666666,1.0,0.0,1.0,0.0
2014-09-11 05:25:06+00:00,100.76833333333333,1.0,0.0,1.0,0.0
2014-09-11 05:25:12+00:00,100.87833333333333,1.0,0.0,1.0,0.0
2014-09-11 05:25:18+00:00,99.94,1.0,0.0,0.0,0.0
2014-09-11 05:25:24+00:00,99.49666666666667,1.0,0.0,1.0,0.0
2014-09-11 05:25:30+00:00,99.74000000000001,1.0,0.0,1.0,0.0
2014-09-11 05:25:36+00:00,99.62833333333333,1.0,0.0,1.0,0.0
2014-09-11 05:25:42+00:00,99.76,0.0,0.0,1.0,0.0
2014-09-11 05:25:48+00:00,99.56666666666666,1.0,0.0,1.0,0.0
2014-09-11 05:25:54+00:00,99.87,1.0,0.0,1.0,0.0
2014-09-11 05:26:00+00:00,99.50333333333333,1.0,0.0,1.0,0.0
2014-09-11 05:26:06+00:00,99.95666666666666,1.0,0.0,1.0,0.0
2014-09-11 05:26:12+00:00,100.00833333333333,1.0,0.0,1.0,0.0
2014-09-11 05:26:18+00:00,99.605,1.0,0.0,1.0,0.0
2014-09-11 05:26:24+00:00,100.00999999999999,1.0,0.0,0.0,0.0
2014-09-11 05:26:30+00:00,100.09500000000001,1.0,0.0,1.0,0.0
2014-09-11 05:26:36+00:00,99.86666666666667,0.0,0.0,1.0,0.0
2014-09-11 05:26:42+00:00,99.94166666666666,1.0,0.0,1.0,0.0
2014-09-11 05:26:48+00:00,100.015,1.0,0.0,1.0,0.0
2014-09-11 05:26:54+00:00,100.045,1.0,0.0,1.0,0.0
2014-09-11 05:27:00+00:00,99.94333333333333,1.0,0.0,1.0,0.0
2014-09-11 05:27:06+00:00,100.15666666666668,1.0,0.0,1.0,0.0
2014-09-11 05:27:12+00:00,99.83,1.0,0.0,0.0,0.0
2014-09-11 05:27:18+00:00,99.65166666666666,0.0,0.0,1.0,0.0
2014-09-11 05:27:24+00:00,99.57166666666667,1.0,0.0,1.0,0.0
2014-09-11 05:27:30+00:00,99.48166666666667,1.0,0.0,1.0,0.0
2014-09-11 05:27:36+00:00,99.60833333333333,1.0,0.0,1.0,0.0
2014-09-11 05:27:42+00:00,99.78166666666668,1.0,0.0,0.0,0.0
2014-09-11 05:27:48+00:00,99.75833333333333,1.0,0.0,1.0,0.0
2014-09-11 05:27:54+00:00,99.45,1.0,0.0,1.0,0.0
2014-09-11 05:28:00+00:00,99.23,0.0,0.0,1.0,0.0
2014-09-11 05:28:06+00:00,99.35833333333333,1.0,0.0,1.0,0.0
2014-09-11 05:28:12+00:00,99.425,1.0,0.0,1.0,0.0
2014-09-11 05:28:18+00:00,99.73166666666667,1.0,0.0,1.0,0.0
2014-09-11 05:28:24+00:00,99.91166666666668,1.0,0.0,0.0,0.0
2014-09-11 05:28:30+00:00,99.55333333333333,1.0,0.0,1.0,0.0
2014-09-11 05:28:36+00:00,99.57333333333334,1.0,0.0,0.0,0.0
2014-09-11 05:28:42+00:00,99.56,0.0,0.0,1.0,0.0
2014-09-11 05:28:48+00:00,99.58,1.0,0.0,1.0,0.0
2014-09-11 05:28:54+00:00,99.86333333333333,1.0,0.0,1.0,0.0
2014-09-11 05:29:00+00:00,99.62666666666667,1.0,0.0,0.0,0.0
2014-09-11 05:29:06+00:00,99.88666666666667,0.0,0.0,1.0,0.0
2014-09-11 05:29:12+00:00,99.60833333333333,1.0,0.0,1.0,0.0
2014-09-11 05:29:18+00:00,99.97333333333334,1.0,0.0,1.0,0.0
2014-09-11 05:29:24+00:00,99.69666666666667,1.0,0.0,0.0,0.0
2014-09-11 05:29:30+00:00,99.53166666666665,1.0,0.0,1.0,0.0
2014-09-11 05:29:36+00:00,99.83333333333333,1.0,0.0,1.0,0.0
2014-09-11 05:29:42+00:00,100.21166666666666,1.0,0.0,1.0,0.0
2014-09-11 05:29:48+00:00,99.41000000000001,0.0,0.0,1.0,0.0
2014-09-11 05:29:54+00:00,99.695,0.0,0.0,1.0,0.0
2014-09-11 05:30:00+00:00,101.93666666666667,1.0,0.0,0.0,0.0
2014-09-11 05:30:06+00:00,100.805,1.0,0.0,1.0,0.0
2014-09-11 05:30:12+00:00,99.60833333333333,0.0,0.0,1.0,0.0
2014-09-11 05:30:18+00:00,99.41833333333334,1.0,0.0,1.0,0.0
2014-09-11 05:30:24+00:00,99.26666666666667,1.0,0.0,1.0,0.0
2014-09-11 05:30:30+00:00,99.48166666666667,1.0,0.0,0.0,0.0
2014-09-11 05:30:36+00:00,99.425,1.0,0.0,1.0,0.0
2014-09-11 05:30:42+00:00,99.78333333333335,1.0,0.0,1.0,0.0
2014-09-11 05:30:48+00:00,100.76166666666666,0.0,0.0,1.0,0.0
2014-09-11 05:30:54+00:00,100.72333333333334,1.0,0.0,1.0,0.0
2014-09-11 05:31:00+00:00,100.645,1.0,0.0,0.0,0.0
2014-09-11 05:31:06+00:00,99.61166666666666,1.0,0.0,1.0,0.0
2014-09-11 05:31:12+00:00,99.46499999999999,0.0,0.0,1.0,0.0
2014-09-11 05:31:18+00:00,99.145,1.0,0.0,1.0,0.0
2014-09-11 05:31:24+00:00,98.96999999999998,1.0,0.0,0.0,0.0
2014-09-11 05:31:30+00:00,99.37,0.0,0.0,1.0,0.0
2014-09-11 05:31:36+00:00,99.64999999999999,1.0,0.0,1.0,0.0
2014-09-11 05:31:42+00:00,99.51166666666666,1.0,0.0,1.0,0.0
2014-09-11 05:31:48+00:00,99.39166666666667,1.0,0.0,1.0,0.0
2014-09-11 05:31:54+00:00,98.64999999999999,1.0,0.0,0.0,0.0
2014-09-11 05:32:00+00:00,98.98,0.0,0.0,1.0,0.0
2014-09-11 05:32:06+00:00,98.79166666666667,1.0,0.0,1.0,0.0
2014-09-11 05:32:12+00:00,98.87666666666667,1.0,0.0,1.0,0.0
2014-09-11 05:32:18+00:00,98.60333333333334,1.0,0.0,0.0,0.0
2014-09-11 05:32:24+00:00,99.05000000000001,1.0,0.0,1.0,0.0
2014-09-11 05:32:30+00:00,99.10166666666667,1.0,0.0,1.0,0.0
2014-09-11 05:32:36+00:00,99.64166666666667,1.0,0.0,1.0,0.0
2014-09-11 05:32:42+00:00,99.94166666666666,1.0,0.0,1.0,0.0
2014-09-11 05:32:48+00:00,99.52166666666666,1.0,0.0,1.0,0.0
2014-09-11 05:32:54+00:00,99.60000000000001,1.0,0.0,1.0,0.0
2014-09-11 05:33:00+00:00,344.0566666666667,0.0,0.0,1.0,0.0
2014-09-11 05:33:06+00:00,195.395,1.0,0.0,1.0,0.0
2014-09-11 05:33:12+00:00,194.17,1.0,95.0,1.0,0.0
2014-09-11 05:33:18+00:00,194.04666666666665,1.0,93.0,1.0,0.0
2014-09-11 05:33:24+00:00,192.93499999999997,1.0,94.0,0.0,0.0
2014-09-11 05:33:30+00:00,192.205,1.0,91.0,1.0,0.0
2014-09-11 05:33:36+00:00,191.87833333333333,0.0,0.0,1.0,0.0
2014-09-11 05:33:42+00:00,191.57000000000002,1.0,91.0,1.0,0.0
2014-09-11 05:33:48+00:00,191.58833333333334,1.0,91.0,1.0,0.0
2014-09-11 05:33:54+00:00,191.51,1.0,91.0,0.0,0.0
2014-09-11 05:34:00+00:00,192.54833333333332,1.0,91.0,1.0,0.0
2014-09-11 05:34:06+00:00,191.48000000000002,0.0,92.0,1.0,0.0
2014-09-11 05:34:12+00:00,193.23666666666668,1.0,90.0,1.0,0.0
2014-09-11 05:34:18+00:00,191.59833333333333,1.0,89.0,1.0,0.0
2014-09-11 05:34:24+00:00,188.6966666666667,1.0,86.0,1.0,0.0
2014-09-11 05:34:30+00:00,184.21666666666667,1.0,85.0,1.0,0.0
2014-09-11 05:34:36+00:00,183.70000000000002,1.0,85.0,1.0,0.0
2014-09-11 05:34:42+00:00,183.51833333333335,1.0,0.0,1.0,0.0
2014-09-11 05:34:48+00:00,183.39166666666665,1.0,85.0,0.0,0.0
2014-09-11 05:34:54+00:00,184.67166666666665,1.0,84.0,1.0,0.0
2014-09-11 05:35:00+00:00,189.14000000000001,1.0,84.0,1.0,0.0
2014-09-11 05:35:06+00:00,207.00857142857143,1.0,86.0,1.0,0.0
2014-09-11 05:35:12+00:00,206.728,0.0,0.0,1.0,0.0
2014-09-11 05:35:18+00:00,207.9316666666667,1.0,86.0,1.0,0.0
2014-09-11 05:35:24+00:00,208.3385714285714,1.0,87.0,0.0,0.0
2014-09-11 05:35:30+00:00,209.34166666666667,0.0,87.0,1.0,0.0
2014-09-11 05:35:36+00:00,209.78666666666666,1.0,0.0,1.0,0.0
2014-09-11 05:35:42+00:00,210.35833333333335,1.0,88.0,1.0,0.0
2014-09-11 05:35:48+00:00,210.68666666666664,1.0,88.0,1.0,0.0
2014-09-11 05:35:54+00:00,210.75666666666666,1.0,89.0,1.0,0.0
2014-09-11 05:36:00+00:00,210.73333333333335,1.0,88.0,0.0,0.0
2014-09-11 05:36:06+00:00,210.80166666666665,1.0,89.0,1.0,0.0
2014-09-11 05:36:12+00:00,211.37833333333333,1.0,89.0,1.0,0.0
2014-09-11 05:36:18+00:00,211.51333333333332,1.0,90.0,1.0,0.0
2014-09-11 05:36:24+00:00,211.60500000000002,0.0,0.0,1.0,0.0
2014-09-11 05:36:30+00:00,211.75,1.0,90.0,1.0,0.0
2014-09-11 05:36:36+00:00,211.69833333333335,1.0,90.0,0.0,0.0
2014-09-11 05:36:42+00:00,211.6783333333333,0.0,91.0,1.0,0.0
2014-09-11 05:36:48+00:00,211.6816666666667,1.0,91.0,1.0,0.0
2014-09-11 05:36:54+00:00,212.03333333333333,1.0,0.0,1.0,0.0
2014-09-11 05:37:00+00:00,211.85,1.0,91.0,1.0,0.0
2014-09-11 05:37:06+00:00,211.83166666666668,1.0,91.0,1.0,0.0
2014-09-11 05:37:12+00:00,212.51999999999998,1.0,91.0,1.0,0.0
2014-09-11 05:37:18+00:00,212.51,1.0,92.0,1.0,0.0
2014-09-11 05:37:24+00:00,212.295,1.0,91.0,0.0,0.0
2014-09-11 05:37:30+00:00,212.97,0.0,0.0,1.0,0.0
2014-09-11 05:37:36+00:00,214.13833333333332,1.0,92.0,1.0,0.0
2014-09-11 05:37:42+00:00,213.98666666666668,1.0,92.0,1.0,0.0
2014-09-11 05:37:48+00:00,213.69833333333335,1.0,92.0,1.0,0.0
2014-09-11 05:37:54+00:00,213.70833333333334,0.0,92.0,1.0,0.0
2014-09-11 05:38:00+00:00,214.03,1.0,93.0,1.0,0.0
2014-09-11 05:38:06+00:00,213.92333333333332,1.0,92.0,0.0,0.0
2014-09-11 05:38:12+00:00,214.39499999999998,1.0,93.0,1.0,0.0
2014-09-11 05:38:18+00:00,214.45666666666668,0.0,93.0,1.0,0.0
2014-09-11 05:38:24+00:00,215.1966666666667,1.0,0.0,1.0,0.0
2014-09-11 05:38:30+00:00,213.89333333333335,1.0,93.0,1.0,0.0
2014-09-11 05:38:36+00:00,214.28166666666667,1.0,93.0,0.0,0.0
2014-09-11 05:38:42+00:00,214.41166666666666,1.0,94.0,1.0,0.0
2014-09-11 05:38:48+00:00,215.62833333333333,1.0,93.0,1.0,0.0
2014-09-11 05:38:54+00:00,215.40333333333334,1.0,93.0,1.0,0.0
2014-09-11 05:39:00+00:00,216.10333333333332,1.0,94.0,1.0,0.0
2014-09-11 05:39:06+00:00,216.59833333333333,1.0,94.0,1.0,0.0
2014-09-11 05:39:12+00:00,216.15,0.0,94.0,1.0,0.0
2014-09-11 05:39:18+00:00,216.37166666666667,1.0,0.0,1.0,0.0
2014-09-11 05:39:24+00:00,216.96666666666667,1.0,94.0,1.0,0.0
2014-09-11 05:39:30+00:00,216.38833333333332,1.0,94.0,0.0,0.0
2014-09-11 05:39:36+00:00,215.92666666666665,1.0,93.0,1.0,0.0
2014-09-11 05:39:42+00:00,215.385,0.0,93.0,1.0,0.0
2014-09-11 05:39:48+00:00,215.66666666666666,1.0,0.0,1.0,0.0
2014-09-11 05:39:54+00:00,215.57833333333335,1.0,93.0,1.0,0.0
2014-09-11 05:40:00+00:00,215.71833333333333,1.0,93.0,0.0,0.0
2014-09-11 05:40:06+00:00,214.88,0.0,93.0,1.0,0.0
2014-09-11 05:40:12+00:00,215.12166666666667,1.0,0.0,1.0,0.0
2014-09-11 05:40:18+00:00,214.48666666666668,1.0,93.0,0.0,0.0
2014-09-11 05:40:24+00:00,214.50333333333333,1.0,92.0,1.0,0.0
2014-09-11 05:40:30+00:00,214.155,0.0,92.0,1.0,0.0
2014-09-11 05:40:36+00:00,214.17999999999998,1.0,0.0,1.0,0.0
2014-09-11 05:40:42+00:00,214.6833333333333,1.0,92.0,1.0,0.0
2014-09-11 05:40:48+00:00,214.01666666666665,1.0,92.0,1.0,0.0
2014-09-11 05:40:54+00:00,213.32666666666668,1.0,92.0,1.0,0.0
2014-09-11 05:41:00+00:00,213.09833333333333,1.0,91.0,1.0,0.0
2014-09-11 05:41:06+00:00,213.03333333333333,1.0,91.0,1.0,0.0
2014-09-11 05:41:12+00:00,212.84666666666666,1.0,91.0,0.0,0.0
2014-09-11 05:41:18+00:00,212.9433333333333,1.0,91.0,1.0,0.0
2014-09-11 05:41:24+00:00,212.46666666666667,0.0,0.0,1.0,0.0
2014-09-11 05:41:30+00:00,212.615,1.0,91.0,1.0,0.0
2014-09-11 05:41:36+00:00,212.16333333333333,1.0,91.0,0.0,0.0
2014-09-11 05:41:42+00:00,211.85333333333332,1.0,91.0,1.0,0.0
2014-09-11 05:41:48+00:00,211.77166666666668,1.0,90.0,1.0,0.0
2014-09-11 05:41:54+00:00,211.80999999999997,0.0,90.0,1.0,0.0
2014-09-11 05:42:00+00:00,211.33,1.0,91.0,1.0,0.0
2014-09-11 05:42:06+00:00,211.3083333333333,1.0,90.0,1.0,0.0
2014-09-11 05:42:12+00:00,211.42166666666665,1.0,90.0,1.0,0.0
2014-09-11 05:42:18+00:00,211.30166666666665,1.0,90.0,1.0,0.0
2014-09-11 05:42:24+00:00,211.1016666666667,1.0,0.0,1.0,0.0
2014-09-11 05:42:30+00:00,211.24,1.0,90.0,1.0,0.0
2014-09-11 05:42:36+00:00,211.43833333333336,1.0,90.0,1.0,0.0
2014-09-11 05:42:42+00:00,211.32833333333335,1.0,90.0,1.0,0.0
2014-09-11 05:42:48+00:00,210.91833333333332,1.0,90.0,0.0,0.0
2014-09-11 05:42:54+00:00,210.9333333333333,0.0,90.0,1.0,0.0
2014-09-11 05:43:00+00:00,210.98166666666665,1.0,0.0,1.0,0.0
2014-09-11 05:43:06+00:00,210.905,1.0,90.0,1.0,0.0
2014-09-11 05:43:12+00:00,210.57333333333335,1.0,91.0,1.0,0.0
2014-09-11 05:43:18+00:00,210.65333333333334,1.0,90.0,0.0,0.0
2014-09-11 05:43:24+00:00,210.95333333333335,1.0,89.0,1.0,0.0
2014-09-11 05:43:30+00:00,211.84833333333333,1.0,90.0,1.0,0.0
2014-09-11 05:43:36+00:00,210.38,0.0,90.0,1.0,0.0
2014-09-11 05:43:42+00:00,210.42166666666665,1.0,89.0,1.0,0.0
2014-09-11 05:43:48+00:00,210.44333333333336,1.0,90.0,1.0,0.0
2014-09-11 05:43:54+00:00,210.05166666666665,1.0,0.0,1.0,0.0
2014-09-11 05:44:00+00:00,209.94833333333335,1.0,90.0,0.0,0.0
2014-09-11 05:44:06+00:00,209.92166666666665,1.0,89.0,1.0,0.0
2014-09-11 05:44:12+00:00,210.10833333333335,0.0,90.0,1.0,0.0
2014-09-11 05:44:18+00:00,210.035,1.0,0.0,1.0,0.0
2014-09-11 05:44:24+00:00,209.91166666666666,1.0,90.0,1.0,0.0
2014-09-11 05:44:30+00:00,209.57666666666668,1.0,90.0,0.0,0.0
2014-09-11 05:44:36+00:00,209.71833333333333,0.0,89.0,1.0,0.0
2014-09-11 05:44:42+00:00,209.62833333333333,1.0,90.0,1.0,0.0
2014-09-11 05:44:48+00:00,209.62833333333333,1.0,0.0,1.0,0.0
2014-09-11 05:44:54+00:00,209.91166666666666,1.0,89.0,1.0,0.0
2014-09-11 05:45:00+00:00,209.5583333333333,1.0,89.0,1.0,0.0
2014-09-11 05:45:06+00:00,209.56000000000003,1.0,90.0,0.0,0.0
2014-09-11 05:45:12+00:00,209.72,1.0,89.0,1.0,0.0
2014-09-11 05:45:18+00:00,210.08333333333334,0.0,0.0,1.0,0.0
2014-09-11 05:45:24+00:00,210.20166666666668,1.0,90.0,1.0,0.0
2014-09-11 05:45:30+00:00,210.36333333333334,1.0,90.0,1.0,0.0
2014-09-11 05:45:36+00:00,209.915,1.0,90.0,0.0,0.0
2014-09-11 05:45:42+00:00,210.44500000000002,1.0,90.0,1.0,0.0
2014-09-11 05:45:48+00:00,210.09166666666667,0.0,0.0,1.0,0.0
2014-09-11 05:45:54+00:00,210.42999999999998,1.0,90.0,1.0,0.0
2014-09-11 05:46:00+00:00,210.26,1.0,90.0,0.0,0.0
2014-09-11 05:46:06+00:00,209.80666666666664,1.0,90.0,1.0,0.0
2014-09-11 05:46:12+00:00,210.02166666666668,1.0,90.0,1.0,0.0
2014-09-11 05:46:18+00:00,209.82333333333335,0.0,89.0,1.0,0.0
2014-09-11 05:46:24+00:00,209.71333333333334,1.0,0.0,1.0,0.0
2014-09-11 05:46:30+00:00,209.785,1.0,90.0,1.0,0.0
2014-09-11 05:46:36+00:00,209.82500000000002,1.0,90.0,1.0,0.0
2014-09-11 05:46:42+00:00,209.245,1.0,89.0,1.0,0.0
2014-09-11 05:46:48+00:00,209.205,1.0,0.0,0.0,0.0
2014-09-11 05:46:54+00:00,211.98499999999999,0.0,90.0,1.0,0.0
2014-09-11 05:47:00+00:00,217.8166666666667,1.0,90.0,1.0,0.0
2014-09-11 05:47:06+00:00,217.89333333333332,1.0,90.0,1.0,0.0
2014-09-11 05:47:12+00:00,268.91,1.0,89.0,0.0,0.0
2014-09-11 05:47:18+00:00,292.15333333333336,1.0,90.0,1.0,0.0
2014-09-11 05:47:24+00:00,290.00666666666666,0.0,90.0,1.0,0.0
2014-09-11 05:47:30+00:00,285.71166666666664,1.0,90.0,1.0,0.0
2014-09-11 05:47:36+00:00,283.68666666666667,1.0,0.0,1.0,0.0
2014-09-11 05:47:42+00:00,282.7416666666667,1.0,89.0,1.0,0.0
2014-09-11 05:47:48+00:00,282.62166666666667,1.0,90.0,0.0,0.0
2014-09-11 05:47:54+00:00,282.39,0.0,0.0,1.0,0.0
2014-09-11 05:48:00+00:00,281.44,1.0,90.0,1.0,0.0
2014-09-11 05:48:06+00:00,281.34833333333336,1.0,90.0,1.0,0.0
2014-09-11 05:48:12+00:00,281.01166666666666,1.0,90.0,0.0,0.0
2014-09-11 05:48:18+00:00,283.74333333333334,1.0,90.0,1.0,0.0
2014-09-11 05:48:24+00:00,297.585,1.0,90.0,1.0,0.0
2014-09-11 05:48:30+00:00,297.415,1.0,90.0,1.0,0.0
2014-09-11 05:48:36+00:00,315.73499999999996,1.0,90.0,1.0,0.0
2014-09-11 05:48:42+00:00,409.7266666666667,1.0,90.0,1.0,0.0
2014-09-11 05:48:48+00:00,406.195,1.0,90.0,1.0,0.0
2014-09-11 05:48:54+00:00,405.2716666666667,1.0,92.0,1.0,0.0
2014-09-11 05:49:00+00:00,406.49500000000006,0.0,0.0,1.0,0.0
2014-09-11 05:49:06+00:00,417.9633333333333,1.0,90.0,1.0,0.0
2014-09-11 05:49:12+00:00,405.44166666666666,1.0,108.0,1.0,0.0
2014-09-11 05:49:18+00:00,405.6666666666667,1.0,90.0,1.0,0.0
2014-09-11 05:49:24+00:00,413.19,1.0,90.0,0.0,0.0
2014-09-11 05:49:30+00:00,382.5783333333333,1.0,90.0,1.0,0.0
2014-09-11 05:49:36+00:00,302.7133333333333,0.0,90.0,1.0,0.0
2014-09-11 05:49:42+00:00,304.01,1.0,90.0,1.0,0.0
2014-09-11 05:49:48+00:00,284.9216666666667,1.0,90.0,1.0,0.0
2014-09-11 05:49:54+00:00,284.55,1.0,90.0,1.0,0.0
2014-09-11 05:50:00+00:00,283.75166666666667,1.0,90.0,1.0,0.0
2014-09-11 05:50:06+00:00,284.0466666666667,1.0,90.0,1.0,0.0
2014-09-11 05:50:12+00:00,284.07,1.0,0.0,1.0,0.0
2014-09-11 05:50:18+00:00,283.45,1.0,91.0,1.0,0.0
2014-09-11 05:50:24+00:00,283.2316666666666,1.0,90.0,1.0,0.0
2014-09-11 05:50:30+00:00,282.98333333333335,1.0,91.0,0.0,0.0
2014-09-11 05:50:36+00:00,282.52833333333336,1.0,91.0,1.0,0.0
2014-09-11 05:50:42+00:00,282.865,0.0,91.0,1.0,0.0
2014-09-11 05:50:48+00:00,282.375,1.0,0.0,1.0,0.0
2014-09-11 05:50:54+00:00,282.2266666666667,1.0,91.0,1.0,0.0
2014-09-11 05:51:00+00:00,282.2033333333333,1.0,91.0,0.0,0.0
2014-09-11 05:51:06+00:00,277.745,0.0,90.0,1.0,0.0
2014-09-11 05:51:12+00:00,272.35833333333335,1.0,91.0,1.0,0.0
2014-09-11 05:51:18+00:00,272.62833333333333,1.0,91.0,1.0,0.0
2014-09-11 05:51:24+00:00,272.56166666666667,1.0,0.0,1.0,0.0
2014-09-11 05:51:30+00:00,273.16333333333336,1.0,90.0,1.0,0.0
2014-09-11 05:51:36+00:00,270.37666666666667,0.0,90.0,0.0,0.0
2014-09-11 05:51:42+00:00,266.82166666666666,1.0,91.0,1.0,0.0
2014-09-11 05:51:48+00:00,266.7,1.0,90.0,1.0,0.0
2014-09-11 05:51:54+00:00,266.87666666666667,1.0,0.0,1.0,0.0
2014-09-11 05:52:00+00:00,279.97,1.0,90.0,1.0,0.0
2014-09-11 05:52:06+00:00,290.5083333333333,1.0,90.0,0.0,0.0
2014-09-11 05:52:12+00:00,288.26500000000004,0.0,0.0,1.0,0.0
2014-09-11 05:52:18+00:00,284.33166666666665,1.0,90.0,1.0,0.0
2014-09-11 05:52:24+00:00,282.645,1.0,90.0,1.0,0.0
2014-09-11 05:52:30+00:00,282.09999999999997,1.0,91.0,1.0,0.0
2014-09-11 05:52:36+00:00,282.01,1.0,90.0,0.0,0.0
2014-09-11 05:52:42+00:00,281.43666666666667,0.0,90.0,1.0,0.0
2014-09-11 05:52:48+00:00,281.98333333333335,1.0,0.0,1.0,0.0
2014-09-11 05:52:54+00:00,281.8533333333333,1.0,91.0,1.0,0.0
2014-09-11 05:53:00+00:00,281.44,1.0,90.0,1.0,0.0
2014-09-11 05:53:06+00:00,280.64166666666665,1.0,91.0,1.0,0.0
2014-09-11 05:53:12+00:00,280.865,1.0,90.0,0.0,0.0
2014-09-11 05:53:18+00:00,280.47166666666664,0.0,0.0,1.0,0.0
2014-09-11 05:53:24+00:00,280.565,1.0,90.0,1.0,0.0
2014-09-11 05:53:30+00:00,280.93,1.0,90.0,1.0,0.0
2014-09-11 05:53:36+00:00,280.445,1.0,90.0,1.0,0.0
2014-09-11 05:53:42+00:00,280.02,1.0,90.0,1.0,0.0
2014-09-11 05:53:48+00:00,280.4483333333333,1.0,91.0,0.0,0.0
2014-09-11 05:53:54+00:00,280.20666666666665,0.0,90.0,1.0,0.0
2014-09-11 05:54:00+00:00,280.49666666666667,1.0,89.0,1.0,0.0
2014-09-11 05:54:06+00:00,280.29333333333335,1.0,0.0,1.0,0.0
2014-09-11 05:54:12+00:00,280.89833333333337,1.0,90.0,1.0,0.0
2014-09-11 05:54:18+00:00,280.69666666666666,1.0,90.0,1.0,0.0
2014-09-11 05:54:24+00:00,280.54,1.0,90.0,1.0,0.0
2014-09-11 05:54:30+00:00,280.36,1.0,90.0,1.0,0.0
2014-09-11 05:54:36+00:00,279.84,1.0,90.0,1.0,0.0
2014-09-11 05:54:42+00:00,279.8566666666666,1.0,90.0,0.0,0.0
2014-09-11 05:54:48+00:00,279.8883333333333,1.0,90.0,1.0,0.0
2014-09-11 05:54:54+00:00,279.27500000000003,1.0,90.0,1.0,0.0
2014-09-11 05:55:00+00:00,279.0466666666667,1.0,90.0,1.0,0.0
2014-09-11 05:55:06+00:00,278.005,1.0,90.0,1.0,0.0
2014-09-11 05:55:12+00:00,279.4733333333333,1.0,90.0,1.0,0.0
2014-09-11 05:55:18+00:00,279.1566666666667,0.0,90.0,1.0,0.0
2014-09-11 05:55:24+00:00,279.7083333333333,1.0,0.0,1.0,0.0
2014-09-11 05:55:30+00:00,279.865,1.0,90.0,1.0,0.0
2014-09-11 05:55:36+00:00,280.14166666666665,1.0,90.0,0.0,0.0
2014-09-11 05:55:42+00:00,280.20166666666665,0.0,0.0,1.0,0.0
2014-09-11 05:55:48+00:00,280.32666666666665,1.0,90.0,1.0,0.0
2014-09-11 05:55:54+00:00,280.62333333333333,1.0,89.0,0.0,0.0
2014-09-11 05:56:00+00:00,280.99333333333334,1.0,90.0,1.0,0.0
2014-09-11 05:56:06+00:00,281.4733333333333,1.0,91.0,1.0,0.0
2014-09-11 05:56:12+00:00,281.8283333333333,1.0,91.0,1.0,0.0
2014-09-11 05:56:18+00:00,282.05833333333334,1.0,92.0,1.0,0.0
2014-09-11 05:56:24+00:00,281.67333333333335,0.0,92.0,1.0,0.0
2014-09-11 05:56:30+00:00,282.705,1.0,0.0,1.0,0.0
2014-09-11 05:56:36+00:00,282.62666666666667,1.0,92.0,1.0,0.0
2014-09-11 05:56:42+00:00,282.00166666666667,1.0,93.0,1.0,0.0
2014-09-11 05:56:48+00:00,281.6116666666667,1.0,93.0,1.0,0.0
2014-09-11 05:56:54+00:00,281.5316666666667,1.0,92.0,0.0,0.0
2014-09-11 05:57:00+00:00,281.1983333333333,0.0,92.0,1.0,0.0
2014-09-11 05:57:06+00:00,280.7083333333333,1.0,92.0,1.0,0.0
2014-09-11 05:57:12+00:00,279.81666666666666,1.0,91.0,1.0,0.0
2014-09-11 05:57:18+00:00,279.115,1.0,0.0,1.0,0.0
2014-09-11 05:57:24+00:00,279.055,1.0,92.0,0.0,0.0
2014-09-11 05:57:30+00:00,279.06,1.0,91.0,1.0,0.0
2014-09-11 05:57:36+00:00,278.655,1.0,91.0,1.0,0.0
2014-09-11 05:57:42+00:00,278.53333333333336,0.0,91.0,1.0,0.0
2014-09-11 05:57:48+00:00,278.26714285714286,1.0,90.0,1.0,0.0
2014-09-11 05:57:54+00:00,275.828,1.0,0.0,1.0,0.0
2014-09-11 05:58:00+00:00,268.14714285714285,1.0,89.0,1.0,0.0
2014-09-11 05:58:06+00:00,268.67,1.0,89.0,0.0,0.0
2014-09-11 05:58:12+00:00,269.24,0.0,89.0,1.0,0.0
2014-09-11 05:58:18+00:00,268.885,1.0,89.0,1.0,0.0
2014-09-11 05:58:24+00:00,265.21999999999997,1.0,0.0,1.0,0.0
2014-09-11 05:58:30+00:00,261.56,1.0,89.0,1.0,0.0
2014-09-11 05:58:36+00:00,260.7316666666666,1.0,88.0,1.0,0.0
2014-09-11 05:58:42+00:00,259.92833333333334,1.0,88.0,0.0,0.0
2014-09-11 05:58:48+00:00,261.30833333333334,1.0,87.0,1.0,0.0
2014-09-11 05:58:54+00:00,269.01,0.0,0.0,1.0,0.0
2014-09-11 05:59:00+00:00,285.0783333333333,1.0,87.0,1.0,0.0
2014-09-11 05:59:06+00:00,282.9916666666667,1.0,87.0,0.0,0.0
2014-09-11 05:59:12+00:00,278.77,0.0,87.0,1.0,0.0
2014-09-11 05:59:18+00:00,277.23333333333335,1.0,87.0,1.0,0.0
2014-09-11 05:59:24+00:00,276.15833333333336,1.0,87.0,1.0,0.0
2014-09-11 05:59:30+00:00,276.175,1.0,0.0,1.0,0.0
2014-09-11 05:59:36+00:00,275.5416666666667,1.0,86.0,1.0,0.0
2014-09-11 05:59:42+00:00,275.20166666666665,1.0,87.0,0.0,0.0
2014-09-11 05:59:48+00:00,275.42,1.0,86.0,1.0,0.0
2014-09-11 05:59:54+00:00,275.385,0.0,0.0,1.0,0.0
2014-09-11 06:00:00+00:00,269.1716666666667,1.0,86.0,1.0,0.0
2014-09-11 06:00:06+00:00,269.245,1.0,86.0,0.0,0.0
2014-09-11 06:00:12+00:00,268.7366666666667,1.0,86.0,1.0,0.0
2014-09-11 06:00:18+00:00,269.2033333333333,1.0,85.0,1.0,0.0
2014-09-11 06:00:24+00:00,268.06333333333333,0.0,86.0,1.0,0.0
2014-09-11 06:00:30+00:00,262.02,1.0,0.0,1.0,0.0
2014-09-11 06:00:36+00:00,262.07,1.0,85.0,1.0,0.0
2014-09-11 06:00:42+00:00,262.17833333333334,1.0,85.0,1.0,0.0
2014-09-11 06:00:48+00:00,261.78833333333336,1.0,85.0,0.0,0.0
2014-09-11 06:00:54+00:00,260.93333333333334,1.0,85.0,1.0,0.0
2014-09-11 06:01:00+00:00,260.98833333333334,1.0,86.0,1.0,0.0
2014-09-11 06:01:06+00:00,269.08166666666665,1.0,85.0,1.0,0.0
2014-09-11 06:01:12+00:00,285.3666666666667,0.0,84.0,1.0,0.0
2014-09-11 06:01:18+00:00,287.9016666666667,1.0,0.0,1.0,0.0
2014-09-11 06:01:24+00:00,294.99833333333333,1.0,85.0,0.0,0.0
2014-09-11 06:01:30+00:00,293.79,1.0,85.0,1.0,0.0
2014-09-11 06:01:36+00:00,292.47333333333336,1.0,84.0,1.0,0.0
2014-09-11 06:01:42+00:00,292.13166666666666,1.0,84.0,1.0,0.0
2014-09-11 06:01:48+00:00,292.56333333333333,1.0,85.0,1.0,0.0
2014-09-11 06:01:54+00:00,292.555,1.0,85.0,1.0,0.0
2014-09-11 06:02:00+00:00,292.3233333333333,1.0,84.0,1.0,0.0
2014-09-11 06:02:06+00:00,285.97499999999997,0.0,84.0,1.0,0.0
2014-09-11 06:02:12+00:00,284.265,1.0,0.0,1.0,0.0
2014-09-11 06:02:18+00:00,284.5216666666667,1.0,84.0,1.0,0.0
2014-09-11 06:02:24+00:00,284.25333333333333,1.0,84.0,0.0,0.0
2014-09-11 06:02:30+00:00,284.3016666666667,1.0,84.0,1.0,0.0
2014-09-11 06:02:36+00:00,194.93500000000003,1.0,84.0,1.0,0.0
2014-09-11 06:02:42+00:00,174.42999999999998,1.0,0.0,1.0,0.0
2014-09-11 06:02:48+00:00,174.39999999999998,0.0,0.0,1.0,0.0
2014-09-11 06:02:54+00:00,174.4333333333333,1.0,0.0,1.0,0.0
2014-09-11 06:03:00+00:00,161.90333333333334,1.0,0.0,1.0,0.0
2014-09-11 06:03:06+00:00,162.65,1.0,0.0,1.0,0.0
2014-09-11 06:03:12+00:00,185.56833333333336,1.0,0.0,1.0,0.0
2014-09-11 06:03:18+00:00,185.1833333333333,1.0,0.0,1.0,0.0
2014-09-11 06:03:24+00:00,184.96166666666667,1.0,0.0,0.0,0.0
2014-09-11 06:03:30+00:00,203.06499999999997,1.0,0.0,1.0,0.0
2014-09-11 06:03:36+00:00,208.18666666666664,1.0,0.0,1.0,0.0
2014-09-11 06:03:42+00:00,205.99166666666667,1.0,0.0,1.0,0.0
2014-09-11 06:03:48+00:00,202.05499999999998,1.0,0.0,1.0,0.0
2014-09-11 06:03:54+00:00,200.755,1.0,0.0,1.0,0.0
2014-09-11 06:04:00+00:00,200.43166666666664,1.0,0.0,1.0,0.0
2014-09-11 06:04:06+00:00,199.95833333333334,0.0,0.0,1.0,0.0
2014-09-11 06:04:12+00:00,199.70833333333334,1.0,0.0,1.0,0.0
2014-09-11 06:04:18+00:00,199.51333333333332,1.0,0.0,1.0,0.0
2014-09-11 06:04:24+00:00,193.005,1.0,0.0,0.0,0.0
2014-09-11 06:04:30+00:00,191.16333333333333,1.0,0.0,1.0,0.0
2014-09-11 06:04:36+00:00,191.04,0.0,0.0,1.0,0.0
2014-09-11 06:04:42+00:00,190.67,1.0,0.0,1.0,0.0
2014-09-11 06:04:48+00:00,190.70333333333335,1.0,0.0,1.0,0.0
2014-09-11 06:04:54+00:00,185.00166666666667,1.0,0.0,1.0,0.0
2014-09-11 06:05:00+00:00,184.5583333333333,1.0,0.0,1.0,0.0
2014-09-11 06:05:06+00:00,184.75833333333333,1.0,0.0,0.0,0.0
2014-09-11 06:05:12+00:00,185.58166666666668,1.0,0.0,1.0,0.0
2014-09-11 06:05:18+00:00,185.94000000000003,1.0,0.0,1.0,0.0
2014-09-11 06:05:24+00:00,185.54833333333332,0.0,0.0,1.0,0.0
2014-09-11 06:05:30+00:00,185.46,1.0,0.0,1.0,0.0
2014-09-11 06:05:36+00:00,185.09333333333333,1.0,0.0,1.0,0.0
2014-09-11 06:05:42+00:00,185.00666666666666,1.0,0.0,1.0,0.0
2014-09-11 06:05:48+00:00,184.56000000000003,1.0,0.0,1.0,0.0
2014-09-11 06:05:54+00:00,184.40666666666667,1.0,0.0,1.0,0.0
2014-09-11 06:06:00+00:00,190.37833333333333,1.0,0.0,1.0,0.0
2014-09-11 06:06:06+00:00,206.45666666666668,1.0,0.0,0.0,0.0
2014-09-11 06:06:12+00:00,207.14666666666668,1.0,0.0,1.0,0.0
2014-09-11 06:06:18+00:00,204.18666666666664,1.0,0.0,1.0,0.0
2014-09-11 06:06:24+00:00,201.17,1.0,0.0,1.0,0.0
2014-09-11 06:06:30+00:00,200.72,1.0,0.0,1.0,0.0
2014-09-11 06:06:36+00:00,199.8516666666667,0.0,0.0,1.0,0.0
2014-09-11 06:06:42+00:00,200.01,1.0,0.0,1.0,0.0
2014-09-11 06:06:48+00:00,199.62666666666667,1.0,0.0,1.0,0.0
2014-09-11 06:06:54+00:00,193.03333333333333,1.0,0.0,0.0,0.0
2014-09-11 06:07:00+00:00,177.14333333333335,0.0,0.0,1.0,0.0
2014-09-11 06:07:06+00:00,175.50166666666667,1.0,0.0,1.0,0.0
2014-09-11 06:07:12+00:00,175.58666666666667,1.0,0.0,1.0,0.0
2014-09-11 06:07:18+00:00,175.38,1.0,0.0,1.0,0.0
2014-09-11 06:07:24+00:00,170.79166666666666,1.0,0.0,1.0,0.0
2014-09-11 06:07:30+00:00,168.94666666666666,1.0,0.0,1.0,0.0
2014-09-11 06:07:36+00:00,169.10333333333332,1.0,0.0,1.0,0.0
2014-09-11 06:07:42+00:00,169.04999999999998,1.0,0.0,1.0,0.0
2014-09-11 06:07:48+00:00,169.85166666666666,1.0,0.0,1.0,0.0
2014-09-11 06:07:54+00:00,170.04333333333332,1.0,0.0,0.0,0.0
2014-09-11 06:08:00+00:00,170.20000000000002,0.0,0.0,1.0,0.0
2014-09-11 06:08:06+00:00,169.61333333333334,1.0,0.0,1.0,0.0
2014-09-11 06:08:12+00:00,169.84166666666667,1.0,0.0,0.0,0.0
2014-09-11 06:08:18+00:00,169.52833333333334,1.0,0.0,1.0,0.0
2014-09-11 06:08:24+00:00,169.77833333333334,1.0,0.0,1.0,0.0
2014-09-11 06:08:30+00:00,169.90833333333333,1.0,0.0,1.0,0.0
2014-09-11 06:08:36+00:00,169.82666666666668,1.0,0.0,1.0,0.0
2014-09-11 06:08:42+00:00,169.60999999999999,1.0,0.0,1.0,0.0
2014-09-11 06:08:48+00:00,169.495,0.0,0.0,1.0,0.0
2014-09-11 06:08:54+00:00,170.42499999999998,1.0,0.0,1.0,0.0
2014-09-11 06:09:00+00:00,169.26666666666668,1.0,0.0,0.0,0.0
2014-09-11 06:09:06+00:00,169.59166666666667,1.0,0.0,1.0,0.0
2014-09-11 06:09:12+00:00,169.88166666666666,1.0,0.0,1.0,0.0
2014-09-11 06:09:18+00:00,169.68166666666664,1.0,0.0,1.0,0.0
2014-09-11 06:09:24+00:00,172.92333333333332,0.0,0.0,1.0,0.0
2014-09-11 06:09:30+00:00,172.77833333333334,1.0,0.0,1.0,0.0
2014-09-11 06:09:36+00:00,173.20666666666668,1.0,0.0,1.0,0.0
2014-09-11 06:09:42+00:00,173.48166666666665,1.0,0.0,1.0,0.0
2014-09-11 06:09:48+00:00,173.59166666666667,1.0,0.0,1.0,0.0
2014-09-11 06:09:54+00:00,173.43833333333336,1.0,0.0,1.0,0.0
2014-09-11 06:10:00+00:00,132.38833333333335,1.0,0.0,1.0,0.0
2014-09-11 06:10:06+00:00,132.54833333333332,1.0,0.0,0.0,0.0
2014-09-11 06:10:12+00:00,132.52,0.0,0.0,1.0,0.0
2014-09-11 06:10:18+00:00,132.4,1.0,0.0,1.0,0.0
2014-09-11 06:10:24+00:00,132.465,1.0,0.0,1.0,0.0
2014-09-11 06:10:30+00:00,131.89333333333335,1.0,0.0,0.0,0.0
2014-09-11 06:10:36+00:00,132.105,1.0,0.0,1.0,0.0
2014-09-11 06:10:42+00:00,132.06333333333333,0.0,0.0,1.0,0.0
2014-09-11 06:10:48+00:00,131.74,1.0,0.0,1.0,0.0
2014-09-11 06:10:54+00:00,131.48,1.0,0.0,1.0,0.0
2014-09-11 06:11:00+00:00,130.44,1.0,0.0,1.0,0.0
2014-09-11 06:11:06+00:00,130.18166666666667,1.0,0.0,1.0,0.0
2014-09-11 06:11:12+00:00,129.86833333333334,1.0,0.0,1.0,0.0
2014-09-11 06:11:18+00:00,130.255,1.0,0.0,1.0,0.0
2014-09-11 06:11:24+00:00,130.37333333333333,1.0,0.0,1.0,0.0
2014-09-11 06:11:30+00:00,129.61333333333332,1.0,0.0,1.0,0.0
2014-09-11 06:11:36+00:00,129.68666666666667,1.0,0.0,1.0,0.0
2014-09-11 06:11:42+00:00,129.21833333333333,1.0,0.0,1.0,0.0
2014-09-11 06:11:48+00:00,129.52666666666667,0.0,0.0,0.0,0.0
2014-09-11 06:11:54+00:00,129.385,1.0,0.0,1.0,0.0
2014-09-11 06:12:00+00:00,129.26833333333332,1.0,0.0,1.0,0.0
2014-09-11 06:12:06+00:00,129.05999999999997,1.0,0.0,1.0,0.0
2014-09-11 06:12:12+00:00,129.09333333333333,1.0,0.0,1.0,0.0
2014-09-11 06:12:18+00:00,128.715,1.0,0.0,1.0,0.0
2014-09-11 06:12:24+00:00,128.59166666666667,1.0,0.0,1.0,0.0
2014-09-11 06:12:30+00:00,129.05833333333334,1.0,0.0,1.0,0.0
2014-09-11 06:12:36+00:00,129.29666666666665,1.0,0.0,1.0,0.0
2014-09-11 06:12:42+00:00,129.1966666666667,1.0,0.0,1.0,0.0
2014-09-11 06:12:48+00:00,129.6783333333333,1.0,0.0,1.0,0.0
2014-09-11 06:12:54+00:00,129.765,1.0,0.0,0.0,0.0
2014-09-11 06:13:00+00:00,129.315,0.0,0.0,1.0,0.0
2014-09-11 06:13:06+00:00,129.59,1.0,0.0,1.0,0.0
2014-09-11 06:13:12+00:00,129.0,1.0,0.0,1.0,0.0
2014-09-11 06:13:18+00:00,129.00333333333333,1.0,0.0,1.0,0.0
2014-09-11 06:13:24+00:00,129.03166666666667,1.0,0.0,1.0,0.0
2014-09-11 06:13:30+00:00,128.79333333333332,1.0,0.0,1.0,0.0
2014-09-11 06:13:36+00:00,128.42166666666665,1.0,0.0,0.0,0.0
2014-09-11 06:13:42+00:00,138.11333333333334,0.0,0.0,1.0,0.0
2014-09-11 06:13:48+00:00,146.51333333333335,1.0,0.0,1.0,0.0
2014-09-11 06:13:54+00:00,146.56666666666666,1.0,0.0,1.0,0.0
2014-09-11 06:14:00+00:00,146.76333333333335,1.0,0.0,1.0,0.0
2014-09-11 06:14:06+00:00,146.89833333333334,1.0,0.0,0.0,0.0
2014-09-11 06:14:12+00:00,147.105,1.0,0.0,1.0,0.0
2014-09-11 06:14:18+00:00,147.62833333333333,1.0,0.0,1.0,0.0
2014-09-11 06:14:24+00:00,147.52666666666667,1.0,0.0,1.0,0.0
2014-09-11 06:14:30+00:00,147.36499999999998,1.0,0.0,1.0,0.0
2014-09-11 06:14:36+00:00,147.46333333333334,0.0,0.0,1.0,0.0
2014-09-11 06:14:42+00:00,147.34666666666666,1.0,0.0,1.0,0.0
2014-09-11 06:14:48+00:00,147.14000000000001,1.0,0.0,1.0,0.0
2014-09-11 06:14:54+00:00,147.885,1.0,0.0,0.0,0.0
2014-09-11 06:15:00+00:00,153.15333333333334,1.0,0.0,1.0,0.0
2014-09-11 06:15:06+00:00,164.65333333333334,0.0,0.0,1.0,0.0
2014-09-11 06:15:12+00:00,157.87833333333333,1.0,0.0,1.0,0.0
2014-09-11 06:15:18+00:00,154.15,1.0,0.0,1.0,0.0
2014-09-11 06:15:24+00:00,154.09,1.0,0.0,1.0,0.0
2014-09-11 06:15:30+00:00,154.07166666666666,1.0,0.0,1.0,0.0
2014-09-11 06:15:36+00:00,153.98,1.0,0.0,1.0,0.0
2014-09-11 06:15:42+00:00,153.95833333333334,1.0,0.0,1.0,0.0
2014-09-11 06:15:48+00:00,154.06666666666666,1.0,0.0,0.0,0.0
2014-09-11 06:15:54+00:00,153.585,1.0,0.0,1.0,0.0
2014-09-11 06:16:00+00:00,152.92999999999998,1.0,0.0,0.0,0.0
2014-09-11 06:16:06+00:00,153.17499999999998,0.0,0.0,1.0,0.0
2014-09-11 06:16:12+00:00,153.01333333333332,1.0,0.0,1.0,0.0
2014-09-11 06:16:18+00:00,152.82166666666666,1.0,0.0,0.0,0.0
2014-09-11 06:16:24+00:00,152.88666666666668,1.0,0.0,1.0,0.0
2014-09-11 06:16:30+00:00,152.71166666666667,0.0,0.0,1.0,0.0
2014-09-11 06:16:36+00:00,153.18666666666667,1.0,0.0,1.0,0.0
2014-09-11 06:16:42+00:00,152.68166666666667,1.0,0.0,1.0,0.0
2014-09-11 06:16:48+00:00,152.91,1.0,0.0,1.0,0.0
2014-09-11 06:16:54+00:00,152.16833333333332,1.0,0.0,0.0,0.0
2014-09-11 06:17:00+00:00,152.1783333333333,0.0,0.0,1.0,0.0
2014-09-11 06:17:06+00:00,151.74,1.0,0.0,1.0,0.0
2014-09-11 06:17:12+00:00,152.21333333333334,1.0,0.0,1.0,0.0
2014-09-11 06:17:18+00:00,151.27166666666668,1.0,0.0,1.0,0.0
2014-09-11 06:17:24+00:00,151.54166666666666,1.0,0.0,1.0,0.0
2014-09-11 06:17:30+00:00,152.24833333333333,1.0,0.0,1.0,0.0
2014-09-11 06:17:36+00:00,151.8033333333333,1.0,0.0,1.0,0.0
2014-09-11 06:17:42+00:00,151.87166666666667,1.0,0.0,1.0,0.0
2014-09-11 06:17:48+00:00,151.85,1.0,0.0,1.0,0.0
2014-09-11 06:17:54+00:00,152.26666666666668,1.0,0.0,1.0,0.0
2014-09-11 06:18:00+00:00,152.19333333333336,1.0,0.0,0.0,0.0
2014-09-11 06:18:06+00:00,151.93333333333334,1.0,0.0,1.0,0.0
2014-09-11 06:18:12+00:00,151.57833333333335,0.0,0.0,1.0,0.0
2014-09-11 06:18:18+00:00,151.69166666666666,1.0,0.0,1.0,0.0
2014-09-11 06:18:24+00:00,152.43666666666664,1.0,0.0,0.0,0.0
2014-09-11 06:18:30+00:00,152.45166666666668,1.0,0.0,1.0,0.0
2014-09-11 06:18:36+00:00,152.505,1.0,0.0,1.0,0.0
2014-09-11 06:18:42+00:00,152.38166666666666,0.0,0.0,1.0,0.0
2014-09-11 06:18:48+00:00,151.76166666666668,1.0,0.0,1.0,0.0
2014-09-11 06:18:54+00:00,152.20333333333335,1.0,0.0,1.0,0.0
2014-09-11 06:19:00+00:00,152.67666666666668,1.0,0.0,1.0,0.0
2014-09-11 06:19:06+00:00,152.51666666666668,1.0,0.0,1.0,0.0
2014-09-11 06:19:12+00:00,152.62,1.0,0.0,1.0,0.0
2014-09-11 06:19:18+00:00,152.755,1.0,0.0,0.0,0.0
2014-09-11 06:19:24+00:00,153.17333333333335,0.0,0.0,1.0,0.0
2014-09-11 06:19:30+00:00,153.275,1.0,0.0,1.0,0.0
2014-09-11 06:19:36+00:00,153.4283333333333,0.0,0.0,1.0,0.0
2014-09-11 06:19:42+00:00,153.105,1.0,0.0,1.0,0.0
2014-09-11 06:19:48+00:00,152.98333333333332,1.0,0.0,1.0,0.0
2014-09-11 06:19:54+00:00,153.13833333333335,1.0,0.0,0.0,0.0
2014-09-11 06:20:00+00:00,152.88666666666666,0.0,0.0,1.0,0.0
2014-09-11 06:20:06+00:00,152.69833333333335,1.0,0.0,1.0,0.0
2014-09-11 06:20:12+00:00,152.76666666666668,1.0,0.0,0.0,0.0
2014-09-11 06:20:18+00:00,152.68666666666667,1.0,0.0,1.0,0.0
2014-09-11 06:20:24+00:00,152.545,1.0,0.0,1.0,0.0
2014-09-11 06:20:30+00:00,152.43333333333334,1.0,0.0,1.0,0.0
2014-09-11 06:20:36+00:00,153.345,1.0,0.0,1.0,0.0
2014-09-11 06:20:42+00:00,153.80833333333334,0.0,0.0,1.0,0.0
2014-09-11 06:20:48+00:00,152.79333333333332,1.0,0.0,1.0,0.0
2014-09-11 06:20:54+00:00,153.45833333333334,1.0,0.0,1.0,0.0
2014-09-11 06:21:00+00:00,153.82500000000002,1.0,0.0,0.0,0.0
2014-09-11 06:21:06+00:00,153.70000000000002,1.0,0.0,1.0,0.0
2014-09-11 06:21:12+00:00,153.57000000000002,0.0,0.0,1.0,0.0
2014-09-11 06:21:18+00:00,154.07500000000002,1.0,0.0,1.0,0.0
2014-09-11 06:21:24+00:00,153.83666666666667,1.0,0.0,1.0,0.0
2014-09-11 06:21:30+00:00,154.11142857142858,1.0,0.0,1.0,0.0
2014-09-11 06:21:36+00:00,154.35,1.0,0.0,0.0,0.0
2014-09-11 06:21:42+00:00,154.01285714285714,1.0,0.0,1.0,0.0
2014-09-11 06:21:48+00:00,154.21800000000002,1.0,0.0,1.0,0.0
2014-09-11 06:21:54+00:00,153.53666666666666,1.0,0.0,1.0,0.0
2014-09-11 06:22:00+00:00,153.39714285714285,0.0,0.0,1.0,0.0
2014-09-11 06:22:06+00:00,152.998,1.0,0.0,1.0,0.0
2014-09-11 06:22:12+00:00,153.31428571428572,1.0,0.0,1.0,0.0
2014-09-11 06:22:18+00:00,152.70166666666668,1.0,0.0,1.0,0.0
2014-09-11 06:22:24+00:00,152.14166666666668,1.0,0.0,1.0,0.0
2014-09-11 06:22:30+00:00,150.48166666666665,1.0,0.0,1.0,0.0
2014-09-11 06:22:36+00:00,145.59166666666667,1.0,0.0,0.0,0.0
2014-09-11 06:22:42+00:00,146.04999999999998,1.0,0.0,1.0,0.0
2014-09-11 06:22:48+00:00,145.8216666666667,1.0,0.0,1.0,0.0
2014-09-11 06:22:54+00:00,145.81666666666666,0.0,0.0,1.0,0.0
2014-09-11 06:23:00+00:00,145.54333333333332,1.0,0.0,1.0,0.0
2014-09-11 06:23:06+00:00,145.66833333333332,1.0,0.0,1.0,0.0
2014-09-11 06:23:12+00:00,145.74166666666667,1.0,0.0,1.0,0.0
2014-09-11 06:23:18+00:00,145.95666666666668,1.0,0.0,1.0,0.0
2014-09-11 06:23:24+00:00,146.235,1.0,0.0,0.0,0.0
2014-09-11 06:23:30+00:00,146.745,0.0,0.0,1.0,0.0
2014-09-11 06:23:36+00:00,146.375,1.0,0.0,1.0,0.0
2014-09-11 06:23:42+00:00,146.39166666666668,1.0,0.0,0.0,0.0
2014-09-11 06:23:48+00:00,134.265,1.0,0.0,1.0,0.0
2014-09-11 06:23:54+00:00,130.14833333333334,1.0,0.0,1.0,0.0
2014-09-11 06:24:00+00:00,129.64666666666668,1.0,0.0,0.0,0.0
2014-09-11 06:24:06+00:00,129.26,0.0,0.0,1.0,0.0
2014-09-11 06:24:12+00:00,128.94333333333336,1.0,0.0,1.0,0.0
2014-09-11 06:24:18+00:00,129.13833333333332,1.0,0.0,0.0,0.0
2014-09-11 06:24:24+00:00,129.73666666666665,1.0,0.0,1.0,0.0
2014-09-11 06:24:30+00:00,129.69333333333336,1.0,0.0,1.0,0.0
2014-09-11 06:24:36+00:00,129.98833333333332,0.0,0.0,1.0,0.0
2014-09-11 06:24:42+00:00,129.67499999999998,1.0,0.0,1.0,0.0
2014-09-11 06:24:48+00:00,129.77666666666667,1.0,0.0,1.0,0.0
2014-09-11 06:24:54+00:00,129.945,1.0,0.0,0.0,0.0
2014-09-11 06:25:00+00:00,129.66333333333333,1.0,0.0,1.0,0.0
2014-09-11 06:25:06+00:00,130.09333333333333,1.0,0.0,1.0,0.0
2014-09-11 06:25:12+00:00,129.60166666666666,1.0,0.0,1.0,0.0
2014-09-11 06:25:18+00:00,128.78333333333333,0.0,0.0,1.0,0.0
2014-09-11 06:25:24+00:00,129.565,1.0,0.0,1.0,0.0
2014-09-11 06:25:30+00:00,129.60833333333332,1.0,0.0,1.0,0.0
2014-09-11 06:25:36+00:00,130.12,1.0,0.0,0.0,0.0
2014-09-11 06:25:42+00:00,130.10166666666666,0.0,0.0,1.0,0.0
2014-09-11 06:25:48+00:00,129.76333333333335,1.0,0.0,1.0,0.0
2014-09-11 06:25:54+00:00,129.6,1.0,0.0,1.0,0.0
2014-09-11 06:26:00+00:00,129.72833333333332,1.0,0.0,1.0,0.0
2014-09-11 06:26:06+00:00,129.8166666666667,1.0,0.0,0.0,0.0
2014-09-11 06:26:12+00:00,129.66333333333333,0.0,0.0,1.0,0.0
2014-09-11 06:26:18+00:00,129.18666666666667,1.0,0.0,1.0,0.0
2014-09-11 06:26:24+00:00,129.0,1.0,0.0,1.0,0.0
2014-09-11 06:26:30+00:00,128.81833333333333,1.0,0.0,1.0,0.0
2014-09-11 06:26:36+00:00,129.56,1.0,0.0,0.0,0.0
2014-09-11 06:26:42+00:00,130.18,1.0,0.0,1.0,0.0
2014-09-11 06:26:48+00:00,129.58333333333334,0.0,0.0,1.0,0.0
2014-09-11 06:26:54+00:00,129.1966666666667,1.0,0.0,1.0,0.0
2014-09-11 06:27:00+00:00,129.06666666666666,1.0,0.0,1.0,0.0
2014-09-11 06:27:06+00:00,129.49666666666667,1.0,0.0,1.0,0.0
2014-09-11 06:27:12+00:00,129.70833333333334,1.0,0.0,1.0,0.0
2014-09-11 06:27:18+00:00,129.97,1.0,0.0,0.0,0.0
2014-09-11 06:27:24+00:00,130.73333333333332,1.0,0.0,1.0,0.0
2014-09-11 06:27:30+00:00,130.54999999999998,0.0,0.0,1.0,0.0
2014-09-11 06:27:36+00:00,130.59833333333333,1.0,0.0,1.0,0.0
2014-09-11 06:27:42+00:00,130.67333333333332,1.0,0.0,1.0,0.0
2014-09-11 06:27:48+00:00,130.71166666666667,1.0,0.0,1.0,0.0
2014-09-11 06:27:54+00:00,130.17166666666665,1.0,0.0,1.0,0.0
2014-09-11 06:28:00+00:00,130.55833333333334,1.0,0.0,0.0,0.0
2014-09-11 06:28:06+00:00,129.77833333333334,1.0,0.0,1.0,0.0
2014-09-11 06:28:12+00:00,129.74666666666667,1.0,0.0,1.0,0.0
2014-09-11 06:28:18+00:00,130.215,0.0,0.0,1.0,0.0
2014-09-11 06:28:24+00:00,130.865,1.0,0.0,1.0,0.0
2014-09-11 06:28:30+00:00,144.95333333333335,1.0,0.0,0.0,0.0
2014-09-11 06:28:36+00:00,144.69333333333336,1.0,0.0,1.0,0.0
2014-09-11 06:28:42+00:00,144.61,0.0,0.0,1.0,0.0
2014-09-11 06:28:48+00:00,143.73166666666665,1.0,0.0,1.0,0.0
2014-09-11 06:28:54+00:00,143.3216666666667,1.0,0.0,1.0,0.0
2014-09-11 06:29:00+00:00,143.96833333333333,1.0,0.0,0.0,0.0
2014-09-11 06:29:06+00:00,143.955,0.0,0.0,1.0,0.0
2014-09-11 06:29:12+00:00,143.675,1.0,0.0,1.0,0.0
2014-09-11 06:29:18+00:00,143.9,1.0,0.0,1.0,0.0
2014-09-11 06:29:24+00:00,144.10166666666666,1.0,0.0,0.0,0.0
2014-09-11 06:29:30+00:00,144.22666666666666,0.0,0.0,1.0,0.0
2014-09-11 06:29:36+00:00,144.105,1.0,0.0,1.0,0.0
2014-09-11 06:29:42+00:00,144.72833333333332,1.0,0.0,1.0,0.0
2014-09-11 06:29:48+00:00,144.78,1.0,0.0,1.0,0.0
2014-09-11 06:29:54+00:00,144.35333333333332,1.0,0.0,1.0,0.0
2014-09-11 06:30:00+00:00,144.705,1.0,0.0,0.0,0.0
2014-09-11 06:30:06+00:00,145.415,1.0,0.0,1.0,0.0
2014-09-11 06:30:12+00:00,144.85666666666665,0.0,0.0,1.0,0.0
2014-09-11 06:30:18+00:00,145.04166666666666,1.0,0.0,1.0,0.0
2014-09-11 06:30:24+00:00,144.73499999999999,1.0,0.0,1.0,0.0
2014-09-11 06:30:30+00:00,145.05666666666667,1.0,0.0,1.0,0.0
2014-09-11 06:30:36+00:00,144.605,1.0,0.0,1.0,0.0
2014-09-11 06:30:42+00:00,144.48166666666665,1.0,0.0,1.0,0.0
2014-09-11 06:30:48+00:00,145.0666666666667,1.0,0.0,1.0,0.0
2014-09-11 06:30:54+00:00,145.45666666666668,1.0,0.0,0.0,0.0
2014-09-11 06:31:00+00:00,145.10666666666668,0.0,0.0,1.0,0.0
2014-09-11 06:31:06+00:00,144.905,1.0,0.0,1.0,0.0
2014-09-11 06:31:12+00:00,144.90833333333333,1.0,0.0,1.0,0.0
2014-09-11 06:31:18+00:00,145.14,1.0,0.0,1.0,0.0
2014-09-11 06:31:24+00:00,145.09666666666666,1.0,0.0,1.0,0.0
2014-09-11 06:31:30+00:00,145.87333333333333,1.0,0.0,1.0,0.0
2014-09-11 06:31:36+00:00,145.67333333333332,1.0,0.0,1.0,0.0
2014-09-11 06:31:42+00:00,145.48666666666668,1.0,0.0,0.0,0.0
2014-09-11 06:31:48+00:00,145.0583333333333,1.0,0.0,1.0,0.0
2014-09-11 06:31:54+00:00,144.82333333333335,1.0,0.0,1.0,0.0
2014-09-11 06:32:00+00:00,144.95833333333334,1.0,0.0,1.0,0.0
2014-09-11 06:32:06+00:00,145.005,0.0,0.0,1.0,0.0
2014-09-11 06:32:12+00:00,144.57333333333335,1.0,0.0,1.0,0.0
2014-09-11 06:32:18+00:00,144.45666666666668,1.0,0.0,0.0,0.0
2014-09-11 06:32:24+00:00,144.56500000000003,0.0,0.0,1.0,0.0
2014-09-11 06:32:30+00:00,144.64333333333335,1.0,0.0,1.0,0.0
2014-09-11 06:32:36+00:00,144.315,1.0,0.0,1.0,0.0
2014-09-11 06:32:42+00:00,144.00833333333333,1.0,0.0,1.0,0.0
2014-09-11 06:32:48+00:00,144.23166666666665,1.0,0.0,0.0,0.0
2014-09-11 06:32:54+00:00,143.92166666666665,1.0,0.0,1.0,0.0
2014-09-11 06:33:00+00:00,143.96333333333334,1.0,0.0,1.0,0.0
2014-09-11 06:33:06+00:00,143.94666666666666,0.0,0.0,1.0,0.0
2014-09-11 06:33:12+00:00,144.72166666666666,1.0,0.0,1.0,0.0
2014-09-11 06:33:18+00:00,144.43666666666667,1.0,0.0,0.0,0.0
2014-09-11 06:33:24+00:00,144.4,0.0,0.0,1.0,0.0
2014-09-11 06:33:30+00:00,144.615,1.0,0.0,1.0,0.0
2014-09-11 06:33:36+00:00,138.585,1.0,0.0,1.0,0.0
2014-09-11 06:33:42+00:00,105.10000000000001,1.0,0.0,1.0,0.0
2014-09-11 06:33:48+00:00,97.8,1.0,0.0,1.0,0.0
2014-09-11 06:33:54+00:00,98.145,1.0,0.0,1.0,0.0
2014-09-11 06:34:00+00:00,98.14999999999999,1.0,0.0,1.0,0.0
2014-09-11 06:34:06+00:00,98.195,1.0,0.0,1.0,0.0
2014-09-11 06:34:12+00:00,98.42333333333333,1.0,0.0,0.0,0.0
2014-09-11 06:34:18+00:00,98.56166666666667,1.0,0.0,1.0,0.0
2014-09-11 06:34:24+00:00,98.73833333333333,0.0,0.0,1.0,0.0
2014-09-11 06:34:30+00:00,98.84166666666665,1.0,0.0,1.0,0.0
2014-09-11 06:34:36+00:00,98.77833333333332,1.0,0.0,1.0,0.0
2014-09-11 06:34:42+00:00,98.855,1.0,0.0,1.0,0.0
2014-09-11 06:34:48+00:00,98.64833333333333,1.0,0.0,1.0,0.0
2014-09-11 06:34:54+00:00,98.68333333333334,1.0,0.0,1.0,0.0
2014-09-11 06:35:00+00:00,98.82333333333334,1.0,0.0,0.0,0.0
2014-09-11 06:35:06+00:00,98.64999999999999,0.0,0.0,1.0,0.0
2014-09-11 06:35:12+00:00,98.85000000000001,1.0,0.0,1.0,0.0
2014-09-11 06:35:18+00:00,98.82166666666666,1.0,0.0,1.0,0.0
2014-09-11 06:35:24+00:00,98.41166666666668,1.0,0.0,1.0,0.0
2014-09-11 06:35:30+00:00,98.175,1.0,0.0,1.0,0.0
2014-09-11 06:35:36+00:00,98.37833333333333,1.0,0.0,0.0,0.0
2014-09-11 06:35:42+00:00,98.40833333333335,1.0,0.0,1.0,0.0
2014-09-11 06:35:48+00:00,98.36333333333333,1.0,0.0,1.0,0.0
2014-09-11 06:35:54+00:00,98.10666666666667,0.0,0.0,1.0,0.0
2014-09-11 06:36:00+00:00,98.19333333333333,1.0,0.0,1.0,0.0
2014-09-11 06:36:06+00:00,98.22666666666667,1.0,0.0,1.0,0.0
2014-09-11 06:36:12+00:00,98.585,1.0,0.0,1.0,0.0
2014-09-11 06:36:18+00:00,98.555,1.0,0.0,1.0,0.0
2014-09-11 06:36:24+00:00,98.42,1.0,0.0,1.0,0.0
2014-09-11 06:36:30+00:00,125.88333333333333,1.0,0.0,0.0,0.0
2014-09-11 06:36:36+00:00,145.285,1.0,0.0,1.0,0.0
2014-09-11 06:36:42+00:00,145.705,1.0,0.0,1.0,0.0
2014-09-11 06:36:48+00:00,145.81166666666667,1.0,0.0,1.0,0.0
2014-09-11 06:36:54+00:00,146.035,1.0,0.0,1.0,0.0
2014-09-11 06:37:00+00:00,145.52166666666668,0.0,0.0,1.0,0.0
2014-09-11 06:37:06+00:00,145.40333333333334,1.0,0.0,1.0,0.0
2014-09-11 06:37:12+00:00,145.405,1.0,0.0,1.0,0.0
2014-09-11 06:37:18+00:00,145.54999999999998,1.0,0.0,1.0,0.0
2014-09-11 06:37:24+00:00,145.475,1.0,0.0,1.0,0.0
2014-09-11 06:37:30+00:00,145.64666666666668,1.0,0.0,1.0,0.0
2014-09-11 06:37:36+00:00,145.71,1.0,0.0,1.0,0.0
2014-09-11 06:37:42+00:00,145.25333333333333,1.0,0.0,1.0,0.0
2014-09-11 06:37:48+00:00,145.4333333333333,1.0,0.0,1.0,0.0
2014-09-11 06:37:54+00:00,145.30833333333334,1.0,0.0,1.0,0.0
2014-09-11 06:38:00+00:00,145.62666666666667,1.0,0.0,1.0,0.0
2014-09-11 06:38:06+00:00,145.1833333333333,1.0,0.0,1.0,0.0
2014-09-11 06:38:12+00:00,145.03,1.0,0.0,1.0,0.0
2014-09-11 06:38:18+00:00,144.83833333333334,1.0,0.0,0.0,0.0
2014-09-11 06:38:24+00:00,144.85833333333332,0.0,0.0,1.0,0.0
2014-09-11 06:38:30+00:00,144.87,1.0,0.0,1.0,0.0
2014-09-11 06:38:36+00:00,144.95000000000002,1.0,0.0,0.0,0.0
2014-09-11 06:38:42+00:00,219.6833333333333,1.0,0.0,1.0,0.0
2014-09-11 06:38:48+00:00,240.49,1.0,0.0,1.0,0.0
2014-09-11 06:38:54+00:00,420.35833333333335,0.0,0.0,1.0,0.0
2014-09-11 06:39:00+00:00,2756.5316666666663,1.0,0.0,1.0,0.0
2014-09-11 06:39:06+00:00,2710.7133333333336,1.0,0.0,1.0,0.0
2014-09-11 06:39:12+00:00,2701.5499999999997,1.0,0.0,1.0,0.0
2014-09-11 06:39:18+00:00,2688.86,1.0,0.0,0.0,0.0
2014-09-11 06:39:24+00:00,2681.16,1.0,0.0,1.0,0.0
2014-09-11 06:39:30+00:00,2676.9533333333334,1.0,0.0,1.0,0.0
2014-09-11 06:39:36+00:00,2684.8683333333333,0.0,0.0,1.0,0.0
2014-09-11 06:39:42+00:00,2679.971666666667,1.0,0.0,1.0,0.0
2014-09-11 06:39:48+00:00,2680.375,1.0,0.0,1.0,0.0
2014-09-11 06:39:54+00:00,2677.57,1.0,0.0,1.0,0.0
2014-09-11 06:40:00+00:00,2679.3283333333334,1.0,0.0,1.0,0.0
2014-09-11 06:40:06+00:00,2689.733333333333,1.0,0.0,1.0,0.0
2014-09-11 06:40:12+00:00,2690.69,1.0,0.0,1.0,0.0
2014-09-11 06:40:18+00:00,2702.721666666667,1.0,0.0,0.0,0.0
2014-09-11 06:40:24+00:00,2714.2083333333335,1.0,0.0,1.0,0.0
2014-09-11 06:40:30+00:00,2715.405,0.0,0.0,1.0,0.0
2014-09-11 06:40:36+00:00,2713.765,1.0,0.0,1.0,0.0
2014-09-11 06:40:42+00:00,2709.235,1.0,0.0,1.0,0.0
2014-09-11 06:40:48+00:00,2712.215,1.0,0.0,0.0,0.0
2014-09-11 06:40:54+00:00,2710.273333333333,1.0,0.0,1.0,0.0
2014-09-11 06:41:00+00:00,2701.6883333333335,1.0,0.0,1.0,0.0
2014-09-11 06:41:06+00:00,2702.3133333333335,1.0,0.0,1.0,0.0
2014-09-11 06:41:12+00:00,2697.2766666666666,1.0,0.0,1.0,0.0
2014-09-11 06:41:18+00:00,2695.7766666666666,1.0,0.0,1.0,0.0
2014-09-11 06:41:24+00:00,2678.195,0.0,0.0,1.0,0.0
2014-09-11 06:41:30+00:00,2677.2283333333335,1.0,0.0,1.0,0.0
2014-09-11 06:41:36+00:00,2038.1116666666667,1.0,0.0,1.0,0.0
2014-09-11 06:41:42+00:00,240.24666666666667,1.0,0.0,1.0,0.0
2014-09-11 06:41:48+00:00,240.755,1.0,0.0,0.0,0.0
2014-09-11 06:41:54+00:00,241.48666666666668,0.0,0.0,1.0,0.0
2014-09-11 06:42:00+00:00,240.975,1.0,0.0,1.0,0.0
2014-09-11 06:42:06+00:00,240.98166666666665,1.0,0.0,1.0,0.0
2014-09-11 06:42:12+00:00,240.91333333333333,1.0,0.0,0.0,0.0
2014-09-11 06:42:18+00:00,241.22333333333333,0.0,0.0,1.0,0.0
2014-09-11 06:42:24+00:00,240.785,1.0,0.0,1.0,0.0
2014-09-11 06:42:30+00:00,239.9766666666667,1.0,0.0,1.0,0.0
2014-09-11 06:42:36+00:00,239.42,1.0,0.0,1.0,0.0
2014-09-11 06:42:42+00:00,246.08,1.0,0.0,1.0,0.0
2014-09-11 06:42:48+00:00,257.61333333333334,1.0,17.0,0.0,0.0
2014-09-11 06:42:54+00:00,242.16833333333332,0.0,17.0,1.0,0.0
2014-09-11 06:43:00+00:00,239.57000000000002,1.0,0.0,1.0,0.0
2014-09-11 06:43:06+00:00,240.14666666666668,0.0,0.0,1.0,0.0
2014-09-11 06:43:12+00:00,239.81166666666664,1.0,0.0,1.0,0.0
2014-09-11 06:43:18+00:00,239.90666666666667,1.0,0.0,1.0,0.0
2014-09-11 06:43:24+00:00,250.38166666666666,1.0,0.0,1.0,0.0
2014-09-11 06:43:30+00:00,250.81500000000003,1.0,0.0,1.0,0.0
2014-09-11 06:43:36+00:00,247.21833333333333,1.0,0.0,1.0,0.0
2014-09-11 06:43:42+00:00,240.15666666666667,1.0,0.0,1.0,0.0
2014-09-11 06:43:48+00:00,239.83333333333334,1.0,0.0,1.0,0.0
2014-09-11 06:43:54+00:00,239.31833333333336,1.0,0.0,0.0,0.0
2014-09-11 06:44:00+00:00,238.85666666666665,1.0,0.0,1.0,0.0
2014-09-11 06:44:06+00:00,238.9466666666667,1.0,0.0,1.0,0.0
2014-09-11 06:44:12+00:00,239.75166666666667,0.0,0.0,1.0,0.0
2014-09-11 06:44:18+00:00,239.11666666666667,1.0,0.0,1.0,0.0
2014-09-11 06:44:24+00:00,239.21,1.0,0.0,0.0,0.0
2014-09-11 06:44:30+00:00,238.98833333333334,1.0,0.0,1.0,0.0
2014-09-11 06:44:36+00:00,239.01666666666665,1.0,0.0,1.0,0.0
2014-09-11 06:44:42+00:00,238.27833333333334,0.0,0.0,1.0,0.0
2014-09-11 06:44:48+00:00,237.87,1.0,0.0,1.0,0.0
2014-09-11 06:44:54+00:00,236.68666666666664,1.0,0.0,1.0,0.0
2014-09-11 06:45:00+00:00,237.68166666666664,0.0,0.0,1.0,0.0
2014-09-11 06:45:06+00:00,238.62166666666667,1.0,0.0,1.0,0.0
2014-09-11 06:45:12+00:00,239.28666666666666,1.0,0.0,0.0,0.0
2014-09-11 06:45:18+00:00,208.01999999999998,1.0,0.0,1.0,0.0
2014-09-11 06:45:24+00:00,144.01142857142855,1.0,0.0,1.0,0.0
2014-09-11 06:45:30+00:00,143.23399999999998,1.0,0.0,1.0,0.0
2014-09-11 06:45:36+00:00,145.11833333333334,0.0,0.0,1.0,0.0
2014-09-11 06:45:42+00:00,144.0842857142857,1.0,0.0,1.0,0.0
2014-09-11 06:45:48+00:00,143.81400000000002,1.0,0.0,1.0,0.0
2014-09-11 06:45:54+00:00,143.51000000000002,1.0,0.0,1.0,0.0
2014-09-11 06:46:00+00:00,144.156,1.0,0.0,1.0,0.0
2014-09-11 06:46:06+00:00,143.76714285714286,1.0,0.0,1.0,0.0
2014-09-11 06:46:12+00:00,144.10333333333332,1.0,0.0,0.0,0.0
2014-09-11 06:46:18+00:00,143.98333333333332,1.0,0.0,1.0,0.0
2014-09-11 06:46:24+00:00,143.465,0.0,0.0,1.0,0.0
2014-09-11 06:46:30+00:00,143.56166666666667,1.0,0.0,1.0,0.0
2014-09-11 06:46:36+00:00,143.42666666666665,1.0,0.0,1.0,0.0
2014-09-11 06:46:42+00:00,143.79166666666666,1.0,0.0,1.0,0.0
2014-09-11 06:46:48+00:00,143.46,1.0,0.0,1.0,0.0
2014-09-11 06:46:54+00:00,143.12833333333333,1.0,0.0,1.0,0.0
2014-09-11 06:47:00+00:00,142.92666666666668,1.0,0.0,0.0,0.0
2014-09-11 06:47:06+00:00,142.43333333333334,1.0,0.0,1.0,0.0
2014-09-11 06:47:12+00:00,356.1066666666666,1.0,0.0,1.0,0.0
2014-09-11 06:47:18+00:00,246.155,0.0,102.0,1.0,0.0
2014-09-11 06:47:24+00:00,242.39166666666665,1.0,100.0,1.0,0.0
2014-09-11 06:47:30+00:00,240.29166666666666,1.0,98.0,1.0,0.0
2014-09-11 06:47:36+00:00,238.475,1.0,0.0,1.0,0.0
2014-09-11 06:47:42+00:00,237.47833333333332,1.0,96.0,1.0,0.0
2014-09-11 06:47:48+00:00,236.38833333333332,1.0,94.0,0.0,0.0
2014-09-11 06:47:54+00:00,236.49833333333333,1.0,93.0,1.0,0.0
2014-09-11 06:48:00+00:00,236.36666666666667,0.0,92.0,1.0,0.0
2014-09-11 06:48:06+00:00,235.67,1.0,91.0,1.0,0.0
2014-09-11 06:48:12+00:00,233.73166666666668,1.0,91.0,1.0,0.0
2014-09-11 06:48:18+00:00,233.17333333333332,1.0,89.0,1.0,0.0
2014-09-11 06:48:24+00:00,233.025,1.0,0.0,1.0,0.0
2014-09-11 06:48:30+00:00,232.92166666666665,1.0,88.0,1.0,0.0
2014-09-11 06:48:36+00:00,232.70666666666668,1.0,88.0,0.0,0.0
2014-09-11 06:48:42+00:00,232.76166666666666,0.0,88.0,1.0,0.0
2014-09-11 06:48:48+00:00,232.70666666666668,1.0,88.0,1.0,0.0
2014-09-11 06:48:54+00:00,233.13333333333333,1.0,89.0,1.0,0.0
2014-09-11 06:49:00+00:00,233.665,1.0,0.0,1.0,0.0
2014-09-11 06:49:06+00:00,234.32000000000002,1.0,88.5,1.0,0.0
2014-09-11 06:49:12+00:00,234.46666666666667,1.0,0.0,1.0,0.0
2014-09-11 06:49:18+00:00,233.99,1.0,89.0,0.0,0.0
2014-09-11 06:49:24+00:00,234.08333333333334,0.0,89.0,1.0,0.0
2014-09-11 06:49:30+00:00,233.41666666666666,1.0,0.0,1.0,0.0
2014-09-11 06:49:36+00:00,233.15666666666667,1.0,89.0,1.0,0.0
2014-09-11 06:49:42+00:00,233.49,1.0,89.0,0.0,0.0
2014-09-11 06:49:48+00:00,234.045,1.0,89.0,1.0,0.0
2014-09-11 06:49:54+00:00,233.27833333333334,0.0,89.0,1.0,0.0
2014-09-11 06:50:00+00:00,233.40666666666667,1.0,89.0,1.0,0.0
2014-09-11 06:50:06+00:00,233.59333333333333,1.0,90.0,1.0,0.0
2014-09-11 06:50:12+00:00,233.76999999999998,1.0,0.0,1.0,0.0
2014-09-11 06:50:18+00:00,233.9283333333333,1.0,88.0,1.0,0.0
2014-09-11 06:50:24+00:00,233.17999999999998,1.0,89.0,0.0,0.0
2014-09-11 06:50:30+00:00,233.32000000000002,1.0,89.0,1.0,0.0
2014-09-11 06:50:36+00:00,232.15,1.0,88.0,1.0,0.0
2014-09-11 06:50:42+00:00,232.62833333333333,1.0,88.0,1.0,0.0
2014-09-11 06:50:48+00:00,232.98000000000002,1.0,88.0,1.0,0.0
2014-09-11 06:50:54+00:00,232.96166666666667,1.0,88.0,1.0,0.0
2014-09-11 06:51:00+00:00,232.51333333333332,0.0,88.0,1.0,0.0
2014-09-11 06:51:06+00:00,232.4466666666667,1.0,88.0,1.0,0.0
2014-09-11 06:51:12+00:00,232.54833333333332,1.0,88.0,1.0,0.0
2014-09-11 06:51:18+00:00,232.63666666666666,1.0,0.0,1.0,0.0
2014-09-11 06:51:24+00:00,324.205,1.0,88.0,1.0,0.0
2014-09-11 06:51:30+00:00,341.61833333333334,1.0,88.0,0.0,0.0
2014-09-11 06:51:36+00:00,341.37166666666667,1.0,88.0,1.0,0.0
2014-09-11 06:51:42+00:00,341.09666666666664,1.0,87.0,1.0,0.0
2014-09-11 06:51:48+00:00,341.4683333333333,1.0,88.0,1.0,0.0
2014-09-11 06:51:54+00:00,341.115,0.0,88.0,1.0,0.0
2014-09-11 06:52:00+00:00,340.29833333333335,1.0,0.0,1.0,0.0
2014-09-11 06:52:06+00:00,339.635,1.0,87.0,0.0,0.0
2014-09-11 06:52:12+00:00,346.2716666666667,0.0,87.0,1.0,0.0
2014-09-11 06:52:18+00:00,345.2816666666667,1.0,87.0,1.0,0.0
2014-09-11 06:52:24+00:00,347.3,1.0,0.0,1.0,0.0
2014-09-11 06:52:30+00:00,346.83666666666664,1.0,87.0,1.0,0.0
2014-09-11 06:52:36+00:00,339.48499999999996,1.0,87.0,0.0,0.0
2014-09-11 06:52:42+00:00,340.005,0.0,87.0,1.0,0.0
2014-09-11 06:52:48+00:00,339.935,1.0,0.0,1.0,0.0
2014-09-11 06:52:54+00:00,338.70666666666665,1.0,87.0,1.0,0.0
2014-09-11 06:53:00+00:00,339.26666666666665,1.0,86.0,0.0,0.0
2014-09-11 06:53:06+00:00,338.805,1.0,87.0,1.0,0.0
2014-09-11 06:53:12+00:00,338.375,1.0,87.0,1.0,0.0
2014-09-11 06:53:18+00:00,337.27,0.0,0.0,1.0,0.0
2014-09-11 06:53:24+00:00,338.7633333333333,1.0,86.0,1.0,0.0
2014-09-11 06:53:30+00:00,338.17833333333334,1.0,86.0,1.0,0.0
2014-09-11 06:53:36+00:00,337.5233333333333,1.0,86.0,1.0,0.0
2014-09-11 06:53:42+00:00,347.695,1.0,86.0,1.0,0.0
2014-09-11 06:53:48+00:00,341.0933333333333,1.0,86.0,1.0,0.0
2014-09-11 06:53:54+00:00,337.7416666666667,1.0,86.0,0.0,0.0
2014-09-11 06:54:00+00:00,337.4483333333333,1.0,86.0,1.0,0.0
2014-09-11 06:54:06+00:00,337.365,1.0,86.0,1.0,0.0
2014-09-11 06:54:12+00:00,337.10166666666663,1.0,86.0,1.0,0.0
2014-09-11 06:54:18+00:00,336.33166666666665,1.0,86.0,1.0,0.0
2014-09-11 06:54:24+00:00,350.52833333333336,0.0,85.0,1.0,0.0
2014-09-11 06:54:30+00:00,351.06333333333333,1.0,0.0,1.0,0.0
2014-09-11 06:54:36+00:00,351.21333333333337,1.0,85.0,1.0,0.0
2014-09-11 06:54:42+00:00,352.62166666666667,1.0,85.0,0.0,0.0
2014-09-11 06:54:48+00:00,352.48,0.0,0.0,1.0,0.0
2014-09-11 06:54:54+00:00,353.2066666666667,1.0,85.0,1.0,0.0
2014-09-11 06:55:00+00:00,353.54833333333335,1.0,86.0,1.0,0.0
2014-09-11 06:55:06+00:00,354.6716666666666,1.0,85.0,1.0,0.0
2014-09-11 06:55:12+00:00,354.59666666666664,1.0,85.0,1.0,0.0
2014-09-11 06:55:18+00:00,354.59,1.0,85.0,1.0,0.0
2014-09-11 06:55:24+00:00,355.4666666666667,1.0,85.0,1.0,0.0
2014-09-11 06:55:30+00:00,356.2283333333333,1.0,84.0,1.0,0.0
2014-09-11 06:55:36+00:00,355.5683333333333,1.0,86.0,1.0,0.0
2014-09-11 06:55:42+00:00,354.0516666666667,1.0,85.0,1.0,0.0
2014-09-11 06:55:48+00:00,353.34666666666664,1.0,85.0,0.0,0.0
2014-09-11 06:55:54+00:00,353.22166666666664,0.0,84.0,1.0,0.0
2014-09-11 06:56:00+00:00,353.58500000000004,1.0,0.0,1.0,0.0
2014-09-11 06:56:06+00:00,353.4866666666667,1.0,85.0,1.0,0.0
2014-09-11 06:56:12+00:00,353.8,1.0,84.0,1.0,0.0
2014-09-11 06:56:18+00:00,353.62999999999994,1.0,85.0,1.0,0.0
2014-09-11 06:56:24+00:00,354.145,1.0,84.0,1.0,0.0
2014-09-11 06:56:30+00:00,355.0933333333333,1.0,84.0,1.0,0.0
2014-09-11 06:56:36+00:00,356.3433333333333,1.0,85.0,0.0,0.0
2014-09-11 06:56:42+00:00,355.5133333333333,0.0,84.0,1.0,0.0
2014-09-11 06:56:48+00:00,356.1366666666667,1.0,0.0,1.0,0.0
2014-09-11 06:56:54+00:00,356.32,1.0,84.0,0.0,0.0
2014-09-11 06:57:00+00:00,355.8983333333333,1.0,84.0,1.0,0.0
2014-09-11 06:57:06+00:00,355.5733333333333,0.0,0.0,1.0,0.0
2014-09-11 06:57:12+00:00,353.76500000000004,1.0,84.0,1.0,0.0
2014-09-11 06:57:18+00:00,355.31166666666667,1.0,84.0,0.0,0.0
2014-09-11 06:57:24+00:00,354.9916666666666,1.0,84.0,1.0,0.0
2014-09-11 06:57:30+00:00,354.8,1.0,84.0,1.0,0.0
2014-09-11 06:57:36+00:00,354.7333333333333,1.0,84.0,1.0,0.0
2014-09-11 06:57:42+00:00,354.5233333333333,1.0,83.0,1.0,0.0
2014-09-11 06:57:48+00:00,354.075,0.0,0.0,1.0,0.0
2014-09-11 06:57:54+00:00,353.4083333333333,1.0,83.0,1.0,0.0
2014-09-11 06:58:00+00:00,354.1266666666667,1.0,84.0,1.0,0.0
2014-09-11 06:58:06+00:00,354.045,1.0,84.0,0.0,0.0
2014-09-11 06:58:12+00:00,283.02333333333337,1.0,83.0,1.0,0.0
2014-09-11 06:58:18+00:00,269.34499999999997,0.0,0.0,1.0,0.0
2014-09-11 06:58:24+00:00,270.29833333333335,1.0,0.0,1.0,0.0
2014-09-11 06:58:30+00:00,276.0083333333333,1.0,0.0,1.0,0.0
2014-09-11 06:58:36+00:00,267.9783333333333,1.0,17.0,1.0,0.0
2014-09-11 06:58:42+00:00,268.105,1.0,0.0,1.0,0.0
2014-09-11 06:58:48+00:00,268.095,1.0,0.0,0.0,0.0
2014-09-11 06:58:54+00:00,268.28000000000003,0.0,0.0,1.0,0.0
2014-09-11 06:59:00+00:00,268.3583333333333,1.0,0.0,1.0,0.0
2014-09-11 06:59:06+00:00,267.93,1.0,0.0,1.0,0.0
2014-09-11 06:59:12+00:00,268.2966666666667,1.0,0.0,1.0,0.0
2014-09-11 06:59:18+00:00,268.7133333333333,1.0,0.0,1.0,0.0
2014-09-11 06:59:24+00:00,269.01666666666665,1.0,0.0,0.0,0.0
2014-09-11 06:59:30+00:00,269.0833333333333,0.0,0.0,1.0,0.0
2014-09-11 06:59:36+00:00,268.99666666666667,1.0,0.0,1.0,0.0
2014-09-11 06:59:42+00:00,269.17333333333335,1.0,0.0,0.0,0.0
2014-09-11 06:59:48+00:00,282.87166666666667,1.0,0.0,1.0,0.0
2014-09-11 06:59:54+00:00,281.5266666666667,0.0,17.0,1.0,0.0
2014-09-11 07:00:00+00:00,269.6066666666667,1.0,0.0,1.0,0.0
2014-09-11 07:00:06+00:00,1743.915,1.0,0.0,1.0,0.0
2014-09-11 07:00:12+00:00,1927.3500000000001,1.0,0.0,1.0,0.0
2014-09-11 07:00:18+00:00,1928.385,1.0,0.0,1.0,0.0
2014-09-11 07:00:24+00:00,1927.04,1.0,0.0,0.0,0.0
2014-09-11 07:00:30+00:00,1925.995,1.0,0.0,1.0,0.0
2014-09-11 07:00:36+00:00,1917.8583333333333,1.0,0.0,1.0,0.0
2014-09-11 07:00:42+00:00,1909.595,1.0,0.0,1.0,0.0
2014-09-11 07:00:48+00:00,1916.14,1.0,0.0,1.0,0.0
2014-09-11 07:00:54+00:00,1908.2383333333335,1.0,0.0,1.0,0.0
2014-09-11 07:01:00+00:00,1910.4283333333333,1.0,0.0,1.0,0.0
2014-09-11 07:01:06+00:00,1914.3133333333335,1.0,0.0,1.0,0.0
2014-09-11 07:01:12+00:00,1920.1616666666666,1.0,0.0,1.0,0.0
2014-09-11 07:01:18+00:00,1924.2833333333335,1.0,0.0,1.0,0.0
2014-09-11 07:01:24+00:00,1930.1933333333334,0.0,0.0,1.0,0.0
2014-09-11 07:01:30+00:00,1926.8816666666664,1.0,0.0,1.0,0.0
2014-09-11 07:01:36+00:00,1918.4916666666668,1.0,0.0,1.0,0.0
2014-09-11 07:01:42+00:00,1915.2016666666668,1.0,0.0,1.0,0.0
2014-09-11 07:01:48+00:00,1923.885,1.0,0.0,1.0,0.0
2014-09-11 07:01:54+00:00,1922.5566666666666,1.0,0.0,1.0,0.0
2014-09-11 07:02:00+00:00,1916.4883333333335,1.0,0.0,0.0,0.0
2014-09-11 07:02:06+00:00,1914.6850000000002,1.0,0.0,1.0,0.0
2014-09-11 07:02:12+00:00,1913.4983333333332,1.0,0.0,1.0,0.0
2014-09-11 07:02:18+00:00,1907.8666666666668,1.0,0.0,0.0,0.0
2014-09-11 07:02:24+00:00,1916.5283333333334,1.0,0.0,1.0,0.0
2014-09-11 07:02:30+00:00,1908.0266666666666,0.0,0.0,1.0,0.0
2014-09-11 07:02:36+00:00,1910.1450000000002,1.0,17.0,1.0,0.0
2014-09-11 07:02:42+00:00,1904.8716666666667,1.0,0.0,1.0,0.0
2014-09-11 07:02:48+00:00,1912.4116666666669,1.0,0.0,1.0,0.0
2014-09-11 07:02:54+00:00,1911.4583333333333,1.0,0.0,0.0,0.0
2014-09-11 07:03:00+00:00,1906.7583333333332,1.0,0.0,1.0,0.0
2014-09-11 07:03:06+00:00,1902.4916666666668,1.0,0.0,1.0,0.0
2014-09-11 07:03:12+00:00,1902.0316666666668,1.0,0.0,1.0,0.0
2014-09-11 07:03:18+00:00,1905.5866666666668,1.0,0.0,1.0,0.0
2014-09-11 07:03:24+00:00,1902.8216666666667,0.0,0.0,1.0,0.0
2014-09-11 07:03:30+00:00,558.765,1.0,0.0,1.0,0.0
2014-09-11 07:03:36+00:00,269.3383333333333,0.0,0.0,1.0,0.0
2014-09-11 07:03:42+00:00,269.7083333333333,1.0,0.0,1.0,0.0
2014-09-11 07:03:48+00:00,269.8983333333333,1.0,0.0,1.0,0.0
2014-09-11 07:03:54+00:00,270.175,1.0,0.0,1.0,0.0
2014-09-11 07:04:00+00:00,270.09166666666664,1.0,0.0,0.0,0.0
2014-09-11 07:04:06+00:00,277.46166666666664,0.0,0.0,1.0,0.0
2014-09-11 07:04:12+00:00,269.2616666666667,1.0,17.0,1.0,0.0
2014-09-11 07:04:18+00:00,675.6466666666666,1.0,0.0,1.0,0.0
2014-09-11 07:04:24+00:00,1910.675,1.0,0.0,1546.0,0.0
2014-09-11 07:04:30+00:00,1911.745,1.0,0.0,1634.0,0.0
2014-09-11 07:04:36+00:00,1908.6666666666667,0.0,0.0,1611.0,0.0
2014-09-11 07:04:42+00:00,1891.9916666666668,1.0,0.0,1631.0,0.0
2014-09-11 07:04:48+00:00,270.07666666666665,1.0,0.0,1601.0,0.0
2014-09-11 07:04:54+00:00,270.415,1.0,0.0,0.0,0.0
2014-09-11 07:05:00+00:00,270.46666666666664,0.0,0.0,0.0,0.0
2014-09-11 07:05:06+00:00,269.36333333333334,1.0,0.0,1.0,0.0
2014-09-11 07:05:12+00:00,269.94666666666666,1.0,0.0,1.0,0.0
2014-09-11 07:05:18+00:00,269.59499999999997,1.0,0.0,0.0,0.0
2014-09-11 07:05:24+00:00,269.79333333333335,1.0,0.0,1.0,0.0
2014-09-11 07:05:30+00:00,268.90833333333336,1.0,0.0,1.0,0.0
2014-09-11 07:05:36+00:00,269.43,1.0,0.0,1.0,0.0
2014-09-11 07:05:42+00:00,284.47333333333336,0.0,0.0,1.0,0.0
2014-09-11 07:05:48+00:00,312.9783333333333,1.0,0.0,1.0,0.0
2014-09-11 07:05:54+00:00,313.455,1.0,0.0,1.0,0.0
2014-09-11 07:06:00+00:00,313.2366666666667,1.0,0.0,1.0,0.0
2014-09-11 07:06:06+00:00,313.75333333333333,1.0,0.0,0.0,0.0
2014-09-11 07:06:12+00:00,313.10166666666663,1.0,0.0,1.0,0.0
2014-09-11 07:06:18+00:00,312.96166666666664,1.0,0.0,1.0,0.0
2014-09-11 07:06:24+00:00,312.98333333333335,0.0,0.0,1.0,0.0
2014-09-11 07:06:30+00:00,313.3933333333334,1.0,0.0,1.0,0.0
2014-09-11 07:06:36+00:00,312.90833333333336,1.0,0.0,1.0,0.0
2014-09-11 07:06:42+00:00,311.90333333333336,1.0,0.0,1.0,0.0
2014-09-11 07:06:48+00:00,312.7816666666667,1.0,0.0,0.0,0.0
2014-09-11 07:06:54+00:00,313.115,1.0,0.0,1.0,0.0
2014-09-11 07:07:00+00:00,313.1116666666667,1.0,0.0,1.0,0.0
2014-09-11 07:07:06+00:00,312.34499999999997,1.0,0.0,1.0,0.0
2014-09-11 07:07:12+00:00,312.70666666666665,1.0,0.0,1.0,0.0
2014-09-11 07:07:18+00:00,312.17,0.0,0.0,1.0,0.0
2014-09-11 07:07:24+00:00,312.7083333333333,1.0,0.0,1.0,0.0
2014-09-11 07:07:30+00:00,313.125,1.0,0.0,0.0,0.0
2014-09-11 07:07:36+00:00,312.59666666666664,1.0,0.0,1.0,0.0
2014-09-11 07:07:42+00:00,313.2083333333333,1.0,0.0,1.0,0.0
2014-09-11 07:07:48+00:00,307.98833333333334,0.0,0.0,1.0,0.0
2014-09-11 07:07:54+00:00,307.7866666666667,1.0,0.0,1.0,0.0
2014-09-11 07:08:00+00:00,308.3,1.0,0.0,1.0,0.0
2014-09-11 07:08:06+00:00,437.14000000000004,1.0,0.0,1.0,0.0
2014-09-11 07:08:12+00:00,411.865,1.0,97.0,1.0,0.0
2014-09-11 07:08:18+00:00,403.65333333333336,1.0,90.0,1.0,0.0
2014-09-11 07:08:24+00:00,405.3766666666666,1.0,0.0,1.0,0.0
2014-09-11 07:08:30+00:00,404.32666666666665,1.0,91.0,1.0,0.0
2014-09-11 07:08:36+00:00,399.2166666666667,1.0,89.0,0.0,0.0
2014-09-11 07:08:42+00:00,399.375,1.0,87.0,1.0,0.0
2014-09-11 07:08:48+00:00,400.58500000000004,0.0,87.0,1.0,0.0
2014-09-11 07:08:54+00:00,400.1716666666666,1.0,88.0,1.0,0.0
2014-09-11 07:09:00+00:00,399.035,1.0,88.0,1.0,0.0
2014-09-11 07:09:06+00:00,398.40333333333336,1.0,0.0,1.0,0.0
2014-09-11 07:09:12+00:00,398.1133333333333,1.0,88.0,1.0,0.0
2014-09-11 07:09:18+00:00,398.6766666666667,1.0,88.0,1.0,0.0
2014-09-11 07:09:24+00:00,398.39000000000004,0.0,89.0,1.0,0.0
2014-09-11 07:09:30+00:00,397.3183333333333,1.0,90.0,0.0,0.0
2014-09-11 07:09:36+00:00,396.31166666666667,1.0,89.0,1.0,0.0
2014-09-11 07:09:42+00:00,393.425,0.0,0.0,1.0,0.0
2014-09-11 07:09:48+00:00,393.1816666666667,1.0,87.0,1.0,0.0
2014-09-11 07:09:54+00:00,392.315,1.0,85.0,0.0,0.0
2014-09-11 07:10:00+00:00,392.9883333333333,1.0,85.0,1.0,0.0
2014-09-11 07:10:06+00:00,391.98,0.0,85.0,1.0,0.0
2014-09-11 07:10:12+00:00,390.6983333333333,1.0,0.0,1.0,0.0
2014-09-11 07:10:18+00:00,392.3157142857143,1.0,85.0,1.0,0.0
2014-09-11 07:10:24+00:00,392.682,1.0,86.0,0.0,0.0
2014-09-11 07:10:30+00:00,393.4266666666667,1.0,86.0,1.0,0.0
2014-09-11 07:10:36+00:00,393.66333333333336,0.0,87.0,1.0,0.0
2014-09-11 07:10:42+00:00,392.28999999999996,1.0,0.0,1.0,0.0
2014-09-11 07:10:48+00:00,393.73499999999996,1.0,87.0,1.0,0.0
2014-09-11 07:10:54+00:00,392.5083333333334,1.0,88.0,0.0,0.0
2014-09-11 07:11:00+00:00,394.92333333333335,1.0,89.0,1.0,0.0
2014-09-11 07:11:06+00:00,393.8016666666667,1.0,89.0,1.0,0.0
2014-09-11 07:11:12+00:00,393.4266666666667,0.0,89.0,1.0,0.0
2014-09-11 07:11:18+00:00,394.435,1.0,90.0,1.0,0.0
2014-09-11 07:11:24+00:00,394.37000000000006,1.0,89.0,1.0,0.0
2014-09-11 07:11:30+00:00,394.29333333333335,1.0,90.0,1.0,0.0
2014-09-11 07:11:36+00:00,394.7366666666667,1.0,90.0,1.0,0.0
2014-09-11 07:11:42+00:00,394.88166666666666,1.0,0.0,1.0,0.0
2014-09-11 07:11:48+00:00,396.7916666666667,1.0,91.0,1.0,0.0
2014-09-11 07:11:54+00:00,396.44,1.0,90.0,0.0,0.0
2014-09-11 07:12:00+00:00,394.784,0.0,91.0,1.0,0.0
2014-09-11 07:12:06+00:00,396.0142857142857,1.0,0.0,1.0,0.0
2014-09-11 07:12:12+00:00,397.33666666666664,1.0,92.0,1.0,0.0
2014-09-11 07:12:18+00:00,395.5116666666667,1.0,91.0,1.0,0.0
2014-09-11 07:12:24+00:00,396.4683333333333,1.0,91.0,0.0,0.0
2014-09-11 07:12:30+00:00,397.3666666666666,0.0,92.0,1.0,0.0
2014-09-11 07:12:36+00:00,397.45166666666665,1.0,0.0,1.0,0.0
2014-09-11 07:12:42+00:00,398.30833333333334,1.0,93.0,1.0,0.0
2014-09-11 07:12:48+00:00,399.695,1.0,93.0,0.0,0.0
2014-09-11 07:12:54+00:00,398.19666666666666,0.0,93.0,1.0,0.0
2014-09-11 07:13:00+00:00,400.2083333333333,1.0,93.0,1.0,0.0
2014-09-11 07:13:06+00:00,399.82,1.0,0.0,1.0,0.0
2014-09-11 07:13:12+00:00,397.92,1.0,94.0,1.0,0.0
2014-09-11 07:13:18+00:00,398.4883333333333,1.0,93.0,0.0,0.0
2014-09-11 07:13:24+00:00,399.7133333333333,0.0,0.0,1.0,0.0
2014-09-11 07:13:30+00:00,399.905,1.0,93.0,1.0,0.0
2014-09-11 07:13:36+00:00,400.4683333333333,1.0,94.0,1.0,0.0
2014-09-11 07:13:42+00:00,400.1716666666667,1.0,94.0,1.0,0.0
2014-09-11 07:13:48+00:00,399.4316666666667,1.0,94.0,1.0,0.0
2014-09-11 07:13:54+00:00,400.57166666666666,1.0,94.0,1.0,0.0
2014-09-11 07:14:00+00:00,398.2816666666667,1.0,94.0,1.0,0.0
2014-09-11 07:14:06+00:00,399.925,1.0,94.0,0.0,0.0
2014-09-11 07:14:12+00:00,401.26666666666665,1.0,93.0,1.0,0.0
2014-09-11 07:14:18+00:00,399.0183333333334,1.0,95.0,1.0,0.0
2014-09-11 07:14:24+00:00,399.2816666666667,1.0,94.0,1.0,0.0
2014-09-11 07:14:30+00:00,401.17333333333335,0.0,95.0,1.0,0.0
2014-09-11 07:14:36+00:00,400.83,1.0,94.0,1.0,0.0
2014-09-11 07:14:42+00:00,401.47,1.0,94.0,1.0,0.0
2014-09-11 07:14:48+00:00,401.08,1.0,0.0,1.0,0.0
2014-09-11 07:14:54+00:00,400.8883333333333,1.0,95.0,0.0,0.0
2014-09-11 07:15:00+00:00,400.5416666666667,1.0,94.0,1.0,0.0
2014-09-11 07:15:06+00:00,399.9816666666666,1.0,94.0,1.0,0.0
2014-09-11 07:15:12+00:00,401.30333333333334,0.0,0.0,1.0,0.0
2014-09-11 07:15:18+00:00,399.9983333333333,1.0,94.0,1.0,0.0
2014-09-11 07:15:24+00:00,401.70166666666665,1.0,94.0,0.0,0.0
2014-09-11 07:15:30+00:00,405.0566666666667,1.0,93.0,1.0,0.0
2014-09-11 07:15:36+00:00,406.045,1.0,94.0,1.0,0.0
2014-09-11 07:15:42+00:00,406.3016666666667,1.0,94.0,1.0,0.0
2014-09-11 07:15:48+00:00,405.73333333333335,1.0,94.0,1.0,0.0
2014-09-11 07:15:54+00:00,404.1816666666667,1.0,93.0,1.0,0.0
2014-09-11 07:16:00+00:00,403.8933333333334,1.0,93.0,1.0,0.0
2014-09-11 07:16:06+00:00,404.0833333333333,1.0,93.0,1.0,0.0
2014-09-11 07:16:12+00:00,403.31166666666667,1.0,93.0,1.0,0.0
2014-09-11 07:16:18+00:00,404.0466666666666,0.0,0.0,1.0,0.0
2014-09-11 07:16:24+00:00,401.93,1.0,93.0,1.0,0.0
2014-09-11 07:16:30+00:00,401.72333333333336,1.0,92.0,0.0,0.0
2014-09-11 07:16:36+00:00,401.0316666666667,0.0,92.0,1.0,0.0
2014-09-11 07:16:42+00:00,401.715,1.0,0.0,1.0,0.0
2014-09-11 07:16:48+00:00,401.155,1.0,92.0,1.0,0.0
2014-09-11 07:16:54+00:00,402.22499999999997,1.0,92.0,1.0,0.0
2014-09-11 07:17:00+00:00,402.42,1.0,92.0,1.0,0.0
2014-09-11 07:17:06+00:00,401.68833333333333,1.0,92.0,0.0,0.0
2014-09-11 07:17:12+00:00,402.03000000000003,1.0,92.0,1.0,0.0
2014-09-11 07:17:18+00:00,402.5733333333333,1.0,91.0,1.0,0.0
2014-09-11 07:17:24+00:00,400.6383333333333,1.0,93.0,1.0,0.0
2014-09-11 07:17:30+00:00,400.49499999999995,1.0,91.0,1.0,0.0
2014-09-11 07:17:36+00:00,398.0133333333333,0.0,91.0,1.0,0.0
2014-09-11 07:17:42+00:00,400.45666666666665,1.0,91.0,1.0,0.0
2014-09-11 07:17:48+00:00,401.8966666666667,1.0,0.0,1.0,0.0
2014-09-11 07:17:54+00:00,401.37833333333333,1.0,92.0,0.0,0.0
2014-09-11 07:18:00+00:00,399.52500000000003,0.0,92.0,1.0,0.0
2014-09-11 07:18:06+00:00,401.00333333333333,1.0,91.0,1.0,0.0
2014-09-11 07:18:12+00:00,401.89166666666665,1.0,91.0,1.0,0.0
2014-09-11 07:18:18+00:00,403.34666666666664,1.0,0.0,1.0,0.0
2014-09-11 07:18:24+00:00,401.73333333333335,1.0,91.0,1.0,0.0
2014-09-11 07:18:30+00:00,403.75333333333333,1.0,91.0,0.0,0.0
2014-09-11 07:18:36+00:00,404.99666666666667,1.0,91.0,1.0,0.0
2014-09-11 07:18:42+00:00,404.545,1.0,91.0,1.0,0.0
2014-09-11 07:18:48+00:00,402.9916666666666,0.0,90.0,1.0,0.0
2014-09-11 07:18:54+00:00,402.4816666666666,1.0,91.0,1.0,0.0
2014-09-11 07:19:00+00:00,403.84833333333336,1.0,0.0,1.0,0.0
2014-09-11 07:19:06+00:00,401.315,1.0,91.0,1.0,0.0
2014-09-11 07:19:12+00:00,402.28999999999996,1.0,90.0,0.0,0.0
2014-09-11 07:19:18+00:00,400.6233333333333,0.0,91.0,1.0,0.0
2014-09-11 07:19:24+00:00,402.38166666666666,1.0,0.0,1.0,0.0
2014-09-11 07:19:30+00:00,401.385,1.0,91.0,1.0,0.0
2014-09-11 07:19:36+00:00,399.78666666666663,1.0,91.0,1.0,0.0
2014-09-11 07:19:42+00:00,401.83500000000004,1.0,90.0,0.0,0.0
2014-09-11 07:19:48+00:00,401.565,1.0,91.0,1.0,0.0
2014-09-11 07:19:54+00:00,401.8433333333333,1.0,91.0,1.0,0.0
2014-09-11 07:20:00+00:00,402.08666666666664,0.0,90.0,1.0,0.0
2014-09-11 07:20:06+00:00,400.54333333333335,1.0,91.0,1.0,0.0
2014-09-11 07:20:12+00:00,401.17333333333335,1.0,91.0,1.0,0.0
2014-09-11 07:20:18+00:00,402.72166666666664,1.0,91.0,1.0,0.0
2014-09-11 07:20:24+00:00,400.54833333333335,1.0,90.0,1.0,0.0
2014-09-11 07:20:30+00:00,401.44166666666666,1.0,91.0,1.0,0.0
2014-09-11 07:20:36+00:00,403.07666666666665,1.0,0.0,1.0,0.0
2014-09-11 07:20:42+00:00,401.68,1.0,91.0,1.0,0.0
2014-09-11 07:20:48+00:00,403.0733333333333,1.0,90.0,0.0,0.0
2014-09-11 07:20:54+00:00,403.57,0.0,90.0,1.0,0.0
2014-09-11 07:21:00+00:00,403.145,1.0,91.0,1.0,0.0
2014-09-11 07:21:06+00:00,403.35999999999996,1.0,91.0,1.0,0.0
2014-09-11 07:21:12+00:00,403.4166666666667,1.0,0.0,1.0,0.0
2014-09-11 07:21:18+00:00,403.8733333333334,1.0,90.0,1.0,0.0
2014-09-11 07:21:24+00:00,402.12166666666667,1.0,91.0,0.0,0.0
2014-09-11 07:21:30+00:00,401.9983333333333,1.0,90.0,1.0,0.0
2014-09-11 07:21:36+00:00,402.0233333333333,1.0,91.0,0.0,0.0
2014-09-11 07:21:42+00:00,400.68333333333334,0.0,0.0,1.0,0.0
2014-09-11 07:21:48+00:00,401.59999999999997,1.0,91.0,1.0,0.0
2014-09-11 07:21:54+00:00,402.2816666666667,1.0,90.0,1.0,0.0
2014-09-11 07:22:00+00:00,402.2083333333333,1.0,90.0,1.0,0.0
2014-09-11 07:22:06+00:00,399.68833333333333,1.0,91.0,0.0,0.0
2014-09-11 07:22:12+00:00,401.57166666666666,0.0,91.0,1.0,0.0
2014-09-11 07:22:18+00:00,400.2916666666667,1.0,0.0,1.0,0.0
2014-09-11 07:22:24+00:00,400.72499999999997,1.0,91.0,1.0,0.0
2014-09-11 07:22:30+00:00,400.87000000000006,1.0,91.0,0.0,0.0
2014-09-11 07:22:36+00:00,376.83166666666665,1.0,90.0,1.0,0.0
2014-09-11 07:22:42+00:00,359.1066666666666,1.0,91.0,1.0,0.0
2014-09-11 07:22:48+00:00,367.33666666666664,1.0,91.0,1.0,0.0
2014-09-11 07:22:54+00:00,361.89000000000004,0.0,0.0,1.0,0.0
2014-09-11 07:23:00+00:00,398.39166666666665,1.0,91.0,1.0,0.0
2014-09-11 07:23:06+00:00,1493.835,1.0,109.0,1.0,0.0
2014-09-11 07:23:12+00:00,1987.7216666666666,1.0,90.0,1607.0,0.0
2014-09-11 07:23:18+00:00,1982.1866666666665,1.0,91.0,1624.0,0.0
2014-09-11 07:23:24+00:00,1976.1050000000002,1.0,90.0,1589.0,0.0
2014-09-11 07:23:30+00:00,1978.3266666666666,1.0,91.0,1605.0,0.0
2014-09-11 07:23:36+00:00,1967.555,1.0,91.0,1588.0,0.0
2014-09-11 07:23:42+00:00,1963.3716666666667,1.0,92.0,1599.0,0.0
2014-09-11 07:23:48+00:00,1968.1083333333333,1.0,91.0,1587.0,0.0
2014-09-11 07:23:54+00:00,597.785,1.0,91.0,153.0,0.0
2014-09-11 07:24:00+00:00,375.2516666666667,1.0,92.0,0.0,0.0
2014-09-11 07:24:06+00:00,373.89166666666665,0.0,109.0,0.0,0.0
2014-09-11 07:24:12+00:00,360.7033333333334,1.0,91.0,1.0,0.0
2014-09-11 07:24:18+00:00,360.3383333333333,1.0,0.0,1.0,0.0
2014-09-11 07:24:24+00:00,360.23,1.0,91.0,1.0,0.0
2014-09-11 07:24:30+00:00,360.26,1.0,92.0,0.0,0.0
2014-09-11 07:24:36+00:00,360.8433333333333,1.0,91.0,1.0,0.0
2014-09-11 07:24:42+00:00,360.8283333333333,0.0,91.0,1.0,0.0
2014-09-11 07:24:48+00:00,361.4766666666667,1.0,92.0,1.0,0.0
2014-09-11 07:24:54+00:00,361.41,1.0,0.0,1.0,0.0
2014-09-11 07:25:00+00:00,361.82666666666665,1.0,92.0,0.0,0.0
2014-09-11 07:25:06+00:00,361.45,1.0,91.0,1.0,0.0
2014-09-11 07:25:12+00:00,361.2516666666667,1.0,92.0,1.0,0.0
2014-09-11 07:25:18+00:00,361.24666666666667,0.0,0.0,1.0,0.0
2014-09-11 07:25:24+00:00,361.35833333333335,1.0,92.0,1.0,0.0
2014-09-11 07:25:30+00:00,361.25500000000005,1.0,92.0,1.0,0.0
2014-09-11 07:25:36+00:00,360.71000000000004,1.0,91.0,0.0,0.0
2014-09-11 07:25:42+00:00,360.6366666666667,0.0,91.0,1.0,0.0
2014-09-11 07:25:48+00:00,360.83,1.0,0.0,1.0,0.0
2014-09-11 07:25:54+00:00,361.2283333333333,1.0,92.0,1.0,0.0
2014-09-11 07:26:00+00:00,360.28999999999996,1.0,92.0,0.0,0.0
2014-09-11 07:26:06+00:00,360.56166666666667,1.0,91.0,1.0,0.0
2014-09-11 07:26:12+00:00,360.69,1.0,91.0,1.0,0.0
2014-09-11 07:26:18+00:00,360.4533333333333,1.0,91.0,1.0,0.0
2014-09-11 07:26:24+00:00,361.27833333333336,0.0,91.0,1.0,0.0
2014-09-11 07:26:30+00:00,359.90000000000003,1.0,0.0,1.0,0.0
2014-09-11 07:26:36+00:00,359.6816666666667,1.0,92.0,1.0,0.0
2014-09-11 07:26:42+00:00,360.3966666666667,1.0,91.0,1.0,0.0
2014-09-11 07:26:48+00:00,370.5883333333333,1.0,91.0,1.0,0.0
2014-09-11 07:26:54+00:00,364.13166666666666,1.0,109.0,0.0,0.0
2014-09-11 07:27:00+00:00,359.795,1.0,92.0,1.0,0.0
2014-09-11 07:27:06+00:00,442.94,0.0,0.0,1.0,0.0
2014-09-11 07:27:12+00:00,1678.6383333333333,1.0,91.0,237.0,0.0
2014-09-11 07:27:18+00:00,1938.1883333333333,1.0,91.0,0.0,0.0
2014-09-11 07:27:24+00:00,1935.3616666666667,1.0,92.0,1564.0,0.0
2014-09-11 07:27:30+00:00,1940.7533333333333,1.0,91.0,1575.0,0.0
2014-09-11 07:27:36+00:00,1373.8616666666667,1.0,92.0,1558.0,0.0
2014-09-11 07:27:42+00:00,391.07,1.0,91.0,0.0,0.0
2014-09-11 07:27:48+00:00,360.93333333333334,1.0,91.0,195.0,0.0
2014-09-11 07:27:54+00:00,360.25333333333333,1.0,91.0,0.0,0.0
2014-09-11 07:28:00+00:00,359.9266666666667,1.0,92.0,1.0,0.0
2014-09-11 07:28:06+00:00,359.3416666666667,1.0,91.0,1.0,0.0
2014-09-11 07:28:12+00:00,360.0216666666667,0.0,92.0,1.0,0.0
2014-09-11 07:28:18+00:00,360.53999999999996,1.0,0.0,1.0,0.0
2014-09-11 07:28:24+00:00,360.9666666666667,1.0,91.0,1.0,0.0
2014-09-11 07:28:30+00:00,360.6566666666667,1.0,91.0,1.0,0.0
2014-09-11 07:28:36+00:00,358.99333333333334,1.0,91.0,1.0,0.0
2014-09-11 07:28:42+00:00,358.035,1.0,91.0,1.0,0.0
2014-09-11 07:28:48+00:00,358.27833333333336,1.0,91.0,1.0,0.0
2014-09-11 07:28:54+00:00,358.5116666666667,1.0,91.0,1.0,0.0
2014-09-11 07:29:00+00:00,358.0733333333333,1.0,91.0,0.0,0.0
2014-09-11 07:29:06+00:00,357.95166666666665,0.0,91.0,1.0,0.0
2014-09-11 07:29:12+00:00,358.59,1.0,0.0,1.0,0.0
2014-09-11 07:29:18+00:00,322.1383333333333,1.0,91.0,1.0,0.0
2014-09-11 07:29:24+00:00,251.58166666666668,1.0,90.0,0.0,0.0
2014-09-11 07:29:30+00:00,251.57833333333335,0.0,0.0,1.0,0.0
2014-09-11 07:29:36+00:00,251.765,1.0,91.0,1.0,0.0
2014-09-11 07:29:42+00:00,251.9283333333333,1.0,91.0,0.0,0.0
2014-09-11 07:29:48+00:00,285.21,1.0,91.0,1.0,0.0
2014-09-11 07:29:54+00:00,296.9,0.0,91.0,1.0,0.0
2014-09-11 07:30:00+00:00,297.0883333333333,1.0,91.0,1.0,0.0
2014-09-11 07:30:06+00:00,296.9483333333333,1.0,91.0,1.0,0.0
2014-09-11 07:30:12+00:00,296.50166666666667,1.0,90.0,1.0,0.0
2014-09-11 07:30:18+00:00,296.71166666666664,1.0,0.0,1.0,0.0
2014-09-11 07:30:24+00:00,296.7816666666667,1.0,91.0,1.0,0.0
2014-09-11 07:30:30+00:00,297.535,1.0,91.0,0.0,0.0
2014-09-11 07:30:36+00:00,297.755,0.0,0.0,1.0,0.0
2014-09-11 07:30:42+00:00,297.75,1.0,91.0,1.0,0.0
2014-09-11 07:30:48+00:00,297.6816666666667,1.0,91.0,1.0,0.0
2014-09-11 07:30:54+00:00,297.805,1.0,91.0,1.0,0.0
2014-09-11 07:31:00+00:00,298.17833333333334,1.0,91.0,1.0,0.0
2014-09-11 07:31:06+00:00,297.755,1.0,91.0,1.0,0.0
2014-09-11 07:31:12+00:00,297.93,1.0,91.0,1.0,0.0
2014-09-11 07:31:18+00:00,298.4883333333333,1.0,91.0,0.0,0.0
2014-09-11 07:31:24+00:00,297.8883333333333,1.0,91.0,1.0,0.0
2014-09-11 07:31:30+00:00,301.34,1.0,91.0,1.0,1.0
2014-09-11 07:31:36+00:00,306.91833333333335,1.0,92.0,1.0,0.0
2014-09-11 07:31:42+00:00,306.20166666666665,1.0,91.0,1.0,0.0
2014-09-11 07:31:48+00:00,305.57666666666665,1.0,90.0,1.0,0.0
2014-09-11 07:31:54+00:00,305.96,1.0,91.0,1.0,0.0
2014-09-11 07:32:00+00:00,306.16499999999996,1.0,91.0,1.0,0.0
2014-09-11 07:32:06+00:00,305.445,1.0,90.0,1.0,0.0
2014-09-11 07:32:12+00:00,306.285,0.0,91.0,1.0,0.0
2014-09-11 07:32:18+00:00,306.9483333333333,1.0,90.0,1.0,0.0
2014-09-11 07:32:24+00:00,306.9316666666667,1.0,0.0,1.0,0.0
2014-09-11 07:32:30+00:00,306.77833333333336,1.0,91.0,1.0,0.0
2014-09-11 07:32:36+00:00,306.96,1.0,91.0,0.0,0.0
2014-09-11 07:32:42+00:00,306.8383333333333,1.0,91.0,1.0,0.0
2014-09-11 07:32:48+00:00,306.75,0.0,91.0,1.0,0.0
2014-09-11 07:32:54+00:00,306.1516666666667,1.0,91.0,1.0,0.0
2014-09-11 07:33:00+00:00,306.2716666666667,0.0,0.0,1.0,0.0
2014-09-11 07:33:06+00:00,306.70666666666665,1.0,91.0,1.0,0.0
2014-09-11 07:33:12+00:00,306.7966666666667,1.0,91.0,1.0,0.0
2014-09-11 07:33:18+00:00,306.41,1.0,91.0,0.0,0.0
2014-09-11 07:33:24+00:00,306.62666666666667,0.0,91.0,1.0,0.0
2014-09-11 07:33:30+00:00,305.835,1.0,90.0,1.0,0.0
2014-09-11 07:33:36+00:00,305.77,1.0,0.0,1.0,0.0
2014-09-11 07:33:42+00:00,305.85499999999996,1.0,91.0,1.0,0.0
2014-09-11 07:33:48+00:00,305.0566666666667,1.0,91.0,1.0,0.0
2014-09-11 07:33:54+00:00,305.40333333333336,1.0,91.0,0.0,0.0
2014-09-11 07:34:00+00:00,305.3283333333333,0.0,0.0,1.0,0.0
2014-09-11 07:34:06+00:00,304.445,1.0,91.0,1.0,0.0
2014-09-11 07:34:12+00:00,304.7133333333333,1.0,90.0,1.0,0.0
2014-09-11 07:34:18+00:00,303.74666666666667,1.0,90.0,1.0,0.0
2014-09-11 07:34:24+00:00,303.75,1.0,90.0,1.0,0.0
2014-09-11 07:34:30+00:00,305.30333333333334,1.0,91.0,1.0,0.0
2014-09-11 07:34:36+00:00,306.41,1.0,91.0,1.0,0.0
2014-09-11 07:34:42+00:00,306.385,1.0,91.0,0.0,0.0
2014-09-11 07:34:48+00:00,307.4683333333333,1.0,91.0,1.0,0.0
2014-09-11 07:34:54+00:00,307.98833333333334,0.0,91.0,1.0,0.0
2014-09-11 07:35:00+00:00,308.3283333333333,1.0,0.0,1.0,0.0
2014-09-11 07:35:06+00:00,307.59999999999997,1.0,92.0,1.0,0.0
2014-09-11 07:35:12+00:00,306.70166666666665,1.0,91.0,1.0,0.0
2014-09-11 07:35:18+00:00,307.8183333333333,1.0,91.0,1.0,0.0
2014-09-11 07:35:24+00:00,307.305,1.0,92.0,0.0,0.0
2014-09-11 07:35:30+00:00,307.39,1.0,91.0,1.0,0.0
2014-09-11 07:35:36+00:00,307.63166666666666,0.0,0.0,1.0,0.0
2014-09-11 07:35:42+00:00,307.24833333333333,1.0,91.0,1.0,0.0
2014-09-11 07:35:48+00:00,308.06333333333333,1.0,91.0,0.0,0.0
2014-09-11 07:35:54+00:00,308.56,1.0,91.0,1.0,0.0
2014-09-11 07:36:00+00:00,308.3533333333333,1.0,91.0,1.0,0.0
2014-09-11 07:36:06+00:00,308.2916666666667,1.0,91.0,1.0,0.0
2014-09-11 07:36:12+00:00,307.84833333333336,1.0,91.0,1.0,0.0
2014-09-11 07:36:18+00:00,308.0514285714286,1.0,91.0,1.0,0.0
2014-09-11 07:36:24+00:00,308.246,0.0,90.0,1.0,0.0
2014-09-11 07:36:30+00:00,307.3671428571429,1.0,91.0,1.0,0.0
2014-09-11 07:36:36+00:00,306.166,1.0,91.0,1.0,0.0
2014-09-11 07:36:42+00:00,306.8771428571428,1.0,91.0,1.0,0.0
2014-09-11 07:36:48+00:00,306.65166666666664,1.0,91.0,1.0,0.0
2014-09-11 07:36:54+00:00,306.6616666666667,1.0,91.0,1.0,0.0
2014-09-11 07:37:00+00:00,307.29833333333335,1.0,0.0,1.0,0.0
2014-09-11 07:37:06+00:00,308.14166666666665,1.0,91.0,1.0,0.0
2014-09-11 07:37:12+00:00,308.23499999999996,1.0,91.0,0.0,0.0
2014-09-11 07:37:18+00:00,307.80833333333334,0.0,91.0,1.0,0.0
2014-09-11 07:37:24+00:00,307.355,1.0,91.0,1.0,0.0
2014-09-11 07:37:30+00:00,307.8183333333333,1.0,91.0,1.0,0.0
2014-09-11 07:37:36+00:00,307.4816666666666,1.0,0.0,1.0,0.0
2014-09-11 07:37:42+00:00,308.2916666666667,1.0,91.0,1.0,0.0
2014-09-11 07:37:48+00:00,308.7,1.0,91.0,1.0,0.0
2014-09-11 07:37:54+00:00,307.9433333333333,1.0,91.0,0.0,0.0
2014-09-11 07:38:00+00:00,308.24,0.0,91.0,1.0,0.0
2014-09-11 07:38:06+00:00,308.37666666666667,1.0,0.0,1.0,0.0
2014-09-11 07:38:12+00:00,309.2416666666666,1.0,90.0,1.0,0.0
2014-09-11 07:38:18+00:00,308.835,1.0,91.0,1.0,0.0
2014-09-11 07:38:24+00:00,309.4116666666667,1.0,91.0,1.0,0.0
2014-09-11 07:38:30+00:00,309.11,1.0,91.0,1.0,0.0
2014-09-11 07:38:36+00:00,308.17333333333335,1.0,91.0,0.0,0.0
2014-09-11 07:38:42+00:00,308.3983333333333,1.0,91.0,1.0,0.0
2014-09-11 07:38:48+00:00,308.64166666666665,1.0,91.0,1.0,0.0
2014-09-11 07:38:54+00:00,308.8016666666667,0.0,91.0,1.0,0.0
2014-09-11 07:39:00+00:00,308.39166666666665,1.0,91.0,1.0,0.0
2014-09-11 07:39:06+00:00,308.2916666666667,1.0,0.0,1.0,0.0
2014-09-11 07:39:12+00:00,308.315,1.0,91.0,0.0,0.0
2014-09-11 07:39:18+00:00,307.11,1.0,91.0,1.0,0.0
2014-09-11 07:39:24+00:00,306.32,0.0,90.0,1.0,0.0
2014-09-11 07:39:30+00:00,307.0683333333333,1.0,91.0,1.0,0.0
2014-09-11 07:39:36+00:00,233.975,1.0,0.0,1.0,0.0
2014-09-11 07:39:42+00:00,214.83833333333334,1.0,32.0,1.0,0.0
2014-09-11 07:39:48+00:00,215.475,1.0,0.0,0.0,0.0
2014-09-11 07:39:54+00:00,215.26333333333332,0.0,0.0,1.0,0.0
2014-09-11 07:40:00+00:00,215.15333333333334,1.0,0.0,1.0,0.0
2014-09-11 07:40:06+00:00,215.55166666666665,1.0,0.0,1.0,0.0
2014-09-11 07:40:12+00:00,214.9466666666667,1.0,0.0,0.0,0.0
2014-09-11 07:40:18+00:00,214.955,0.0,0.0,1.0,0.0
2014-09-11 07:40:24+00:00,215.13333333333333,1.0,0.0,1.0,0.0
2014-09-11 07:40:30+00:00,215.135,1.0,0.0,1.0,0.0
2014-09-11 07:40:36+00:00,216.00666666666666,1.0,0.0,1.0,0.0
2014-09-11 07:40:42+00:00,215.49833333333333,1.0,0.0,0.0,0.0
2014-09-11 07:40:48+00:00,215.215,1.0,0.0,1.0,0.0
2014-09-11 07:40:54+00:00,214.40666666666667,1.0,0.0,1.0,0.0
2014-09-11 07:41:00+00:00,213.40666666666667,1.0,0.0,1.0,0.0
2014-09-11 07:41:06+00:00,214.905,0.0,0.0,1.0,0.0
2014-09-11 07:41:12+00:00,214.96833333333333,1.0,0.0,1.0,0.0
2014-09-11 07:41:18+00:00,214.55666666666664,1.0,0.0,1.0,0.0
2014-09-11 07:41:24+00:00,214.52166666666668,1.0,0.0,0.0,0.0
2014-09-11 07:41:30+00:00,214.76333333333332,1.0,0.0,1.0,0.0
2014-09-11 07:41:36+00:00,214.81166666666664,1.0,0.0,1.0,0.0
2014-09-11 07:41:42+00:00,214.53666666666666,1.0,0.0,1.0,0.0
2014-09-11 07:41:48+00:00,214.9283333333333,0.0,0.0,1.0,0.0
2014-09-11 07:41:54+00:00,215.42333333333332,1.0,0.0,1.0,0.0
2014-09-11 07:42:00+00:00,214.30666666666664,1.0,0.0,1.0,0.0
2014-09-11 07:42:06+00:00,213.99,1.0,0.0,0.0,0.0
2014-09-11 07:42:12+00:00,213.17166666666665,1.0,0.0,1.0,0.0
2014-09-11 07:42:18+00:00,212.84833333333333,1.0,0.0,1.0,0.0
2014-09-11 07:42:24+00:00,212.72,0.0,0.0,1.0,0.0
2014-09-11 07:42:30+00:00,213.3216666666667,1.0,0.0,1.0,0.0
2014-09-11 07:42:36+00:00,213.35833333333335,1.0,0.0,0.0,0.0
2014-09-11 07:42:42+00:00,213.73333333333335,1.0,0.0,1.0,0.0
2014-09-11 07:42:48+00:00,214.02666666666667,0.0,0.0,1.0,0.0
2014-09-11 07:42:54+00:00,214.82666666666668,1.0,0.0,1.0,0.0
2014-09-11 07:43:00+00:00,214.49666666666667,1.0,0.0,1.0,0.0
2014-09-11 07:43:06+00:00,213.26,1.0,0.0,0.0,0.0
2014-09-11 07:43:12+00:00,214.125,1.0,0.0,1.0,0.0
2014-09-11 07:43:18+00:00,215.66666666666666,1.0,0.0,1.0,0.0
2014-09-11 07:43:24+00:00,215.74333333333334,1.0,0.0,1.0,0.0
2014-09-11 07:43:30+00:00,215.76166666666666,0.0,0.0,1.0,0.0
2014-09-11 07:43:36+00:00,215.45166666666668,1.0,0.0,1.0,0.0
2014-09-11 07:43:42+00:00,215.45000000000002,1.0,0.0,0.0,0.0
2014-09-11 07:43:48+00:00,215.32666666666668,1.0,0.0,1.0,0.0
2014-09-11 07:43:54+00:00,215.29333333333332,1.0,0.0,0.0,0.0
2014-09-11 07:44:00+00:00,215.3133333333333,0.0,0.0,1.0,0.0
2014-09-11 07:44:06+00:00,214.50666666666666,1.0,0.0,1.0,0.0
2014-09-11 07:44:12+00:00,214.665,1.0,0.0,1.0,0.0
2014-09-11 07:44:18+00:00,214.23833333333334,1.0,0.0,1.0,0.0
2014-09-11 07:44:24+00:00,214.98333333333335,1.0,0.0,1.0,0.0
2014-09-11 07:44:30+00:00,214.41666666666666,1.0,0.0,0.0,0.0
2014-09-11 07:44:36+00:00,214.71166666666667,0.0,0.0,1.0,0.0
2014-09-11 07:44:42+00:00,215.91166666666666,1.0,0.0,0.0,0.0
2014-09-11 07:44:48+00:00,215.5716666666667,1.0,0.0,1.0,0.0
2014-09-11 07:44:54+00:00,215.51166666666666,1.0,0.0,1.0,0.0
2014-09-11 07:45:00+00:00,214.86333333333334,1.0,0.0,0.0,0.0
2014-09-11 07:45:06+00:00,215.60333333333332,1.0,0.0,1.0,0.0
2014-09-11 07:45:12+00:00,215.245,1.0,0.0,1.0,0.0
2014-09-11 07:45:18+00:00,216.41666666666666,0.0,0.0,1.0,0.0
2014-09-11 07:45:24+00:00,216.53,1.0,0.0,1.0,0.0
2014-09-11 07:45:30+00:00,216.64666666666668,1.0,0.0,1.0,0.0
2014-09-11 07:45:36+00:00,216.57833333333335,1.0,0.0,1.0,0.0
2014-09-11 07:45:42+00:00,216.12666666666667,1.0,0.0,1.0,0.0
2014-09-11 07:45:48+00:00,216.51666666666665,1.0,0.0,1.0,0.0
2014-09-11 07:45:54+00:00,216.03,1.0,0.0,1.0,0.0
2014-09-11 07:46:00+00:00,215.36333333333334,1.0,0.0,0.0,0.0
2014-09-11 07:46:06+00:00,413.49166666666673,0.0,0.0,1.0,0.0
2014-09-11 07:46:12+00:00,1392.3433333333332,1.0,0.0,1.0,0.0
2014-09-11 07:46:18+00:00,1677.9800000000002,1.0,0.0,1.0,0.0
2014-09-11 07:46:24+00:00,1750.325,1.0,0.0,1.0,0.0
2014-09-11 07:46:30+00:00,1732.3400000000001,1.0,0.0,1.0,0.0
2014-09-11 07:46:36+00:00,1710.2133333333334,1.0,0.0,1.0,0.0
2014-09-11 07:46:42+00:00,1617.5666666666666,1.0,0.0,1.0,0.0
2014-09-11 07:46:48+00:00,1468.2233333333334,1.0,0.0,1.0,0.0
2014-09-11 07:46:54+00:00,1421.5366666666666,1.0,0.0,0.0,0.0
2014-09-11 07:47:00+00:00,271.875,1.0,0.0,1.0,0.0
2014-09-11 07:47:06+00:00,334.1483333333333,1.0,0.0,1.0,0.0
2014-09-11 07:47:12+00:00,369.535,0.0,0.0,1.0,0.0
2014-09-11 07:47:18+00:00,388.28,1.0,0.0,1.0,0.0
2014-09-11 07:47:24+00:00,389.25666666666666,1.0,0.0,1.0,0.0
2014-09-11 07:47:30+00:00,365.73333333333335,1.0,0.0,0.0,0.0
2014-09-11 07:47:36+00:00,351.49500000000006,1.0,0.0,1.0,0.0
2014-09-11 07:47:42+00:00,361.07666666666665,1.0,0.0,1.0,0.0
2014-09-11 07:47:48+00:00,338.98,0.0,0.0,1.0,0.0
2014-09-11 07:47:54+00:00,366.3433333333333,1.0,0.0,1.0,0.0
2014-09-11 07:48:00+00:00,331.8933333333333,1.0,0.0,1.0,0.0
2014-09-11 07:48:06+00:00,296.12333333333333,1.0,0.0,0.0,0.0
2014-09-11 07:48:12+00:00,897.5733333333334,0.0,0.0,1.0,0.0
2014-09-11 07:48:18+00:00,1460.9683333333332,1.0,0.0,1.0,0.0
2014-09-11 07:48:24+00:00,1438.7366666666667,1.0,0.0,1.0,0.0
2014-09-11 07:48:30+00:00,1126.2066666666667,1.0,0.0,1.0,0.0
2014-09-11 07:48:36+00:00,262.3016666666667,1.0,0.0,1.0,0.0
2014-09-11 07:48:42+00:00,251.17166666666665,1.0,0.0,1.0,0.0
2014-09-11 07:48:48+00:00,262.925,1.0,0.0,1.0,0.0
2014-09-11 07:48:54+00:00,250.70833333333334,1.0,0.0,1.0,0.0
2014-09-11 07:49:00+00:00,261.79833333333335,1.0,0.0,0.0,0.0
2014-09-11 07:49:06+00:00,250.96166666666667,1.0,0.0,1.0,0.0
2014-09-11 07:49:12+00:00,254.42,1.0,0.0,1.0,0.0
2014-09-11 07:49:18+00:00,289.97166666666664,1.0,0.0,1.0,0.0
2014-09-11 07:49:24+00:00,384.02,0.0,0.0,1.0,0.0
2014-09-11 07:49:30+00:00,394.98,1.0,0.0,1.0,0.0
2014-09-11 07:49:36+00:00,715.7766666666666,1.0,0.0,1.0,0.0
2014-09-11 07:49:42+00:00,1478.7783333333334,1.0,0.0,1.0,0.0
2014-09-11 07:49:48+00:00,1168.9933333333333,1.0,0.0,0.0,0.0
2014-09-11 07:49:54+00:00,323.465,1.0,0.0,1.0,0.0
2014-09-11 07:50:00+00:00,386.6233333333333,1.0,0.0,1.0,0.0
2014-09-11 07:50:06+00:00,376.6483333333333,0.0,0.0,1.0,0.0
2014-09-11 07:50:12+00:00,341.41833333333335,1.0,0.0,3.0,0.0
2014-09-11 07:50:18+00:00,327.4666666666667,1.0,0.0,0.0,0.0
2014-09-11 07:50:24+00:00,330.07,1.0,0.0,1.0,0.0
2014-09-11 07:50:30+00:00,287.77666666666664,0.0,0.0,1.0,0.0
2014-09-11 07:50:36+00:00,286.50666666666666,1.0,0.0,1.0,0.0
2014-09-11 07:50:42+00:00,256.9216666666667,1.0,0.0,0.0,0.0
2014-09-11 07:50:48+00:00,253.98166666666665,1.0,0.0,1.0,0.0
2014-09-11 07:50:54+00:00,250.43833333333336,1.0,0.0,1.0,0.0
2014-09-11 07:51:00+00:00,335.7816666666667,0.0,0.0,1.0,0.0
2014-09-11 07:51:06+00:00,352.1666666666667,1.0,0.0,1.0,0.0
2014-09-11 07:51:12+00:00,314.20166666666665,1.0,0.0,1.0,0.0
2014-09-11 07:51:18+00:00,285.81,1.0,0.0,1.0,0.0
2014-09-11 07:51:24+00:00,1208.7633333333333,1.0,0.0,1.0,0.0
2014-09-11 07:51:30+00:00,1428.5133333333333,1.0,0.0,1.0,0.0
2014-09-11 07:51:36+00:00,468.695,1.0,0.0,1.0,0.0
2014-09-11 07:51:42+00:00,292.25666666666666,1.0,0.0,1.0,0.0
2014-09-11 07:51:48+00:00,366.23,1.0,0.0,1.0,0.0
2014-09-11 07:51:54+00:00,339.92333333333335,1.0,0.0,0.0,0.0
2014-09-11 07:52:00+00:00,369.8983333333333,0.0,0.0,1.0,0.0
2014-09-11 07:52:06+00:00,320.1566666666667,1.0,0.0,1.0,0.0
2014-09-11 07:52:12+00:00,314.565,1.0,0.0,1.0,0.0
2014-09-11 07:52:18+00:00,286.29333333333335,1.0,0.0,1.0,0.0
2014-09-11 07:52:24+00:00,1133.7250000000001,1.0,0.0,1.0,0.0
2014-09-11 07:52:30+00:00,1071.715,1.0,0.0,0.0,0.0
2014-09-11 07:52:36+00:00,279.2133333333333,1.0,0.0,1.0,0.0
2014-09-11 07:52:42+00:00,287.37,1.0,0.0,1.0,0.0
2014-09-11 07:52:48+00:00,279.12833333333333,0.0,0.0,1.0,0.0
2014-09-11 07:52:54+00:00,251.73666666666668,1.0,0.0,1.0,0.0
2014-09-11 07:53:00+00:00,255.45666666666668,1.0,0.0,1.0,0.0
2014-09-11 07:53:06+00:00,251.50666666666666,1.0,0.0,0.0,0.0
2014-09-11 07:53:12+00:00,311.7033333333333,0.0,0.0,1.0,0.0
2014-09-11 07:53:18+00:00,364.58,1.0,0.0,1.0,0.0
2014-09-11 07:53:24+00:00,386.4766666666667,1.0,0.0,1.0,0.0
2014-09-11 07:53:30+00:00,344.8633333333333,1.0,0.0,1.0,0.0
2014-09-11 07:53:36+00:00,346.8333333333333,1.0,0.0,1.0,0.0
2014-09-11 07:53:42+00:00,329.98833333333334,1.0,0.0,0.0,0.0
2014-09-11 07:53:48+00:00,1296.8333333333333,0.0,0.0,1.0,0.0
2014-09-11 07:53:54+00:00,1413.7366666666667,1.0,0.0,1.0,0.0
2014-09-11 07:54:00+00:00,498.595,1.0,0.0,1.0,0.0
2014-09-11 07:54:06+00:00,308.97166666666664,1.0,0.0,1.0,0.0
2014-09-11 07:54:12+00:00,389.7,1.0,0.0,0.0,0.0
2014-09-11 07:54:18+00:00,362.97499999999997,1.0,0.0,1.0,0.0
2014-09-11 07:54:24+00:00,382.5833333333333,0.0,0.0,1.0,0.0
2014-09-11 07:54:30+00:00,377.75500000000005,1.0,0.0,1.0,0.0
2014-09-11 07:54:36+00:00,402.215,1.0,0.0,1.0,0.0
2014-09-11 07:54:42+00:00,329.51166666666666,1.0,0.0,1.0,0.0
2014-09-11 07:54:48+00:00,212.78,1.0,0.0,0.0,0.0
2014-09-11 07:54:54+00:00,212.79166666666666,1.0,0.0,1.0,0.0
2014-09-11 07:55:00+00:00,212.00166666666667,0.0,0.0,1.0,0.0
2014-09-11 07:55:06+00:00,212.71666666666667,1.0,0.0,1.0,0.0
2014-09-11 07:55:12+00:00,211.96666666666667,1.0,0.0,1.0,0.0
2014-09-11 07:55:18+00:00,211.3516666666667,1.0,0.0,1.0,0.0
2014-09-11 07:55:24+00:00,211.62666666666667,1.0,0.0,1.0,0.0
2014-09-11 07:55:30+00:00,211.36333333333334,1.0,0.0,0.0,0.0
2014-09-11 07:55:36+00:00,209.82833333333335,0.0,0.0,1.0,0.0
2014-09-11 07:55:42+00:00,209.62333333333333,1.0,0.0,1.0,0.0
2014-09-11 07:55:48+00:00,209.49333333333334,1.0,0.0,1.0,0.0
2014-09-11 07:55:54+00:00,210.85833333333335,1.0,0.0,1.0,0.0
2014-09-11 07:56:00+00:00,210.45333333333335,1.0,0.0,1.0,0.0
2014-09-11 07:56:06+00:00,210.78833333333333,1.0,0.0,0.0,0.0
2014-09-11 07:56:12+00:00,210.40166666666667,0.0,0.0,1.0,0.0
2014-09-11 07:56:18+00:00,209.50166666666667,1.0,0.0,1.0,0.0
2014-09-11 07:56:24+00:00,208.36833333333334,1.0,0.0,1.0,0.0
2014-09-11 07:56:30+00:00,209.275,1.0,0.0,1.0,0.0
2014-09-11 07:56:36+00:00,209.82666666666668,1.0,0.0,1.0,0.0
2014-09-11 07:56:42+00:00,209.46166666666667,1.0,0.0,0.0,0.0
2014-09-11 07:56:48+00:00,209.845,0.0,0.0,1.0,0.0
2014-09-11 07:56:54+00:00,210.34833333333333,1.0,0.0,1.0,0.0
2014-09-11 07:57:00+00:00,209.21333333333334,1.0,0.0,1.0,0.0
2014-09-11 07:57:06+00:00,209.07000000000002,1.0,0.0,1.0,0.0
2014-09-11 07:57:12+00:00,209.23333333333335,1.0,0.0,0.0,0.0
2014-09-11 07:57:18+00:00,209.57333333333335,0.0,0.0,1.0,0.0
2014-09-11 07:57:24+00:00,210.45833333333334,1.0,0.0,1.0,0.0
2014-09-11 07:57:30+00:00,210.08166666666668,1.0,0.0,1.0,0.0
2014-09-11 07:57:36+00:00,209.885,1.0,0.0,1.0,0.0
2014-09-11 07:57:42+00:00,210.14666666666665,1.0,0.0,1.0,0.0
2014-09-11 07:57:48+00:00,212.46166666666667,1.0,0.0,1.0,0.0
2014-09-11 07:57:54+00:00,212.71333333333334,1.0,0.0,1.0,0.0
2014-09-11 07:58:00+00:00,212.1916666666667,1.0,0.0,0.0,0.0
2014-09-11 07:58:06+00:00,211.79,0.0,0.0,1.0,0.0
2014-09-11 07:58:12+00:00,211.81000000000003,1.0,0.0,1.0,0.0
2014-09-11 07:58:18+00:00,211.88333333333333,1.0,0.0,1.0,0.0
2014-09-11 07:58:24+00:00,211.9333333333333,1.0,0.0,1.0,0.0
2014-09-11 07:58:30+00:00,212.07666666666668,1.0,0.0,1.0,0.0
2014-09-11 07:58:36+00:00,212.30499999999998,1.0,0.0,1.0,0.0
2014-09-11 07:58:42+00:00,212.09333333333333,1.0,0.0,1.0,0.0
2014-09-11 07:58:48+00:00,212.51166666666666,1.0,0.0,0.0,0.0
2014-09-11 07:58:54+00:00,212.78166666666667,1.0,0.0,1.0,0.0
2014-09-11 07:59:00+00:00,212.16333333333333,1.0,0.0,1.0,0.0
2014-09-11 07:59:06+00:00,212.23857142857145,1.0,0.0,1.0,0.0
2014-09-11 07:59:12+00:00,213.01399999999998,0.0,0.0,1.0,0.0
2014-09-11 07:59:18+00:00,213.09285714285716,1.0,0.0,1.0,0.0
2014-09-11 07:59:24+00:00,213.58166666666668,1.0,0.0,0.0,0.0
2014-09-11 07:59:30+00:00,213.96333333333334,1.0,0.0,1.0,0.0
2014-09-11 07:59:36+00:00,213.53,0.0,0.0,1.0,0.0
2014-09-11 07:59:42+00:00,213.06500000000003,1.0,0.0,1.0,0.0
2014-09-11 07:59:48+00:00,213.215,1.0,0.0,1.0,0.0
2014-09-11 07:59:54+00:00,212.98333333333335,1.0,0.0,1.0,0.0
2014-09-11 08:00:00+00:00,213.60833333333335,1.0,0.0,1.0,0.0
2014-09-11 08:00:06+00:00,213.65666666666667,1.0,0.0,1.0,0.0
2014-09-11 08:00:12+00:00,213.025,1.0,0.0,0.0,0.0
2014-09-11 08:00:18+00:00,213.095,0.0,0.0,1.0,0.0
2014-09-11 08:00:24+00:00,212.5666666666667,1.0,0.0,1.0,0.0
2014-09-11 08:00:30+00:00,212.70166666666668,1.0,0.0,1.0,0.0
2014-09-11 08:00:36+00:00,212.65666666666667,1.0,0.0,0.0,0.0
2014-09-11 08:00:42+00:00,213.14833333333334,1.0,0.0,1.0,0.0
2014-09-11 08:00:48+00:00,212.70666666666668,1.0,0.0,1.0,0.0
2014-09-11 08:00:54+00:00,212.99333333333334,1.0,0.0,1.0,0.0
2014-09-11 08:01:00+00:00,212.15833333333333,0.0,0.0,1.0,0.0
2014-09-11 08:01:06+00:00,212.16333333333333,1.0,0.0,1.0,0.0
2014-09-11 08:01:12+00:00,212.1483333333333,1.0,0.0,1.0,0.0
2014-09-11 08:01:18+00:00,213.27666666666667,1.0,0.0,1.0,0.0
2014-09-11 08:01:24+00:00,217.79333333333332,1.0,0.0,0.0,0.0
2014-09-11 08:01:30+00:00,217.705,0.0,0.0,1.0,0.0
2014-09-11 08:01:36+00:00,218.01,1.0,0.0,1.0,0.0
2014-09-11 08:01:42+00:00,217.75833333333333,1.0,0.0,1.0,0.0
2014-09-11 08:01:48+00:00,216.02833333333334,1.0,0.0,1.0,0.0
2014-09-11 08:01:54+00:00,217.32666666666668,1.0,0.0,0.0,0.0
2014-09-11 08:02:00+00:00,216.6933333333333,1.0,0.0,1.0,0.0
2014-09-11 08:02:06+00:00,216.745,0.0,0.0,1.0,0.0
2014-09-11 08:02:12+00:00,217.24833333333333,1.0,0.0,1.0,0.0
2014-09-11 08:02:18+00:00,217.035,1.0,0.0,0.0,0.0
2014-09-11 08:02:24+00:00,217.43166666666664,1.0,0.0,1.0,0.0
2014-09-11 08:02:30+00:00,218.015,1.0,0.0,1.0,0.0
2014-09-11 08:02:36+00:00,218.0583333333333,1.0,0.0,1.0,0.0
2014-09-11 08:02:42+00:00,217.70333333333335,1.0,0.0,1.0,0.0
2014-09-11 08:02:48+00:00,216.765,1.0,0.0,1.0,0.0
2014-09-11 08:02:54+00:00,217.86833333333334,0.0,0.0,1.0,0.0
2014-09-11 08:03:00+00:00,217.75833333333333,1.0,0.0,1.0,0.0
2014-09-11 08:03:06+00:00,217.34666666666666,1.0,0.0,1.0,0.0
2014-09-11 08:03:12+00:00,217.29,1.0,0.0,1.0,0.0
2014-09-11 08:03:18+00:00,216.5583333333333,1.0,0.0,1.0,0.0
2014-09-11 08:03:24+00:00,216.13166666666666,1.0,0.0,1.0,0.0
2014-09-11 08:03:30+00:00,216.05999999999997,1.0,0.0,1.0,0.0
2014-09-11 08:03:36+00:00,217.07666666666668,1.0,0.0,0.0,0.0
2014-09-11 08:03:42+00:00,217.37166666666667,1.0,0.0,1.0,0.0
2014-09-11 08:03:48+00:00,216.44500000000002,1.0,0.0,1.0,0.0
2014-09-11 08:03:54+00:00,216.3166666666667,1.0,0.0,1.0,0.0
2014-09-11 08:04:00+00:00,217.92,1.0,0.0,1.0,0.0
2014-09-11 08:04:06+00:00,217.69000000000003,0.0,0.0,1.0,0.0
2014-09-11 08:04:12+00:00,217.72833333333332,1.0,0.0,1.0,0.0
2014-09-11 08:04:18+00:00,216.58833333333334,1.0,0.0,1.0,0.0
2014-09-11 08:04:24+00:00,209.38333333333333,1.0,0.0,1.0,0.0
2014-09-11 08:04:30+00:00,209.56499999999997,1.0,0.0,1.0,0.0
2014-09-11 08:04:36+00:00,209.55499999999998,1.0,0.0,0.0,0.0
2014-09-11 08:04:42+00:00,209.645,0.0,0.0,1.0,0.0
2014-09-11 08:04:48+00:00,208.9283333333333,1.0,0.0,1.0,0.0
2014-09-11 08:04:54+00:00,209.17499999999998,1.0,0.0,1.0,0.0
2014-09-11 08:05:00+00:00,209.40833333333333,1.0,0.0,1.0,0.0
2014-09-11 08:05:06+00:00,209.76666666666665,1.0,0.0,1.0,0.0
2014-09-11 08:05:12+00:00,210.41,1.0,0.0,0.0,0.0
2014-09-11 08:05:18+00:00,209.545,1.0,0.0,1.0,0.0
2014-09-11 08:05:24+00:00,209.57333333333335,0.0,0.0,1.0,0.0
2014-09-11 08:05:30+00:00,209.28,1.0,0.0,1.0,0.0
2014-09-11 08:05:36+00:00,208.63833333333332,1.0,0.0,0.0,0.0
2014-09-11 08:05:42+00:00,208.665,1.0,0.0,1.0,0.0
2014-09-11 08:05:48+00:00,208.73333333333335,1.0,0.0,1.0,0.0
2014-09-11 08:05:54+00:00,209.40166666666667,1.0,0.0,1.0,0.0
2014-09-11 08:06:00+00:00,209.83,1.0,0.0,1.0,0.0
2014-09-11 08:06:06+00:00,209.28666666666666,1.0,0.0,1.0,0.0
2014-09-11 08:06:12+00:00,209.155,1.0,0.0,1.0,0.0
2014-09-11 08:06:18+00:00,209.05666666666664,0.0,0.0,1.0,0.0
2014-09-11 08:06:24+00:00,208.9466666666667,1.0,0.0,1.0,0.0
2014-09-11 08:06:30+00:00,208.76666666666665,1.0,0.0,1.0,0.0
2014-09-11 08:06:36+00:00,208.9333333333333,1.0,0.0,1.0,0.0
2014-09-11 08:06:42+00:00,209.37666666666667,1.0,0.0,1.0,0.0
2014-09-11 08:06:48+00:00,209.025,1.0,0.0,1.0,0.0
2014-09-11 08:06:54+00:00,209.035,1.0,0.0,1.0,0.0
2014-09-11 08:07:00+00:00,209.335,1.0,0.0,1.0,0.0
2014-09-11 08:07:06+00:00,209.1833333333333,1.0,0.0,0.0,0.0
2014-09-11 08:07:12+00:00,210.36666666666667,1.0,0.0,1.0,0.0
2014-09-11 08:07:18+00:00,210.47333333333333,0.0,0.0,1.0,0.0
2014-09-11 08:07:24+00:00,210.66333333333333,1.0,0.0,1.0,0.0
2014-09-11 08:07:30+00:00,215.71666666666667,1.0,0.0,1.0,0.0
2014-09-11 08:07:36+00:00,225.74,1.0,0.0,1.0,0.0
2014-09-11 08:07:42+00:00,221.24666666666667,1.0,0.0,1.0,11.0
2014-09-11 08:07:48+00:00,220.07833333333335,1.0,0.0,1.0,11.0
2014-09-11 08:07:54+00:00,220.04166666666666,1.0,0.0,1.0,10.0
2014-09-11 08:08:00+00:00,213.14166666666665,1.0,0.0,1.0,10.0
2014-09-11 08:08:06+00:00,219.92666666666665,1.0,0.0,1.0,10.0
2014-09-11 08:08:12+00:00,218.135,1.0,0.0,1.0,10.0
2014-09-11 08:08:18+00:00,217.3033333333333,1.0,0.0,0.0,0.0
2014-09-11 08:08:24+00:00,259.37666666666667,1.0,0.0,1.0,10.0
2014-09-11 08:08:30+00:00,298.9483333333333,1.0,0.0,1.0,9.0
2014-09-11 08:08:36+00:00,296.84999999999997,0.0,0.0,1.0,118.0
2014-09-11 08:08:42+00:00,217.3083333333333,1.0,0.0,1.0,12.0
2014-09-11 08:08:48+00:00,217.3216666666667,1.0,0.0,1.0,10.0
2014-09-11 08:08:54+00:00,415.50666666666666,1.0,0.0,1.0,9.0
2014-09-11 08:09:00+00:00,340.65833333333336,1.0,0.0,0.0,120.0
2014-09-11 08:09:06+00:00,217.895,1.0,0.0,1.0,10.0
2014-09-11 08:09:12+00:00,465.03833333333336,0.0,0.0,1.0,0.0
2014-09-11 08:09:18+00:00,294.66833333333335,1.0,0.0,1.0,237.0
2014-09-11 08:09:24+00:00,327.71666666666664,1.0,0.0,1.0,10.0
2014-09-11 08:09:30+00:00,479.89000000000004,1.0,0.0,1.0,194.0
2014-09-11 08:09:36+00:00,277.9166666666667,1.0,0.0,0.0,0.0
2014-09-11 08:09:42+00:00,439.04,1.0,0.0,1.0,163.0
2014-09-11 08:09:48+00:00,294.4866666666667,1.0,0.0,1.0,207.0
2014-09-11 08:09:54+00:00,305.45,0.0,0.0,1.0,168.0
2014-09-11 08:10:00+00:00,454.06,1.0,0.0,1.0,10.0
2014-09-11 08:10:06+00:00,338.26000000000005,1.0,0.0,1.0,216.0
2014-09-11 08:10:12+00:00,509.855,1.0,0.0,0.0,66.0
2014-09-11 08:10:18+00:00,418.715,1.0,0.0,1.0,0.0
2014-09-11 08:10:24+00:00,510.565,1.0,0.0,1.0,122.0
2014-09-11 08:10:30+00:00,641.7133333333334,0.0,0.0,1.0,0.0
2014-09-11 08:10:36+00:00,373.9583333333333,1.0,0.0,1.0,230.0
2014-09-11 08:10:42+00:00,566.6416666666667,1.0,0.0,1.0,4.0
2014-09-11 08:10:48+00:00,1485.3100000000002,1.0,0.0,1.0,225.0
2014-09-11 08:10:54+00:00,2327.0716666666667,1.0,0.0,1.0,2032.0
2014-09-11 08:11:00+00:00,2407.9533333333334,1.0,0.0,1.0,1792.0
2014-09-11 08:11:06+00:00,2097.8866666666668,1.0,0.0,1.0,1999.0
2014-09-11 08:11:12+00:00,890.0483333333333,1.0,0.0,1.0,1958.0
2014-09-11 08:11:18+00:00,2498.8683333333333,1.0,0.0,0.0,2020.0
2014-09-11 08:11:24+00:00,2259.733333333333,1.0,0.0,1.0,2037.0
2014-09-11 08:11:30+00:00,2403.025,1.0,0.0,1.0,1918.0
2014-09-11 08:11:36+00:00,2217.2083333333335,1.0,0.0,1.0,0.0
2014-09-11 08:11:42+00:00,2492.6516666666666,1.0,0.0,1.0,1782.0
2014-09-11 08:11:48+00:00,2365.3366666666666,0.0,0.0,1.0,2030.0
2014-09-11 08:11:54+00:00,2350.695,1.0,0.0,1.0,1784.0
2014-09-11 08:12:00+00:00,2254.5,1.0,0.0,1.0,2080.0
2014-09-11 08:12:06+00:00,2465.383333333333,1.0,0.0,1.0,1763.0
2014-09-11 08:12:12+00:00,2421.54,1.0,0.0,1.0,1997.0
2014-09-11 08:12:18+00:00,2466.563333333333,1.0,0.0,1.0,1773.0
2014-09-11 08:12:24+00:00,2409.0016666666666,1.0,0.0,1.0,1974.0
2014-09-11 08:12:30+00:00,2509.4016666666666,1.0,102.0,1.0,1763.0
2014-09-11 08:12:36+00:00,2575.9016666666666,1.0,101.0,0.0,2039.0
2014-09-11 08:12:42+00:00,2338.8233333333333,0.0,98.0,1.0,0.0
2014-09-11 08:12:48+00:00,2464.818333333333,1.0,96.0,1.0,1777.0
2014-09-11 08:12:54+00:00,2446.226666666667,1.0,95.0,1.0,1889.0
2014-09-11 08:13:00+00:00,2577.5750000000003,1.0,95.0,1.0,2004.0
2014-09-11 08:13:06+00:00,2310.931666666667,1.0,0.0,1.0,1984.0
2014-09-11 08:13:12+00:00,2506.91,1.0,93.0,1.0,1763.0
2014-09-11 08:13:18+00:00,2382.1299999999997,1.0,92.0,1.0,1770.0
2014-09-11 08:13:24+00:00,2563.758333333333,1.0,91.0,1.0,1955.0
2014-09-11 08:13:30+00:00,2341.6116666666667,1.0,88.0,1.0,2002.0
2014-09-11 08:13:36+00:00,2515.585,1.0,88.0,1.0,1772.0
2014-09-11 08:13:42+00:00,2304.6516666666666,1.0,88.0,0.0,1771.0
2014-09-11 08:13:48+00:00,2566.4816666666666,1.0,88.0,1.0,2008.0
2014-09-11 08:13:54+00:00,2393.068333333333,1.0,88.0,1.0,1998.0
2014-09-11 08:14:00+00:00,2472.1833333333334,0.0,89.0,1.0,0.0
2014-09-11 08:14:06+00:00,2320.125,1.0,89.0,1.0,1907.0
2014-09-11 08:14:12+00:00,2577.5466666666666,1.0,90.0,1.0,1773.0
2014-09-11 08:14:18+00:00,1865.9466666666667,1.0,90.0,1.0,1993.0
2014-09-11 08:14:24+00:00,1597.256666666667,1.0,0.0,1.0,1989.0
2014-09-11 08:14:30+00:00,2444.2316666666666,1.0,89.0,1.0,2088.0
2014-09-11 08:14:36+00:00,2509.56,1.0,89.0,0.0,1796.0
2014-09-11 08:14:42+00:00,2588.9383333333335,1.0,88.0,1.0,2044.0
2014-09-11 08:14:48+00:00,2303.7533333333336,0.0,89.0,1.0,0.0
2014-09-11 08:14:54+00:00,2469.1116666666667,1.0,89.0,1.0,1765.0
2014-09-11 08:15:00+00:00,2426.0733333333333,1.0,89.0,1.0,1773.0
2014-09-11 08:15:06+00:00,2550.641666666667,1.0,89.0,1.0,1854.0
2014-09-11 08:15:12+00:00,2206.6833333333334,1.0,88.0,1.0,2003.0
2014-09-11 08:15:18+00:00,2400.6033333333335,1.0,89.0,1.0,1787.0
2014-09-11 08:15:24+00:00,2264.7833333333333,1.0,0.0,1.0,1988.0
2014-09-11 08:15:30+00:00,2456.483333333333,1.0,88.0,1.0,2009.0
2014-09-11 08:15:36+00:00,2239.17,1.0,88.0,1.0,2019.0
2014-09-11 08:15:42+00:00,2413.2483333333334,1.0,89.0,0.0,1856.0
2014-09-11 08:15:48+00:00,2169.023333333333,1.0,88.0,1.0,1782.0
2014-09-11 08:15:54+00:00,2433.115,1.0,88.0,1.0,2002.0
2014-09-11 08:16:00+00:00,2267.9950000000003,1.0,88.0,1.0,0.0
2014-09-11 08:16:06+00:00,2309.061666666667,1.0,88.0,1.0,2012.0
2014-09-11 08:16:12+00:00,2159.645,1.0,87.0,1.0,1982.0
2014-09-11 08:16:18+00:00,2411.0116666666668,1.0,87.0,1.0,1785.0
2014-09-11 08:16:24+00:00,2325.991666666667,1.0,88.0,1.0,1998.0
2014-09-11 08:16:30+00:00,2263.0383333333334,1.0,88.0,1.0,2006.0
2014-09-11 08:16:36+00:00,2211.5033333333336,1.0,87.0,1.0,1771.0
2014-09-11 08:16:42+00:00,2373.0616666666665,1.0,87.0,1.0,1764.0
2014-09-11 08:16:48+00:00,2363.34,1.0,88.0,1.0,2036.0
2014-09-11 08:16:54+00:00,2202.5733333333333,0.0,0.0,1.0,1967.0
2014-09-11 08:17:00+00:00,2266.3366666666666,1.0,87.0,1.0,1955.0
2014-09-11 08:17:06+00:00,2305.38,1.0,87.0,1.0,1792.0
2014-09-11 08:17:12+00:00,2333.2116666666666,1.0,87.0,1.0,2000.0
2014-09-11 08:17:18+00:00,2271.5066666666667,1.0,87.0,1.0,1997.0
2014-09-11 08:17:24+00:00,2154.82,1.0,87.0,0.0,1793.0
2014-09-11 08:17:30+00:00,2276.0133333333333,1.0,88.0,1.0,2054.0
2014-09-11 08:17:36+00:00,2151.295,1.0,87.0,1.0,1775.0
2014-09-11 08:17:42+00:00,2289.391666666667,1.0,87.0,1.0,2059.0
2014-09-11 08:17:48+00:00,2147.82,1.0,86.0,1.0,1774.0
2014-09-11 08:17:54+00:00,2281.6150000000002,1.0,87.0,1.0,1975.0
2014-09-11 08:18:00+00:00,2143.5116666666668,1.0,87.0,1.0,1770.0
2014-09-11 08:18:06+00:00,2267.1150000000002,1.0,87.0,1.0,0.0
2014-09-11 08:18:12+00:00,2133.9666666666667,1.0,87.0,1.0,1973.0
2014-09-11 08:18:18+00:00,2272.2033333333334,1.0,86.0,1.0,1770.0
2014-09-11 08:18:24+00:00,2127.66,0.0,0.0,1.0,1973.0
2014-09-11 08:18:30+00:00,2252.6216666666664,1.0,86.0,1.0,1874.0
2014-09-11 08:18:36+00:00,2118.3399999999997,1.0,86.0,0.0,1783.0
2014-09-11 08:18:42+00:00,2257.6216666666664,1.0,86.0,1.0,0.0
2014-09-11 08:18:48+00:00,2113.563333333333,0.0,0.0,1.0,1763.0
2014-09-11 08:18:54+00:00,2255.728333333333,1.0,86.0,1.0,1796.0
2014-09-11 08:19:00+00:00,2111.2383333333332,1.0,86.0,1.0,1780.0
2014-09-11 08:19:06+00:00,2259.398333333333,1.0,86.0,0.0,2052.0
2014-09-11 08:19:12+00:00,2116.5716666666667,0.0,86.0,1.0,0.0
2014-09-11 08:19:18+00:00,2261.1866666666665,1.0,0.0,1.0,1770.0
2014-09-11 08:19:24+00:00,2116.476666666667,1.0,85.0,1.0,1780.0
2014-09-11 08:19:30+00:00,2258.5983333333334,1.0,85.0,0.0,0.0
2014-09-11 08:19:36+00:00,2093.035,1.0,85.0,1.0,1964.0
2014-09-11 08:19:42+00:00,2233.025,1.0,85.0,1.0,1745.0
2014-09-11 08:19:48+00:00,2110.9466666666667,1.0,85.0,1.0,1930.0
2014-09-11 08:19:54+00:00,2216.4,1.0,85.0,1.0,1763.0
2014-09-11 08:20:00+00:00,2099.4366666666665,1.0,85.0,1.0,1918.0
2014-09-11 08:20:06+00:00,2252.2816666666663,1.0,85.0,1.0,1768.0
2014-09-11 08:20:12+00:00,2113.435,0.0,0.0,1.0,2011.0
2014-09-11 08:20:18+00:00,2249.9383333333335,1.0,84.0,1.0,1830.0
2014-09-11 08:20:24+00:00,2117.023333333333,1.0,85.0,1.0,1784.0
2014-09-11 08:20:30+00:00,2269.3316666666665,1.0,84.0,1.0,1798.0
2014-09-11 08:20:36+00:00,2114.225,1.0,85.0,1.0,1776.0
2014-09-11 08:20:42+00:00,2236.2816666666663,1.0,85.0,1.0,2057.0
2014-09-11 08:20:48+00:00,2102.2766666666666,1.0,84.0,1.0,1760.0
2014-09-11 08:20:54+00:00,2255.5750000000003,1.0,84.0,0.0,2032.0
2014-09-11 08:21:00+00:00,2104.8700000000003,1.0,84.0,1.0,0.0
2014-09-11 08:21:06+00:00,2259.101666666667,0.0,84.0,1.0,1776.0
2014-09-11 08:21:12+00:00,2110.1116666666667,1.0,84.0,1.0,1952.0
2014-09-11 08:21:18+00:00,2243.565,1.0,84.0,1.0,1777.0
2014-09-11 08:21:24+00:00,2097.125,1.0,84.0,1.0,1770.0
2014-09-11 08:21:30+00:00,2250.4249999999997,1.0,0.0,1.0,1770.0
2014-09-11 08:21:36+00:00,2094.5116666666668,1.0,84.0,1.0,1754.0
2014-09-11 08:21:42+00:00,2242.1383333333333,1.0,84.0,1.0,1886.0
2014-09-11 08:21:48+00:00,2102.0633333333335,1.0,83.0,1.0,1760.0
2014-09-11 08:21:54+00:00,2230.3366666666666,1.0,84.0,1.0,1835.0
2014-09-11 08:22:00+00:00,2091.39,1.0,84.0,1.0,1755.0
2014-09-11 08:22:06+00:00,2220.215,1.0,84.0,0.0,0.0
2014-09-11 08:22:12+00:00,2083.4616666666666,1.0,83.0,1.0,2024.0
2014-09-11 08:22:18+00:00,2251.54,0.0,0.0,1.0,1765.0
2014-09-11 08:22:24+00:00,2094.195,1.0,83.0,1.0,1766.0
2014-09-11 08:22:30+00:00,2252.0483333333336,1.0,84.0,1.0,1768.0
2014-09-11 08:22:36+00:00,2100.9866666666667,1.0,83.0,1.0,1768.0
2014-09-11 08:22:42+00:00,2262.055,1.0,84.0,1.0,2075.0
2014-09-11 08:22:48+00:00,2102.8016666666667,1.0,84.0,1.0,1776.0
2014-09-11 08:22:54+00:00,2233.574285714286,1.0,83.0,1.0,2060.0
2014-09-11 08:23:00+00:00,2113.566,1.0,83.0,1.0,1775.0
2014-09-11 08:23:06+00:00,2230.83,1.0,83.0,0.0,1999.0
2014-09-11 08:23:12+00:00,2157.53,1.0,83.0,1.0,1763.0
2014-09-11 08:23:18+00:00,2225.95,0.0,83.0,1.0,0.0
2014-09-11 08:23:24+00:00,2147.3771428571426,1.0,0.0,1.0,3014.0
2014-09-11 08:23:30+00:00,2180.18,1.0,83.0,1.0,1827.0
2014-09-11 08:23:36+00:00,2121.185,1.0,83.0,1.0,1759.0
2014-09-11 08:23:42+00:00,2116.3333333333335,1.0,83.0,1.0,1813.0
2014-09-11 08:23:48+00:00,2083.971666666667,1.0,0.0,1.0,1786.0
2014-09-11 08:23:54+00:00,2127.82,1.0,0.0,1.0,2054.0
2014-09-11 08:24:00+00:00,2081.5766666666664,1.0,0.0,1.0,1784.0
2014-09-11 08:24:06+00:00,2107.103333333333,1.0,0.0,1.0,2029.0
2014-09-11 08:24:12+00:00,1501.0249999999999,1.0,0.0,1.0,1763.0
2014-09-11 08:24:18+00:00,279.75,0.0,0.0,0.0,0.0
2014-09-11 08:24:24+00:00,230.53666666666666,1.0,0.0,1.0,193.0
2014-09-11 08:24:30+00:00,488.965,1.0,0.0,1.0,259.0
2014-09-11 08:24:36+00:00,166.36166666666665,1.0,0.0,0.0,60.0
2014-09-11 08:24:42+00:00,424.96166666666664,0.0,0.0,1.0,0.0
2014-09-11 08:24:48+00:00,332.6933333333333,1.0,0.0,1.0,257.0
2014-09-11 08:24:54+00:00,247.70166666666668,1.0,0.0,1.0,248.0
2014-09-11 08:25:00+00:00,487.52500000000003,1.0,0.0,1.0,262.0
2014-09-11 08:25:06+00:00,167.365,1.0,0.0,1.0,233.0
2014-09-11 08:25:12+00:00,431.9216666666666,1.0,0.0,0.0,2.0
2014-09-11 08:25:18+00:00,331.08166666666665,1.0,0.0,1.0,239.0
2014-09-11 08:25:24+00:00,251.94500000000002,1.0,0.0,1.0,2.0
2014-09-11 08:25:30+00:00,496.29833333333335,1.0,0.0,1.0,248.0
2014-09-11 08:25:36+00:00,164.59666666666666,0.0,0.0,1.0,0.0
2014-09-11 08:25:42+00:00,434.15333333333336,0.0,0.0,1.0,254.0
2014-09-11 08:25:48+00:00,334.3283333333333,1.0,0.0,1.0,315.0
2014-09-11 08:25:54+00:00,257.9866666666667,1.0,0.0,1.0,248.0
2014-09-11 08:26:00+00:00,485.77,0.0,0.0,1.0,27.0
2014-09-11 08:26:06+00:00,159.04,1.0,0.0,1.0,239.0
2014-09-11 08:26:12+00:00,427.42833333333334,1.0,0.0,1.0,234.0
2014-09-11 08:26:18+00:00,328.27,1.0,0.0,0.0,251.0
2014-09-11 08:26:24+00:00,252.56166666666664,0.0,0.0,1.0,0.0
2014-09-11 08:26:30+00:00,482.00333333333333,1.0,0.0,1.0,2.0
2014-09-11 08:26:36+00:00,155.98166666666665,1.0,0.0,1.0,235.0
2014-09-11 08:26:42+00:00,433.42833333333334,1.0,0.0,1.0,3.0
2014-09-11 08:26:48+00:00,329.77500000000003,1.0,0.0,0.0,226.0
2014-09-11 08:26:54+00:00,254.84166666666667,1.0,0.0,1.0,2.0
2014-09-11 08:27:00+00:00,494.6666666666667,1.0,0.0,1.0,252.0
2014-09-11 08:27:06+00:00,156.415,1.0,0.0,1.0,259.0
2014-09-11 08:27:12+00:00,444.8333333333333,1.0,0.0,1.0,168.0
2014-09-11 08:27:18+00:00,331.46666666666664,1.0,0.0,1.0,240.0
2014-09-11 08:27:24+00:00,258.30833333333334,1.0,0.0,1.0,0.0
2014-09-11 08:27:30+00:00,493.7916666666667,0.0,0.0,1.0,2.0
2014-09-11 08:27:36+00:00,156.41333333333333,1.0,0.0,1.0,245.0
2014-09-11 08:27:42+00:00,449.93833333333333,1.0,0.0,1.0,31.0
2014-09-11 08:27:48+00:00,337.15333333333336,1.0,0.0,0.0,0.0
2014-09-11 08:27:54+00:00,263.2583333333334,0.0,0.0,1.0,257.0
2014-09-11 08:28:00+00:00,496.77666666666664,1.0,0.0,1.0,68.0
2014-09-11 08:28:06+00:00,157.22833333333332,1.0,0.0,1.0,280.0
2014-09-11 08:28:12+00:00,450.40166666666664,1.0,0.0,0.0,34.0
2014-09-11 08:28:18+00:00,331.6716666666667,1.0,0.0,1.0,0.0
2014-09-11 08:28:24+00:00,262.3,0.0,0.0,1.0,257.0
2014-09-11 08:28:30+00:00,498.1466666666667,1.0,0.0,1.0,187.0
2014-09-11 08:28:36+00:00,367.53,1.0,0.0,1.0,227.0
2014-09-11 08:28:42+00:00,2456.278333333333,1.0,251.0,0.0,1528.0
2014-09-11 08:28:48+00:00,2449.8083333333334,1.0,246.0,1.0,2035.0
2014-09-11 08:28:54+00:00,2364.745,1.0,247.0,1.0,0.0
2014-09-11 08:29:00+00:00,2590.298333333333,1.0,247.0,1.0,0.0
2014-09-11 08:29:06+00:00,2262.7083333333335,1.0,246.0,1.0,2042.0
2014-09-11 08:29:12+00:00,2511.3316666666665,1.0,247.0,1.0,1774.0
2014-09-11 08:29:18+00:00,2412.485,1.0,246.0,1.0,1810.0
2014-09-11 08:29:24+00:00,2345.6133333333332,0.0,245.0,1.0,1999.0
2014-09-11 08:29:30+00:00,2560.903333333333,1.0,246.0,1.0,1755.0
2014-09-11 08:29:36+00:00,2248.5416666666665,0.0,246.0,1.0,1992.0
2014-09-11 08:29:42+00:00,2503.4516666666664,1.0,246.0,1.0,1766.0
2014-09-11 08:29:48+00:00,2404.2366666666667,1.0,0.0,1.0,1981.0
2014-09-11 08:29:54+00:00,2335.103333333333,1.0,244.0,1.0,1765.0
2014-09-11 08:30:00+00:00,2559.085,1.0,246.0,1.0,1992.0
2014-09-11 08:30:06+00:00,2251.5466666666666,1.0,245.0,1.0,1993.0
2014-09-11 08:30:12+00:00,2503.545,1.0,247.0,1.0,1773.0
2014-09-11 08:30:18+00:00,2406.4500000000003,1.0,258.0,1.0,0.0
2014-09-11 08:30:24+00:00,2335.3433333333332,1.0,246.0,1.0,1765.0
2014-09-11 08:30:30+00:00,2549.463333333333,1.0,246.0,1.0,2006.0
2014-09-11 08:30:36+00:00,2246.0383333333334,1.0,245.0,1.0,1999.0
2014-09-11 08:30:42+00:00,2493.88,1.0,246.0,1.0,1759.0
2014-09-11 08:30:48+00:00,2400.0,1.0,245.0,1.0,2007.0
2014-09-11 08:30:54+00:00,2353.8166666666666,1.0,246.0,1.0,1776.0
2014-09-11 08:31:00+00:00,2572.273333333333,1.0,247.0,0.0,2026.0
2014-09-11 08:31:06+00:00,2261.4816666666666,1.0,247.0,1.0,1769.0
2014-09-11 08:31:12+00:00,2504.3583333333336,0.0,247.0,1.0,0.0
2014-09-11 08:31:18+00:00,2417.4083333333333,1.0,0.0,1.0,2017.0
2014-09-11 08:31:24+00:00,2348.8650000000002,1.0,247.0,1.0,1789.0
2014-09-11 08:31:30+00:00,2540.9683333333337,1.0,248.0,1.0,2027.0
2014-09-11 08:31:36+00:00,2235.398333333333,1.0,244.0,1.0,1987.0
2014-09-11 08:31:42+00:00,2498.2450000000003,1.0,245.0,0.0,1745.0
2014-09-11 08:31:48+00:00,2394.9116666666664,1.0,245.0,1.0,1999.0
2014-09-11 08:31:54+00:00,2321.8733333333334,1.0,244.0,0.0,1748.0
2014-09-11 08:32:00+00:00,2536.485,1.0,245.0,0.0,2039.0
2014-09-11 08:32:06+00:00,2232.3033333333333,1.0,244.0,1.0,1770.0
2014-09-11 08:32:12+00:00,2483.0366666666664,1.0,244.0,1.0,1929.0
2014-09-11 08:32:18+00:00,2397.016666666667,1.0,244.0,1.0,1969.0
2014-09-11 08:32:24+00:00,2324.5616666666665,1.0,245.0,1.0,1748.0
2014-09-11 08:32:30+00:00,2541.045,1.0,245.0,1.0,0.0
2014-09-11 08:32:36+00:00,2243.5533333333333,1.0,245.0,1.0,1944.0
2014-09-11 08:32:42+00:00,2495.2933333333335,1.0,246.0,1.0,1767.0
2014-09-11 08:32:48+00:00,2417.8633333333332,0.0,247.0,1.0,2003.0
2014-09-11 08:32:54+00:00,2353.688333333333,1.0,0.0,1.0,1976.0
2014-09-11 08:33:00+00:00,2576.0983333333334,1.0,248.0,1.0,2036.0
2014-09-11 08:33:06+00:00,2263.688333333333,1.0,247.0,1.0,1995.0
2014-09-11 08:33:12+00:00,2509.6216666666664,1.0,248.0,0.0,1765.0
2014-09-11 08:33:18+00:00,2408.278333333333,1.0,247.0,1.0,2010.0
2014-09-11 08:33:24+00:00,2351.36,1.0,247.0,0.0,1765.0
2014-09-11 08:33:30+00:00,2547.936666666667,1.0,245.0,1.0,2017.0
2014-09-11 08:33:36+00:00,2248.6833333333334,1.0,245.0,1.0,1759.0
2014-09-11 08:33:42+00:00,2514.558333333333,1.0,247.0,1.0,0.0
2014-09-11 08:33:48+00:00,2419.616666666667,1.0,246.0,1.0,1779.0
2014-09-11 08:33:54+00:00,2351.6833333333334,1.0,248.0,1.0,2002.0
2014-09-11 08:34:00+00:00,2571.838333333333,1.0,245.0,1.0,1780.0
2014-09-11 08:34:06+00:00,2248.646666666667,0.0,0.0,1.0,1987.0
2014-09-11 08:34:12+00:00,2513.366666666667,1.0,247.0,1.0,1758.0
2014-09-11 08:34:18+00:00,2400.693333333333,1.0,246.0,1.0,1968.0
2014-09-11 08:34:24+00:00,2349.5483333333336,1.0,246.0,1.0,1779.0
2014-09-11 08:34:30+00:00,2553.221666666667,1.0,247.0,1.0,2009.0
2014-09-11 08:34:36+00:00,2228.3733333333334,1.0,245.0,1.0,1767.0
2014-09-11 08:34:42+00:00,2496.3033333333333,1.0,245.0,0.0,1752.0
2014-09-11 08:34:48+00:00,2397.1883333333335,1.0,246.0,1.0,1963.0
2014-09-11 08:34:54+00:00,2351.215,1.0,246.0,1.0,1759.0
2014-09-11 08:35:00+00:00,2560.463333333333,1.0,247.0,1.0,2004.0
2014-09-11 08:35:06+00:00,2242.4249999999997,1.0,246.0,1.0,1773.0
2014-09-11 08:35:12+00:00,2507.891666666667,1.0,247.0,1.0,2013.0
2014-09-11 08:35:18+00:00,2403.3616666666667,0.0,246.0,1.0,0.0
2014-09-11 08:35:24+00:00,2350.3933333333334,1.0,246.0,1.0,1824.0
2014-09-11 08:35:30+00:00,2556.568333333333,1.0,246.0,1.0,1884.0
2014-09-11 08:35:36+00:00,2244.13,1.0,0.0,1.0,1975.0
2014-09-11 08:35:42+00:00,2516.3733333333334,1.0,247.0,1.0,1763.0
2014-09-11 08:35:48+00:00,2404.2166666666667,1.0,247.0,1.0,2001.0
2014-09-11 08:35:54+00:00,2364.161666666667,1.0,247.0,1.0,1768.0
2014-09-11 08:36:00+00:00,2573.8483333333334,1.0,248.0,1.0,1974.0
2014-09-11 08:36:06+00:00,2251.6266666666666,1.0,247.0,1.0,2020.0
2014-09-11 08:36:12+00:00,2524.4816666666666,1.0,248.0,1.0,1790.0
2014-09-11 08:36:18+00:00,2402.7916666666665,1.0,247.0,0.0,0.0
2014-09-11 08:36:24+00:00,2357.52,1.0,249.0,1.0,1987.0
2014-09-11 08:36:30+00:00,2559.2816666666668,1.0,246.0,1.0,1760.0
2014-09-11 08:36:36+00:00,2249.81,0.0,0.0,1.0,2022.0
2014-09-11 08:36:42+00:00,2521.1766666666667,1.0,249.0,1.0,1763.0
2014-09-11 08:36:48+00:00,2394.8783333333336,1.0,246.0,1.0,2002.0
2014-09-11 08:36:54+00:00,2348.1716666666666,1.0,246.0,1.0,1758.0
2014-09-11 08:37:00+00:00,2553.44,1.0,246.0,1.0,1993.0
2014-09-11 08:37:06+00:00,2231.02,1.0,245.0,1.0,1773.0
2014-09-11 08:37:12+00:00,2509.38,1.0,246.0,1.0,1767.0
2014-09-11 08:37:18+00:00,2379.3650000000002,1.0,245.0,0.0,0.0
2014-09-11 08:37:24+00:00,2350.9816666666666,1.0,246.0,1.0,1969.0
2014-09-11 08:37:30+00:00,2438.9683333333332,1.0,245.0,1.0,1757.0
2014-09-11 08:37:36+00:00,402.825,1.0,245.0,1.0,2006.0
2014-09-11 08:37:42+00:00,684.8116666666666,0.0,249.0,1.0,1981.0
2014-09-11 08:37:48+00:00,565.5233333333333,1.0,249.0,1.0,270.0
2014-09-11 08:37:54+00:00,529.7216666666667,1.0,252.0,1.0,2.0
2014-09-11 08:38:00+00:00,745.945,1.0,0.0,1.0,141.0
2014-09-11 08:38:06+00:00,404.43333333333334,1.0,250.0,1.0,252.0
2014-09-11 08:38:12+00:00,703.5916666666667,1.0,251.0,0.0,2.0
2014-09-11 08:38:18+00:00,560.4316666666667,1.0,250.0,1.0,225.0
2014-09-11 08:38:24+00:00,529.9016666666666,0.0,250.0,1.0,0.0
2014-09-11 08:38:30+00:00,742.3183333333333,1.0,250.0,1.0,260.0
2014-09-11 08:38:36+00:00,404.68333333333334,1.0,0.0,1.0,257.0
2014-09-11 08:38:42+00:00,702.3033333333333,1.0,251.0,0.0,61.0
2014-09-11 08:38:48+00:00,564.8283333333334,1.0,251.0,1.0,242.0
2014-09-11 08:38:54+00:00,535.73,1.0,252.0,1.0,242.0
2014-09-11 08:39:00+00:00,727.4899999999999,0.0,251.0,1.0,0.0
2014-09-11 08:39:06+00:00,401.83666666666664,1.0,251.0,1.0,198.0
2014-09-11 08:39:12+00:00,708.4516666666667,1.0,250.0,1.0,3.0
2014-09-11 08:39:18+00:00,563.6666666666666,1.0,0.0,1.0,226.0
2014-09-11 08:39:24+00:00,535.2533333333333,1.0,251.0,1.0,244.0
2014-09-11 08:39:30+00:00,722.9616666666666,1.0,251.0,0.0,0.0
2014-09-11 08:39:36+00:00,404.2483333333333,1.0,250.0,1.0,202.0
2014-09-11 08:39:42+00:00,704.7266666666666,0.0,0.0,1.0,2.0
2014-09-11 08:39:48+00:00,560.2800000000001,1.0,249.0,1.0,248.0
2014-09-11 08:39:54+00:00,538.7033333333333,1.0,251.0,1.0,238.0
2014-09-11 08:40:00+00:00,721.9666666666667,1.0,251.0,1.0,285.0
2014-09-11 08:40:06+00:00,224.57000000000002,1.0,251.0,1.0,246.0
2014-09-11 08:40:12+00:00,453.7266666666667,1.0,251.0,1.0,36.0
2014-09-11 08:40:18+00:00,300.36833333333334,1.0,0.0,0.0,0.0
2014-09-11 08:40:24+00:00,283.61999999999995,1.0,0.0,1.0,255.0
2014-09-11 08:40:30+00:00,471.3933333333334,1.0,0.0,1.0,28.0
2014-09-11 08:40:36+00:00,147.53666666666666,1.0,0.0,1.0,241.0
2014-09-11 08:40:42+00:00,457.93,1.0,0.0,1.0,2.0
2014-09-11 08:40:48+00:00,300.1566666666667,1.0,0.0,1.0,305.0
2014-09-11 08:40:54+00:00,286.35833333333335,1.0,0.0,1.0,239.0
2014-09-11 08:41:00+00:00,465.42333333333335,0.0,0.0,1.0,2.0
2014-09-11 08:41:06+00:00,147.61333333333332,1.0,0.0,1.0,125.0
2014-09-11 08:41:12+00:00,462.455,1.0,0.0,1.0,109.0
2014-09-11 08:41:18+00:00,300.58666666666664,1.0,0.0,1.0,255.0
2014-09-11 08:41:24+00:00,284.83666666666664,1.0,0.0,1.0,2.0
2014-09-11 08:41:30+00:00,468.28999999999996,1.0,0.0,1.0,241.0
2014-09-11 08:41:36+00:00,146.625,1.0,0.0,0.0,0.0
2014-09-11 08:41:42+00:00,460.03999999999996,1.0,0.0,1.0,250.0
2014-09-11 08:41:48+00:00,293.14166666666665,0.0,0.0,1.0,233.0
2014-09-11 08:41:54+00:00,288.39000000000004,1.0,0.0,1.0,224.0
2014-09-11 08:42:00+00:00,468.065,1.0,0.0,1.0,253.0
2014-09-11 08:42:06+00:00,147.23166666666665,1.0,0.0,1.0,277.0
2014-09-11 08:42:12+00:00,455.3883333333333,1.0,0.0,1.0,2.0
2014-09-11 08:42:18+00:00,303.49666666666667,1.0,0.0,1.0,222.0
2014-09-11 08:42:24+00:00,288.185,1.0,0.0,0.0,0.0
2014-09-11 08:42:30+00:00,459.6983333333333,0.0,0.0,1.0,3.0
2014-09-11 08:42:36+00:00,147.26333333333335,1.0,0.0,1.0,231.0
2014-09-11 08:42:42+00:00,457.0516666666667,1.0,0.0,1.0,35.0
2014-09-11 08:42:48+00:00,298.855,1.0,0.0,1.0,245.0
2014-09-11 08:42:54+00:00,1318.3799999999999,1.0,0.0,1.0,233.0
2014-09-11 08:43:00+00:00,2328.2233333333334,1.0,0.0,1.0,2010.0
2014-09-11 08:43:06+00:00,2021.365,1.0,0.0,1.0,2018.0
2014-09-11 08:43:12+00:00,2289.2766666666666,1.0,0.0,1.0,1807.0
2014-09-11 08:43:18+00:00,2136.66,1.0,0.0,1.0,2013.0
2014-09-11 08:43:24+00:00,2129.7433333333333,1.0,0.0,1.0,1784.0
2014-09-11 08:43:30+00:00,2292.11,1.0,0.0,0.0,0.0
2014-09-11 08:43:36+00:00,1989.615,1.0,0.0,1.0,1999.0
2014-09-11 08:43:42+00:00,2274.65,1.0,0.0,1.0,1770.0
2014-09-11 08:43:48+00:00,2126.345,0.0,0.0,1.0,2009.0
2014-09-11 08:43:54+00:00,2117.375,1.0,0.0,1.0,1757.0
2014-09-11 08:44:00+00:00,2279.465,1.0,0.0,1.0,1756.0
2014-09-11 08:44:06+00:00,1985.4116666666666,1.0,0.0,1.0,1986.0
2014-09-11 08:44:12+00:00,2283.6566666666668,1.0,0.0,1.0,1760.0
2014-09-11 08:44:18+00:00,2121.4466666666667,1.0,0.0,1.0,1991.0
2014-09-11 08:44:24+00:00,2113.4816666666666,1.0,0.0,1.0,1777.0
2014-09-11 08:44:30+00:00,2268.385,1.0,0.0,1.0,1784.0
2014-09-11 08:44:36+00:00,1974.7183333333332,1.0,0.0,1.0,1756.0
2014-09-11 08:44:42+00:00,2270.0016666666666,1.0,0.0,1.0,1765.0
2014-09-11 08:44:48+00:00,2115.415,1.0,0.0,0.0,0.0
2014-09-11 08:44:54+00:00,2110.6383333333333,1.0,0.0,1.0,1851.0
2014-09-11 08:45:00+00:00,2280.02,0.0,0.0,1.0,1837.0
2014-09-11 08:45:06+00:00,1989.4466666666667,1.0,0.0,1.0,2007.0
2014-09-11 08:45:12+00:00,2292.7633333333333,0.0,0.0,1.0,1760.0
2014-09-11 08:45:18+00:00,2126.4616666666666,1.0,0.0,1.0,1982.0
2014-09-11 08:45:24+00:00,2114.2433333333333,1.0,0.0,1.0,1768.0
2014-09-11 08:45:30+00:00,2268.8966666666665,1.0,0.0,1.0,1956.0
2014-09-11 08:45:36+00:00,1981.1466666666665,1.0,0.0,1.0,2002.0
2014-09-11 08:45:42+00:00,2273.451666666667,1.0,0.0,1.0,1760.0
2014-09-11 08:45:48+00:00,2097.6228571428574,1.0,0.0,1.0,1995.0
2014-09-11 08:45:54+00:00,2141.218,1.0,0.0,1.0,1777.0
2014-09-11 08:46:00+00:00,2210.9342857142856,1.0,0.0,1.0,2022.0
2014-09-11 08:46:06+00:00,1974.8080000000002,1.0,0.0,1.0,1820.0
2014-09-11 08:46:12+00:00,2265.19,1.0,0.0,1.0,1752.0
2014-09-11 08:46:18+00:00,2062.97,1.0,0.0,1.0,1932.0
2014-09-11 08:46:24+00:00,2170.9116666666664,1.0,0.0,0.0,0.0
2014-09-11 08:46:30+00:00,2214.516666666667,1.0,0.0,1.0,1774.0
2014-09-11 08:46:36+00:00,1984.1266666666668,1.0,0.0,1.0,1969.0
2014-09-11 08:46:42+00:00,2293.1683333333335,1.0,0.0,1.0,1750.0
2014-09-11 08:46:48+00:00,2048.9183333333335,1.0,0.0,1.0,1969.0
2014-09-11 08:46:54+00:00,2169.0716666666667,0.0,0.0,1.0,1973.0
2014-09-11 08:47:00+00:00,2221.7583333333337,1.0,0.0,1.0,1780.0
2014-09-11 08:47:06+00:00,2000.2933333333333,1.0,0.0,1.0,2005.0
2014-09-11 08:47:12+00:00,2310.41,1.0,0.0,1.0,1762.0
2014-09-11 08:47:18+00:00,2046.58,1.0,0.0,1.0,1984.0
2014-09-11 08:47:24+00:00,2152.391666666667,1.0,0.0,1.0,1741.0
2014-09-11 08:47:30+00:00,2215.095,1.0,0.0,1.0,1997.0
2014-09-11 08:47:36+00:00,1997.3033333333333,1.0,0.0,1.0,1753.0
2014-09-11 08:47:42+00:00,2303.2133333333336,1.0,0.0,1.0,1754.0
2014-09-11 08:47:48+00:00,2045.0199999999998,1.0,0.0,0.0,0.0
2014-09-11 08:47:54+00:00,2150.04,1.0,0.0,1.0,1752.0
2014-09-11 08:48:00+00:00,2202.665,1.0,0.0,1.0,1946.0
2014-09-11 08:48:06+00:00,1982.5266666666666,0.0,0.0,1.0,1958.0
2014-09-11 08:48:12+00:00,2306.525,1.0,0.0,1.0,1758.0
2014-09-11 08:48:18+00:00,2068.4616666666666,1.0,0.0,1.0,1987.0
2014-09-11 08:48:24+00:00,2169.595,1.0,0.0,1.0,1777.0
2014-09-11 08:48:30+00:00,2215.8633333333332,1.0,0.0,1.0,1980.0
2014-09-11 08:48:36+00:00,1991.6583333333335,1.0,0.0,0.0,1763.0
2014-09-11 08:48:42+00:00,2312.258333333333,1.0,0.0,1.0,1850.0
2014-09-11 08:48:48+00:00,2056.5099999999998,1.0,0.0,1.0,1995.0
2014-09-11 08:48:54+00:00,2176.315,1.0,0.0,1.0,1770.0
2014-09-11 08:49:00+00:00,2223.5099999999998,1.0,0.0,1.0,1990.0
2014-09-11 08:49:06+00:00,2000.7966666666669,1.0,0.0,1.0,1771.0
2014-09-11 08:49:12+00:00,2295.92,1.0,0.0,1.0,1937.0
2014-09-11 08:49:18+00:00,2035.5600000000002,1.0,0.0,1.0,1974.0
2014-09-11 08:49:24+00:00,2158.485,1.0,0.0,1.0,0.0
2014-09-11 08:49:30+00:00,2212.8883333333333,1.0,0.0,1.0,1779.0
2014-09-11 08:49:36+00:00,2006.1916666666666,1.0,0.0,1.0,1947.0
2014-09-11 08:49:42+00:00,2310.9733333333334,1.0,0.0,1.0,1758.0
2014-09-11 08:49:48+00:00,2046.4800000000002,0.0,0.0,1.0,2000.0
2014-09-11 08:49:54+00:00,2150.3016666666667,1.0,0.0,1.0,1767.0
2014-09-11 08:50:00+00:00,2202.403333333333,1.0,0.0,1.0,1842.0
2014-09-11 08:50:06+00:00,1991.3100000000002,1.0,0.0,1.0,1980.0
2014-09-11 08:50:12+00:00,2318.3233333333333,1.0,0.0,1.0,1756.0
2014-09-11 08:50:18+00:00,2064.91,1.0,0.0,1.0,1984.0
2014-09-11 08:50:24+00:00,2171.0383333333334,1.0,0.0,1.0,1759.0
2014-09-11 08:50:30+00:00,2194.06,1.0,0.0,0.0,1980.0
2014-09-11 08:50:36+00:00,1995.4950000000001,1.0,0.0,1.0,1744.0
2014-09-11 08:50:42+00:00,2298.98,1.0,0.0,1.0,1782.0
2014-09-11 08:50:48+00:00,2048.48,1.0,0.0,1.0,1993.0
2014-09-11 08:50:54+00:00,2170.2583333333337,0.0,0.0,1.0,0.0
2014-09-11 08:51:00+00:00,2215.9966666666664,1.0,0.0,1.0,1986.0
2014-09-11 08:51:06+00:00,1998.2383333333335,1.0,0.0,1.0,2002.0
2014-09-11 08:51:12+00:00,2284.47,1.0,0.0,1.0,1764.0
2014-09-11 08:51:18+00:00,2034.341666666667,1.0,0.0,1.0,1946.0
2014-09-11 08:51:24+00:00,2158.82,1.0,0.0,1.0,1746.0
2014-09-11 08:51:30+00:00,2190.33,1.0,0.0,1.0,1981.0
2014-09-11 08:51:36+00:00,1992.7966666666669,1.0,0.0,1.0,1757.0
2014-09-11 08:51:42+00:00,2303.2599999999998,1.0,0.0,1.0,1757.0
2014-09-11 08:51:48+00:00,2049.2966666666666,1.0,0.0,1.0,1972.0
2014-09-11 08:51:54+00:00,2177.2966666666666,1.0,0.0,1.0,1767.0
2014-09-11 08:52:00+00:00,2220.69,1.0,0.0,0.0,0.0
2014-09-11 08:52:06+00:00,1998.7450000000001,1.0,0.0,1.0,1988.0
2014-09-11 08:52:12+00:00,2304.1366666666668,1.0,0.0,1.0,1756.0
2014-09-11 08:52:18+00:00,2027.9983333333332,1.0,0.0,1.0,1985.0
2014-09-11 08:52:24+00:00,2173.15,0.0,0.0,1.0,1754.0
2014-09-11 08:52:30+00:00,2202.648333333333,1.0,0.0,1.0,1851.0
2014-09-11 08:52:36+00:00,2002.0966666666666,0.0,0.0,1.0,1974.0
2014-09-11 08:52:42+00:00,2292.133333333333,1.0,0.0,1.0,1762.0
2014-09-11 08:52:48+00:00,2022.5133333333333,1.0,0.0,1.0,1955.0
2014-09-11 08:52:54+00:00,2161.778333333333,1.0,0.0,1.0,1741.0
2014-09-11 08:53:00+00:00,2209.2133333333336,1.0,0.0,1.0,1984.0
2014-09-11 08:53:06+00:00,1999.2916666666667,1.0,0.0,0.0,1759.0
2014-09-11 08:53:12+00:00,2294.9366666666665,1.0,0.0,1.0,2010.0
2014-09-11 08:53:18+00:00,2026.9566666666667,1.0,0.0,1.0,1964.0
2014-09-11 08:53:24+00:00,2175.0833333333335,1.0,0.0,1.0,1757.0
2014-09-11 08:53:30+00:00,2216.096666666667,1.0,0.0,1.0,1991.0
2014-09-11 08:53:36+00:00,2008.426666666667,1.0,0.0,1.0,0.0
2014-09-11 08:53:42+00:00,2310.625,1.0,0.0,1.0,1764.0
2014-09-11 08:53:48+00:00,2037.0049999999999,0.0,0.0,1.0,2011.0
2014-09-11 08:53:54+00:00,2193.258333333333,1.0,0.0,1.0,1751.0
2014-09-11 08:54:00+00:00,2215.04,1.0,0.0,1.0,2006.0
2014-09-11 08:54:06+00:00,2014.5916666666665,1.0,0.0,1.0,1754.0
2014-09-11 08:54:12+00:00,2313.741666666667,1.0,0.0,1.0,1750.0
2014-09-11 08:54:18+00:00,2342.646666666667,1.0,0.0,1.0,1994.0
2014-09-11 08:54:24+00:00,2355.2866666666664,1.0,296.0,1.0,1760.0
2014-09-11 08:54:30+00:00,2341.516666666667,1.0,148.0,1.0,2040.0
2014-09-11 08:54:36+00:00,2140.1749999999997,1.0,136.0,1.0,1759.0
2014-09-11 08:54:42+00:00,2415.56,1.0,125.0,0.0,2013.0
2014-09-11 08:54:48+00:00,2144.995,1.0,109.0,1.0,1774.0
2014-09-11 08:54:54+00:00,2298.43,0.0,97.0,1.0,0.0
2014-09-11 08:55:00+00:00,2287.835,1.0,95.0,1.0,1969.0
2014-09-11 08:55:06+00:00,2116.0266666666666,1.0,94.0,1.0,1954.0
2014-09-11 08:55:12+00:00,2408.1383333333333,1.0,0.0,1.0,1781.0
2014-09-11 08:55:18+00:00,2136.8866666666668,1.0,99.0,1.0,1982.0
2014-09-11 08:55:24+00:00,2285.52,1.0,102.0,1.0,1755.0
2014-09-11 08:55:30+00:00,2275.48,1.0,94.0,0.0,1982.0
2014-09-11 08:55:36+00:00,2102.188333333333,1.0,88.0,1.0,1748.0
2014-09-11 08:55:42+00:00,2375.096666666667,1.0,86.0,1.0,1985.0
2014-09-11 08:55:48+00:00,2092.61,1.0,85.0,1.0,1949.0
2014-09-11 08:55:54+00:00,2251.21,1.0,84.0,1.0,0.0
2014-09-11 08:56:00+00:00,2248.7983333333336,1.0,84.0,1.0,1737.0
2014-09-11 08:56:06+00:00,2074.9116666666664,1.0,84.0,1.0,1941.0
2014-09-11 08:56:12+00:00,2363.1066666666666,0.0,84.0,1.0,1738.0
2014-09-11 08:56:18+00:00,2087.798333333333,1.0,85.0,1.0,1978.0
2014-09-11 08:56:24+00:00,2254.7549999999997,1.0,85.0,1.0,1737.0
2014-09-11 08:56:30+00:00,2263.9266666666667,1.0,84.0,1.0,2028.0
2014-09-11 08:56:36+00:00,2088.9083333333333,1.0,0.0,1.0,1973.0
2014-09-11 08:56:42+00:00,2369.8566666666666,1.0,84.0,1.0,3962.0
2014-09-11 08:56:48+00:00,2098.9266666666667,1.0,84.0,1.0,1958.0
2014-09-11 08:56:54+00:00,2269.0616666666665,1.0,84.0,1.0,1757.0
2014-09-11 08:57:00+00:00,2268.8716666666664,1.0,84.0,0.0,0.0
2014-09-11 08:57:06+00:00,2089.3366666666666,0.0,84.0,1.0,1995.0
2014-09-11 08:57:12+00:00,2388.568333333333,1.0,0.0,1.0,1745.0
2014-09-11 08:57:18+00:00,2097.2366666666667,1.0,84.0,0.0,1752.0
2014-09-11 08:57:24+00:00,2271.815,1.0,88.0,1.0,1736.0
2014-09-11 08:57:30+00:00,2264.818333333333,1.0,88.0,1.0,1963.0
2014-09-11 08:57:36+00:00,2105.846666666667,0.0,88.0,1.0,0.0
2014-09-11 08:57:42+00:00,2363.103333333333,1.0,88.0,1.0,1771.0
2014-09-11 08:57:48+00:00,2096.355,1.0,0.0,1.0,1957.0
2014-09-11 08:57:54+00:00,2255.82,1.0,88.0,1.0,1750.0
2014-09-11 08:58:00+00:00,2261.095,1.0,87.0,1.0,1961.0
2014-09-11 08:58:06+00:00,2090.545,1.0,87.0,1.0,1816.0
2014-09-11 08:58:12+00:00,2360.383333333333,1.0,87.0,0.0,1976.0
2014-09-11 08:58:18+00:00,2081.63,1.0,87.0,1.0,1963.0
2014-09-11 08:58:24+00:00,2257.0099999999998,0.0,88.0,1.0,0.0
2014-09-11 08:58:30+00:00,2253.4166666666665,1.0,87.0,1.0,1998.0
2014-09-11 08:58:36+00:00,2104.465,1.0,87.0,1.0,1753.0
2014-09-11 08:58:42+00:00,2384.221666666667,1.0,87.0,1.0,1742.0
2014-09-11 08:58:48+00:00,2103.005,1.0,0.0,1.0,1964.0
2014-09-11 08:58:54+00:00,2266.976666666667,1.0,87.0,1.0,1740.0
2014-09-11 08:59:00+00:00,2266.7466666666664,1.0,87.0,1.0,1980.0
2014-09-11 08:59:06+00:00,2099.5516666666667,1.0,88.0,1.0,1753.0
2014-09-11 08:59:12+00:00,2378.655,1.0,86.0,1.0,2023.0
2014-09-11 08:59:18+00:00,2089.0316666666663,1.0,87.0,0.0,1797.0
2014-09-11 08:59:24+00:00,2257.8083333333334,0.0,87.0,1.0,0.0
2014-09-11 08:59:30+00:00,2257.596666666667,1.0,87.0,1.0,1958.0
2014-09-11 08:59:36+00:00,2093.4133333333334,1.0,0.0,1.0,1979.0
2014-09-11 08:59:42+00:00,2372.025,1.0,87.0,0.0,1970.0
2014-09-11 08:59:48+00:00,2097.4466666666667,1.0,87.0,1.0,1745.0
2014-09-11 08:59:54+00:00,2273.811666666667,1.0,88.0,1.0,1922.0
2014-09-11 09:00:00+00:00,2246.2683333333334,1.0,87.0,1.0,0.0
2014-09-11 09:00:06+00:00,2098.1583333333333,1.0,87.0,1.0,1985.0
2014-09-11 09:00:12+00:00,2373.85,1.0,88.0,1.0,1731.0
2014-09-11 09:00:18+00:00,2100.883333333333,1.0,87.0,1.0,1969.0
2014-09-11 09:00:24+00:00,2298.085,1.0,87.0,1.0,1742.0
2014-09-11 09:00:30+00:00,2290.9666666666667,0.0,0.0,1.0,2018.0
2014-09-11 09:00:36+00:00,2139.391666666667,1.0,87.0,1.0,1838.0
2014-09-11 09:00:42+00:00,2404.7683333333334,1.0,87.0,1.0,1888.0
2014-09-11 09:00:48+00:00,2111.8883333333333,1.0,86.0,1.0,2011.0
2014-09-11 09:00:54+00:00,2299.975,1.0,87.0,0.0,0.0
2014-09-11 09:01:00+00:00,2292.7466666666664,1.0,87.0,1.0,1750.0
2014-09-11 09:01:06+00:00,2140.7283333333335,1.0,86.0,1.0,2002.0
2014-09-11 09:01:12+00:00,2409.2983333333336,1.0,86.0,1.0,1766.0
2014-09-11 09:01:18+00:00,2116.9933333333333,1.0,87.0,1.0,1987.0
2014-09-11 09:01:24+00:00,2300.6183333333333,1.0,87.0,1.0,1763.0
2014-09-11 09:01:30+00:00,2281.601666666667,1.0,87.0,1.0,1772.0
2014-09-11 09:01:36+00:00,2127.4,0.0,87.0,1.0,1997.0
2014-09-11 09:01:42+00:00,2385.595,1.0,86.0,1.0,1757.0
2014-09-11 09:01:48+00:00,2104.435,1.0,87.0,1.0,1977.0
2014-09-11 09:01:54+00:00,2295.185,1.0,87.0,1.0,1752.0
2014-09-11 09:02:00+00:00,2274.755,1.0,0.0,1.0,1984.0
2014-09-11 09:02:06+00:00,2123.068333333333,1.0,86.0,1.0,1747.0
2014-09-11 09:02:12+00:00,2374.7966666666666,1.0,86.0,0.0,1989.0
2014-09-11 09:02:18+00:00,2102.1283333333336,1.0,86.0,1.0,1742.0
2014-09-11 09:02:24+00:00,2291.6,1.0,87.0,1.0,1755.0
2014-09-11 09:02:30+00:00,2267.3266666666664,1.0,86.0,1.0,1999.0
2014-09-11 09:02:36+00:00,2125.9283333333333,1.0,86.0,1.0,1765.0
2014-09-11 09:02:42+00:00,2398.1266666666666,0.0,86.0,1.0,0.0
2014-09-11 09:02:48+00:00,2100.665,1.0,87.0,1.0,1969.0
2014-09-11 09:02:54+00:00,2305.963333333333,1.0,86.0,1.0,1746.0
2014-09-11 09:03:00+00:00,2273.195,1.0,0.0,1.0,2038.0
2014-09-11 09:03:06+00:00,2110.786666666667,1.0,86.0,1.0,1739.0
2014-09-11 09:03:12+00:00,2381.3250000000003,1.0,86.0,0.0,0.0
2014-09-11 09:03:18+00:00,2082.9666666666667,1.0,86.0,1.0,1987.0
2014-09-11 09:03:24+00:00,2007.9116666666669,1.0,85.0,1.0,1725.0
2014-09-11 09:03:30+00:00,574.4916666666667,1.0,86.0,1.0,1992.0
2014-09-11 09:03:36+00:00,343.7283333333333,1.0,87.0,1.0,213.0
2014-09-11 09:03:42+00:00,429.4283333333333,0.0,0.0,1.0,259.0
2014-09-11 09:03:48+00:00,513.0983333333334,1.0,86.0,1.0,264.0
2014-09-11 09:03:54+00:00,245.8183333333333,1.0,86.0,1.0,262.0
2014-09-11 09:04:00+00:00,586.0600000000001,1.0,86.0,0.0,0.0
2014-09-11 09:04:06+00:00,336.9533333333333,1.0,86.0,1.0,247.0
2014-09-11 09:04:12+00:00,426.955,1.0,86.0,1.0,236.0
2014-09-11 09:04:18+00:00,517.5833333333334,1.0,86.0,1.0,0.0
2014-09-11 09:04:24+00:00,246.73166666666665,0.0,86.0,1.0,246.0
2014-09-11 09:04:30+00:00,585.8283333333333,1.0,0.0,1.0,2.0
2014-09-11 09:04:36+00:00,340.34166666666664,1.0,86.0,0.0,240.0
2014-09-11 09:04:42+00:00,422.59833333333336,1.0,86.0,1.0,0.0
2014-09-11 09:04:48+00:00,512.5416666666666,0.0,86.0,1.0,47.0
2014-09-11 09:04:54+00:00,246.02999999999997,1.0,0.0,1.0,248.0
2014-09-11 09:05:00+00:00,586.4966666666667,1.0,87.0,1.0,2.0
2014-09-11 09:05:06+00:00,334.8183333333333,1.0,86.0,1.0,253.0
2014-09-11 09:05:12+00:00,423.92833333333334,1.0,87.0,1.0,7.0
2014-09-11 09:05:18+00:00,514.6366666666667,1.0,87.0,1.0,262.0
2014-09-11 09:05:24+00:00,244.31499999999997,1.0,86.0,1.0,237.0
2014-09-11 09:05:30+00:00,581.905,1.0,86.0,0.0,0.0
2014-09-11 09:05:36+00:00,336.17833333333334,0.0,87.0,1.0,256.0
2014-09-11 09:05:42+00:00,425.31,1.0,0.0,1.0,220.0
2014-09-11 09:05:48+00:00,516.4016666666666,1.0,86.0,1.0,245.0
2014-09-11 09:05:54+00:00,244.67333333333332,1.0,86.0,1.0,255.0
2014-09-11 09:06:00+00:00,581.7099999999999,1.0,86.0,0.0,0.0
2014-09-11 09:06:06+00:00,341.02833333333336,1.0,86.0,1.0,263.0
2014-09-11 09:06:12+00:00,418.27500000000003,0.0,0.0,1.0,246.0
2014-09-11 09:06:18+00:00,505.70166666666665,1.0,86.0,1.0,290.0
2014-09-11 09:06:24+00:00,246.415,1.0,86.0,0.0,4.0
2014-09-11 09:06:30+00:00,574.32,1.0,87.0,1.0,129.0
2014-09-11 09:06:36+00:00,338.6116666666667,1.0,87.0,1.0,258.0
2014-09-11 09:06:42+00:00,419.7316666666666,1.0,87.0,1.0,3.0
2014-09-11 09:06:48+00:00,508.3233333333333,1.0,87.0,1.0,249.0
2014-09-11 09:06:54+00:00,245.82833333333335,0.0,86.0,1.0,0.0
2014-09-11 09:07:00+00:00,581.8149999999999,1.0,86.0,1.0,2.0
2014-09-11 09:07:06+00:00,336.1433333333334,1.0,86.0,1.0,252.0
2014-09-11 09:07:12+00:00,420.75,1.0,86.0,1.0,224.0
2014-09-11 09:07:18+00:00,513.235,1.0,86.0,1.0,242.0
2014-09-11 09:07:24+00:00,246.78666666666666,1.0,86.0,1.0,232.0
2014-09-11 09:07:30+00:00,583.5583333333333,1.0,0.0,1.0,2.0
2014-09-11 09:07:36+00:00,338.09666666666664,1.0,86.0,0.0,271.0
2014-09-11 09:07:42+00:00,426.1966666666667,1.0,86.0,1.0,6.0
2014-09-11 09:07:48+00:00,516.6533333333333,1.0,86.0,1.0,258.0
2014-09-11 09:07:54+00:00,245.80333333333337,1.0,86.0,1.0,0.0
2014-09-11 09:08:00+00:00,590.4783333333334,0.0,86.0,1.0,2.0
2014-09-11 09:08:06+00:00,338.99,1.0,86.0,1.0,241.0
2014-09-11 09:08:12+00:00,420.6566666666667,1.0,0.0,1.0,2.0
2014-09-11 09:08:18+00:00,514.6866666666666,1.0,86.0,1.0,257.0
2014-09-11 09:08:24+00:00,245.63666666666666,1.0,86.0,1.0,271.0
2014-09-11 09:08:30+00:00,589.4216666666666,1.0,86.0,0.0,0.0
2014-09-11 09:08:36+00:00,337.46666666666664,1.0,86.0,1.0,266.0
2014-09-11 09:08:42+00:00,427.3666666666666,0.0,0.0,1.0,270.0
2014-09-11 09:08:48+00:00,511.8416666666667,1.0,85.0,1.0,270.0
2014-09-11 09:08:54+00:00,247.25833333333333,1.0,86.0,0.0,3.0
2014-09-11 09:09:00+00:00,582.9866666666667,1.0,86.0,1.0,276.0
2014-09-11 09:09:06+00:00,333.875,1.0,85.0,1.0,233.0
2014-09-11 09:09:12+00:00,429.69166666666666,1.0,86.0,1.0,3.0
2014-09-11 09:09:18+00:00,517.3883333333333,1.0,86.0,1.0,0.0
2014-09-11 09:09:24+00:00,247.11,1.0,87.0,1.0,262.0
2014-09-11 09:09:30+00:00,588.88,1.0,86.0,1.0,262.0
2014-09-11 09:09:36+00:00,336.68833333333333,1.0,86.0,1.0,239.0
2014-09-11 09:09:42+00:00,429.94166666666666,1.0,86.0,1.0,239.0
2014-09-11 09:09:48+00:00,507.77833333333336,0.0,86.0,1.0,60.0
2014-09-11 09:09:54+00:00,249.78,1.0,0.0,1.0,240.0
2014-09-11 09:10:00+00:00,594.0933333333334,1.0,86.0,1.0,2.0
2014-09-11 09:10:06+00:00,332.7633333333333,1.0,86.0,1.0,233.0
2014-09-11 09:10:12+00:00,432.09666666666664,1.0,86.0,1.0,4.0
2014-09-11 09:10:18+00:00,505.7516666666667,1.0,87.0,0.0,0.0
2014-09-11 09:10:24+00:00,250.085,0.0,86.0,1.0,242.0
2014-09-11 09:10:30+00:00,590.885,1.0,0.0,1.0,217.0
2014-09-11 09:10:36+00:00,332.02833333333336,1.0,86.0,1.0,267.0
2014-09-11 09:10:42+00:00,433.8416666666667,1.0,86.0,1.0,31.0
2014-09-11 09:10:48+00:00,504.1433333333334,1.0,86.0,0.0,0.0
2014-09-11 09:10:54+00:00,252.22333333333336,0.0,87.0,1.0,250.0
2014-09-11 09:11:00+00:00,574.8483333333334,1.0,0.0,1.0,61.0
2014-09-11 09:11:06+00:00,328.715,1.0,122.0,1.0,247.0
2014-09-11 09:11:12+00:00,437.39833333333337,1.0,87.0,1.0,247.0
2014-09-11 09:11:18+00:00,507.16,1.0,86.0,1.0,263.0
2014-09-11 09:11:24+00:00,252.14000000000001,1.0,87.0,1.0,265.0
2014-09-11 09:11:30+00:00,581.5766666666667,1.0,86.0,0.0,0.0
2014-09-11 09:11:36+00:00,311.8014285714286,1.0,121.0,1.0,232.0
2014-09-11 09:11:42+00:00,479.454,0.0,86.0,1.0,239.0
2014-09-11 09:11:48+00:00,458.9057142857143,1.0,0.0,1.0,262.0
2014-09-11 09:11:54+00:00,306.90833333333336,1.0,87.0,1.0,235.0
2014-09-11 09:12:00+00:00,580.0566666666667,1.0,86.0,1.0,2.0
2014-09-11 09:12:06+00:00,271.715,1.0,86.0,1.0,231.0
2014-09-11 09:12:12+00:00,1369.032,1.0,86.0,0.0,65.0
2014-09-11 09:12:18+00:00,2551.297142857143,1.0,87.0,1.0,230.0
2014-09-11 09:12:24+00:00,2412.2400000000002,1.0,86.0,1.0,246.0
2014-09-11 09:12:30+00:00,2659.903333333333,1.0,86.0,1.0,269.0
2014-09-11 09:12:36+00:00,2382.3016666666667,1.0,86.0,1.0,230.0
2014-09-11 09:12:42+00:00,2594.07,1.0,87.0,1.0,163.0
2014-09-11 09:12:48+00:00,2541.3433333333337,1.0,87.0,1.0,0.0
2014-09-11 09:12:54+00:00,2436.2183333333332,1.0,87.0,1.0,249.0
2014-09-11 09:13:00+00:00,2654.895,1.0,86.0,1.0,2.0
2014-09-11 09:13:06+00:00,2364.1133333333332,1.0,86.0,1.0,260.0
2014-09-11 09:13:12+00:00,2574.8133333333335,0.0,0.0,1.0,235.0
2014-09-11 09:13:18+00:00,2528.4933333333333,1.0,87.0,1.0,246.0
2014-09-11 09:13:24+00:00,2406.11,1.0,87.0,0.0,258.0
2014-09-11 09:13:30+00:00,2664.3333333333335,1.0,87.0,1.0,87.0
2014-09-11 09:13:36+00:00,2345.0016666666666,1.0,87.0,1.0,249.0
2014-09-11 09:13:42+00:00,2571.515,1.0,87.0,1.0,2.0
2014-09-11 09:13:48+00:00,2512.0766666666664,1.0,87.0,1.0,227.0
2014-09-11 09:13:54+00:00,2384.3366666666666,1.0,87.0,1.0,2.0
2014-09-11 09:14:00+00:00,2640.665,1.0,86.0,0.0,0.0
2014-09-11 09:14:06+00:00,2319.015,0.0,86.0,1.0,246.0
2014-09-11 09:14:12+00:00,2534.3483333333334,1.0,0.0,1.0,239.0
2014-09-11 09:14:18+00:00,2480.0583333333334,1.0,87.0,0.0,246.0
2014-09-11 09:14:24+00:00,2371.91,1.0,87.0,1.0,238.0
2014-09-11 09:14:30+00:00,2597.6349999999998,1.0,87.0,0.0,0.0
2014-09-11 09:14:36+00:00,2301.62,1.0,87.0,1.0,236.0
2014-09-11 09:14:42+00:00,2515.3266666666664,0.0,86.0,1.0,246.0
2014-09-11 09:14:48+00:00,2451.8316666666665,1.0,87.0,1.0,240.0
2014-09-11 09:14:54+00:00,2353.6966666666667,1.0,87.0,1.0,235.0
2014-09-11 09:15:00+00:00,2588.58,1.0,0.0,1.0,2.0
2014-09-11 09:15:06+00:00,2299.8833333333337,1.0,87.0,0.0,237.0
2014-09-11 09:15:12+00:00,2520.095,1.0,87.0,1.0,2.0
2014-09-11 09:15:18+00:00,2464.5933333333332,1.0,87.0,0.0,223.0
2014-09-11 09:15:24+00:00,2348.5499999999997,1.0,87.0,1.0,0.0
2014-09-11 09:15:30+00:00,2618.7316666666666,1.0,87.0,1.0,2.0
2014-09-11 09:15:36+00:00,2297.9666666666667,1.0,87.0,1.0,258.0
2014-09-11 09:15:42+00:00,2534.548333333333,1.0,87.0,1.0,262.0
2014-09-11 09:15:48+00:00,2480.045,1.0,87.0,1.0,283.0
2014-09-11 09:15:54+00:00,2369.7033333333334,0.0,87.0,1.0,70.0
2014-09-11 09:16:00+00:00,2589.295,1.0,87.0,1.0,4.0
2014-09-11 09:16:06+00:00,2288.6349999999998,1.0,87.0,1.0,259.0
2014-09-11 09:16:12+00:00,2514.3416666666667,1.0,87.0,1.0,229.0
2014-09-11 09:16:18+00:00,2463.568333333333,1.0,87.0,1.0,282.0
2014-09-11 09:16:24+00:00,2354.563333333333,1.0,0.0,1.0,242.0
2014-09-11 09:16:30+00:00,2588.7999999999997,1.0,87.0,1.0,160.0
2014-09-11 09:16:36+00:00,2285.83,1.0,88.0,0.0,250.0
2014-09-11 09:16:42+00:00,2513.65,1.0,87.0,1.0,0.0
2014-09-11 09:16:48+00:00,2478.435,0.0,0.0,1.0,281.0
2014-09-11 09:16:54+00:00,2352.97,1.0,87.0,1.0,237.0
2014-09-11 09:17:00+00:00,2618.1749999999997,1.0,87.0,0.0,249.0
2014-09-11 09:17:06+00:00,2296.431666666667,1.0,87.0,1.0,0.0
2014-09-11 09:17:12+00:00,2527.4533333333334,1.0,87.0,1.0,220.0
2014-09-11 09:17:18+00:00,2465.6183333333333,0.0,0.0,1.0,58.0
2014-09-11 09:17:24+00:00,2349.9133333333334,1.0,88.0,1.0,239.0
2014-09-11 09:17:30+00:00,2596.1666666666665,1.0,87.0,0.0,274.0
2014-09-11 09:17:36+00:00,2286.6133333333332,1.0,87.0,1.0,237.0
2014-09-11 09:17:42+00:00,2510.1233333333334,1.0,87.0,1.0,138.0
2014-09-11 09:17:48+00:00,2480.7883333333334,1.0,88.0,1.0,247.0
2014-09-11 09:17:54+00:00,2359.7633333333333,1.0,87.0,1.0,246.0
2014-09-11 09:18:00+00:00,2598.705,1.0,88.0,1.0,243.0
2014-09-11 09:18:06+00:00,2303.7483333333334,0.0,88.0,1.0,0.0
2014-09-11 09:18:12+00:00,2497.1316666666667,1.0,87.0,1.0,237.0
2014-09-11 09:18:18+00:00,2462.6066666666666,1.0,87.0,1.0,234.0
2014-09-11 09:18:24+00:00,2354.645,1.0,87.0,1.0,235.0
2014-09-11 09:18:30+00:00,2598.763333333334,1.0,88.0,1.0,61.0
2014-09-11 09:18:36+00:00,2314.8883333333333,1.0,87.0,1.0,230.0
2014-09-11 09:18:42+00:00,2517.9366666666665,1.0,0.0,1.0,230.0
2014-09-11 09:18:48+00:00,2453.2516666666666,1.0,87.0,1.0,242.0
2014-09-11 09:18:54+00:00,2317.725,1.0,87.0,1.0,244.0
2014-09-11 09:19:00+00:00,2560.7983333333336,1.0,87.0,0.0,263.0
2014-09-11 09:19:06+00:00,2266.4733333333334,1.0,87.0,1.0,264.0
2014-09-11 09:19:12+00:00,2502.1983333333333,1.0,88.0,1.0,38.0
2014-09-11 09:19:18+00:00,2448.025,1.0,88.0,1.0,237.0
2014-09-11 09:19:24+00:00,2320.2716666666665,1.0,91.0,1.0,2.0
2014-09-11 09:19:30+00:00,2596.6733333333336,1.0,92.0,1.0,0.0
2014-09-11 09:19:36+00:00,2302.6633333333334,1.0,93.0,1.0,247.0
2014-09-11 09:19:42+00:00,2526.648333333333,1.0,95.0,1.0,260.0
2014-09-11 09:19:48+00:00,2504.361666666666,0.0,96.0,1.0,46.0
2014-09-11 09:19:54+00:00,2370.7033333333334,1.0,97.0,1.0,242.0
2014-09-11 09:20:00+00:00,2674.0266666666666,1.0,97.0,1.0,2.0
2014-09-11 09:20:06+00:00,2420.8016666666667,1.0,98.0,1.0,254.0
2014-09-11 09:20:12+00:00,2630.21,1.0,0.0,1.0,35.0
2014-09-11 09:20:18+00:00,2582.7433333333333,1.0,99.0,1.0,265.0
2014-09-11 09:20:24+00:00,2440.7483333333334,1.0,98.0,1.0,260.0
2014-09-11 09:20:30+00:00,2692.4533333333334,1.0,100.0,0.0,240.0
2014-09-11 09:20:36+00:00,2400.7033333333334,1.0,201.0,1.0,0.0
2014-09-11 09:20:42+00:00,2366.2166666666667,0.0,0.0,1.0,241.0
2014-09-11 09:20:48+00:00,2373.4516666666664,1.0,100.0,1.0,2.0
2014-09-11 09:20:54+00:00,2374.9583333333335,1.0,100.0,1.0,2.0
2014-09-11 09:21:00+00:00,2374.646666666667,1.0,100.0,0.0,2.0
2014-09-11 09:21:06+00:00,2368.025,1.0,100.0,1.0,2.0
2014-09-11 09:21:12+00:00,2384.015,0.0,99.0,1.0,0.0
2014-09-11 09:21:18+00:00,2370.4283333333333,1.0,0.0,1.0,2.0
2014-09-11 09:21:24+00:00,2385.9233333333336,1.0,99.0,1.0,2.0
2014-09-11 09:21:30+00:00,2365.971666666667,1.0,99.0,0.0,2.0
2014-09-11 09:21:36+00:00,2376.773333333333,0.0,99.0,1.0,0.0
2014-09-11 09:21:42+00:00,2380.01,1.0,100.0,1.0,2.0
2014-09-11 09:21:48+00:00,2374.14,1.0,0.0,1.0,2.0
2014-09-11 09:21:54+00:00,2390.846666666667,1.0,100.0,1.0,2.0
2014-09-11 09:22:00+00:00,2365.36,1.0,197.0,1.0,2.0
2014-09-11 09:22:06+00:00,2374.2533333333336,1.0,99.0,1.0,2.0
2014-09-11 09:22:12+00:00,2398.97,1.0,100.0,1.0,2.0
2014-09-11 09:22:18+00:00,2397.7516666666666,1.0,99.0,1.0,2.0
2014-09-11 09:22:24+00:00,1693.6083333333333,1.0,99.0,0.0,2.0
2014-09-11 09:22:30+00:00,297.90000000000003,1.0,99.0,1.0,2.0
2014-09-11 09:22:36+00:00,296.93333333333334,1.0,99.0,0.0,0.0
2014-09-11 09:22:42+00:00,301.01666666666665,0.0,98.0,1.0,2.0
2014-09-11 09:22:48+00:00,302.49833333333333,1.0,0.0,1.0,9.0
2014-09-11 09:22:54+00:00,301.07666666666665,1.0,98.0,1.0,9.0
2014-09-11 09:23:00+00:00,301.7033333333333,1.0,98.0,0.0,0.0
2014-09-11 09:23:06+00:00,301.74,1.0,98.0,1.0,9.0
2014-09-11 09:23:12+00:00,301.59666666666664,1.0,97.0,1.0,9.0
2014-09-11 09:23:18+00:00,486.7066666666667,0.0,0.0,1.0,9.0
2014-09-11 09:23:24+00:00,369.4483333333333,1.0,97.0,1.0,287.0
2014-09-11 09:23:30+00:00,293.36499999999995,1.0,97.0,1.0,287.0
2014-09-11 09:23:36+00:00,293.87666666666667,1.0,96.0,1.0,2.0
2014-09-11 09:23:42+00:00,395.22166666666664,1.0,96.0,0.0,0.0
2014-09-11 09:23:48+00:00,444.90333333333336,1.0,96.0,1.0,22.0
2014-09-11 09:23:54+00:00,293.66,0.0,96.0,1.0,301.0
2014-09-11 09:24:00+00:00,293.8866666666667,1.0,0.0,1.0,2.0
2014-09-11 09:24:06+00:00,340.47166666666664,1.0,96.0,1.0,2.0
2014-09-11 09:24:12+00:00,523.5366666666667,1.0,95.0,0.0,320.0
2014-09-11 09:24:18+00:00,293.67833333333334,0.0,95.0,1.0,0.0
2014-09-11 09:24:24+00:00,293.4883333333333,1.0,0.0,1.0,89.0
2014-09-11 09:24:30+00:00,294.8433333333333,1.0,95.0,1.0,2.0
2014-09-11 09:24:36+00:00,564.1316666666667,1.0,95.0,0.0,0.0
2014-09-11 09:24:42+00:00,291.385,1.0,95.0,1.0,314.0
2014-09-11 09:24:48+00:00,291.48333333333335,0.0,95.0,1.0,0.0
2014-09-11 09:24:54+00:00,291.66,1.0,95.0,1.0,2.0
2014-09-11 09:25:00+00:00,562.21,1.0,94.0,1.0,2.0
2014-09-11 09:25:06+00:00,291.1516666666667,1.0,94.0,1.0,289.0
2014-09-11 09:25:12+00:00,291.1766666666667,1.0,94.0,1.0,289.0
2014-09-11 09:25:18+00:00,291.78833333333336,1.0,0.0,1.0,2.0
2014-09-11 09:25:24+00:00,537.545,1.0,95.0,0.0,3.0
2014-09-11 09:25:30+00:00,316.13166666666666,1.0,94.0,1.0,279.0
2014-09-11 09:25:36+00:00,290.455,1.0,94.0,1.0,2.0
2014-09-11 09:25:42+00:00,290.695,1.0,95.0,1.0,2.0
2014-09-11 09:25:48+00:00,450.74166666666673,0.0,95.0,1.0,0.0
2014-09-11 09:25:54+00:00,443.5133333333333,1.0,0.0,1.0,100.0
2014-09-11 09:26:00+00:00,357.37166666666667,1.0,94.0,1.0,289.0
2014-09-11 09:26:06+00:00,364.46166666666664,1.0,94.0,1.0,2.0
2014-09-11 09:26:12+00:00,458.0216666666667,1.0,93.0,1.0,2.0
2014-09-11 09:26:18+00:00,527.8883333333333,1.0,93.0,0.0,0.0
2014-09-11 09:26:24+00:00,354.16333333333336,0.0,93.0,1.0,289.0
2014-09-11 09:26:30+00:00,353.8866666666667,1.0,0.0,1.0,2.0
2014-09-11 09:26:36+00:00,354.5083333333334,1.0,93.0,1.0,2.0
2014-09-11 09:26:42+00:00,379.75333333333333,1.0,92.0,1.0,7.0
2014-09-11 09:26:48+00:00,386.34999999999997,1.0,93.0,1.0,29.0
2014-09-11 09:26:54+00:00,384.5933333333333,1.0,93.0,1.0,28.0
2014-09-11 09:27:00+00:00,384.925,1.0,92.0,0.0,29.0
2014-09-11 09:27:06+00:00,385.5183333333334,1.0,93.0,1.0,28.0
2014-09-11 09:27:12+00:00,385.9083333333333,1.0,93.0,1.0,0.0
2014-09-11 09:27:18+00:00,375.7633333333333,0.0,0.0,1.0,28.0
2014-09-11 09:27:24+00:00,362.9916666666666,1.0,92.0,1.0,18.0
2014-09-11 09:27:30+00:00,353.06666666666666,1.0,92.0,0.0,2.0
2014-09-11 09:27:36+00:00,543.5966666666667,1.0,92.0,1.0,3.0
2014-09-11 09:27:42+00:00,435.6333333333334,1.0,91.0,1.0,45.0
2014-09-11 09:27:48+00:00,422.01500000000004,1.0,92.0,1.0,55.0
2014-09-11 09:27:54+00:00,420.31166666666667,1.0,92.0,1.0,0.0
2014-09-11 09:28:00+00:00,419.1983333333333,0.0,0.0,1.0,46.0
2014-09-11 09:28:06+00:00,580.665,1.0,91.0,1.0,45.0
2014-09-11 09:28:12+00:00,553.2883333333333,1.0,91.0,0.0,399.0
2014-09-11 09:28:18+00:00,487.4816666666666,1.0,91.0,0.0,117.0
2014-09-11 09:28:24+00:00,464.5316666666667,1.0,91.0,1.0,0.0
2014-09-11 09:28:30+00:00,372.815,0.0,91.0,1.0,93.0
2014-09-11 09:28:36+00:00,372.67833333333334,1.0,0.0,1.0,18.0
2014-09-11 09:28:42+00:00,372.37166666666667,1.0,91.0,1.0,18.0
2014-09-11 09:28:48+00:00,368.09499999999997,1.0,90.0,0.0,18.0
2014-09-11 09:28:54+00:00,350.6166666666666,0.0,91.0,1.0,0.0
2014-09-11 09:29:00+00:00,363.59666666666664,1.0,90.0,1.0,2.0
2014-09-11 09:29:06+00:00,373.77500000000003,1.0,90.0,1.0,15.0
2014-09-11 09:29:12+00:00,374.49333333333334,1.0,90.0,1.0,18.0
2014-09-11 09:29:18+00:00,372.5316666666667,1.0,0.0,1.0,18.0
2014-09-11 09:29:24+00:00,372.5916666666667,1.0,90.0,1.0,18.0
2014-09-11 09:29:30+00:00,372.19,1.0,91.0,1.0,18.0
2014-09-11 09:29:36+00:00,373.285,1.0,90.0,1.0,18.0
2014-09-11 09:29:42+00:00,358.4866666666667,0.0,90.0,0.0,0.0
2014-09-11 09:29:48+00:00,351.7383333333333,1.0,0.0,1.0,7.0
2014-09-11 09:29:54+00:00,491.22499999999997,1.0,90.0,1.0,22.0
2014-09-11 09:30:00+00:00,439.52,1.0,90.0,1.0,101.0
2014-09-11 09:30:06+00:00,538.2366666666667,1.0,90.0,0.0,0.0
2014-09-11 09:30:12+00:00,572.0966666666667,1.0,89.0,1.0,44.0
2014-09-11 09:30:18+00:00,380.68499999999995,1.0,90.0,1.0,264.0
2014-09-11 09:30:24+00:00,379.5883333333333,1.0,89.0,1.0,19.0
2014-09-11 09:30:30+00:00,376.25,0.0,90.0,1.0,19.0
2014-09-11 09:30:36+00:00,358.11833333333334,1.0,0.0,1.0,18.0
2014-09-11 09:30:42+00:00,358.26500000000004,1.0,89.0,1.0,2.0
2014-09-11 09:30:48+00:00,377.62833333333333,1.0,89.0,0.0,19.0
2014-09-11 09:30:54+00:00,377.25333333333333,0.0,89.0,1.0,0.0
2014-09-11 09:31:00+00:00,377.0083333333334,1.0,0.0,1.0,19.0
2014-09-11 09:31:06+00:00,375.9983333333333,1.0,89.0,1.0,19.0
2014-09-11 09:31:12+00:00,376.24666666666667,1.0,89.0,0.0,20.0
2014-09-11 09:31:18+00:00,378.0733333333333,1.0,89.0,1.0,19.0
2014-09-11 09:31:24+00:00,371.075,1.0,88.0,1.0,19.0
2014-09-11 09:31:30+00:00,359.40333333333336,1.0,89.0,1.0,3.0
2014-09-11 09:31:36+00:00,449.215,0.0,88.0,1.0,0.0
2014-09-11 09:31:42+00:00,455.62000000000006,1.0,0.0,1.0,126.0
2014-09-11 09:31:48+00:00,430.10999999999996,1.0,89.0,1.0,68.0
2014-09-11 09:31:54+00:00,457.57666666666665,1.0,88.0,1.0,23.0
2014-09-11 09:32:00+00:00,419.7616666666666,1.0,88.0,0.0,0.0
2014-09-11 09:32:06+00:00,450.1233333333333,1.0,88.0,1.0,57.0
2014-09-11 09:32:12+00:00,442.98499999999996,1.0,88.0,1.0,24.0
2014-09-11 09:32:18+00:00,414.60999999999996,0.0,0.0,1.0,23.0
2014-09-11 09:32:24+00:00,452.45,1.0,88.0,1.0,26.0
2014-09-11 09:32:30+00:00,452.2966666666666,1.0,88.0,1.0,25.0
2014-09-11 09:32:36+00:00,420.84666666666664,1.0,88.0,1.0,40.0
2014-09-11 09:32:42+00:00,441.60833333333335,1.0,88.0,0.0,0.0
2014-09-11 09:32:48+00:00,455.5116666666666,1.0,88.0,1.0,28.0
2014-09-11 09:32:54+00:00,555.175,1.0,88.0,1.0,179.0
2014-09-11 09:33:00+00:00,423.42,1.0,87.0,1.0,195.0
2014-09-11 09:33:06+00:00,370.23333333333335,1.0,87.0,1.0,19.0
2014-09-11 09:33:12+00:00,370.7316666666666,0.0,0.0,1.0,19.0
2014-09-11 09:33:18+00:00,409.3283333333334,1.0,87.0,1.0,19.0
2014-09-11 09:33:24+00:00,414.04833333333335,1.0,88.0,1.0,47.0
2014-09-11 09:33:30+00:00,413.1666666666667,1.0,87.0,0.0,47.0
2014-09-11 09:33:36+00:00,412.28,1.0,87.0,1.0,46.0
2014-09-11 09:33:42+00:00,447.71166666666664,1.0,87.0,1.0,0.0
2014-09-11 09:33:48+00:00,642.7183333333334,0.0,0.0,1.0,48.0
2014-09-11 09:33:54+00:00,431.34833333333336,1.0,87.0,1.0,222.0
2014-09-11 09:34:00+00:00,370.0783333333333,1.0,86.0,1.0,20.0
2014-09-11 09:34:06+00:00,370.37166666666667,1.0,87.0,0.0,20.0
2014-09-11 09:34:12+00:00,376.685,1.0,87.0,1.0,20.0
2014-09-11 09:34:18+00:00,417.84999999999997,1.0,86.0,1.0,51.0
2014-09-11 09:34:24+00:00,423.04333333333335,0.0,86.0,1.0,0.0
2014-09-11 09:34:30+00:00,697.9733333333334,1.0,87.0,1.0,53.0
2014-09-11 09:34:36+00:00,537.3199999999999,1.0,87.0,1.0,395.0
2014-09-11 09:34:42+00:00,372.322,1.0,86.0,1.0,156.0
2014-09-11 09:34:48+00:00,369.6028571428571,1.0,0.0,1.0,20.0
2014-09-11 09:34:54+00:00,369.71166666666664,1.0,86.0,1.0,20.0
2014-09-11 09:35:00+00:00,395.16499999999996,1.0,87.0,1.0,20.0
2014-09-11 09:35:06+00:00,418.3183333333333,1.0,87.0,0.0,51.0
2014-09-11 09:35:12+00:00,685.3583333333332,1.0,86.0,1.0,0.0
2014-09-11 09:35:18+00:00,711.02,1.0,87.0,1.0,70.0
2014-09-11 09:35:24+00:00,633.1899999999999,1.0,86.0,1.0,285.0
2014-09-11 09:35:30+00:00,625.1316666666667,0.0,87.0,1.0,172.0
2014-09-11 09:35:36+00:00,621.0183333333333,1.0,0.0,1.0,142.0
2014-09-11 09:35:42+00:00,618.8783333333333,1.0,86.0,1.0,140.0
2014-09-11 09:35:48+00:00,617.64,1.0,86.0,1.0,138.0
2014-09-11 09:35:54+00:00,617.3883333333333,1.0,86.0,0.0,0.0
2014-09-11 09:36:00+00:00,613.9699999999999,1.0,86.0,1.0,138.0
2014-09-11 09:36:06+00:00,614.5816666666666,1.0,86.0,1.0,137.0
2014-09-11 09:36:12+00:00,529.965,1.0,86.0,1.0,138.0
2014-09-11 09:36:18+00:00,472.95,0.0,86.0,1.0,136.0
2014-09-11 09:36:24+00:00,472.91499999999996,1.0,0.0,1.0,19.0
2014-09-11 09:36:30+00:00,473.13166666666666,1.0,86.0,1.0,19.0
2014-09-11 09:36:36+00:00,472.2483333333333,1.0,86.0,0.0,0.0
2014-09-11 09:36:42+00:00,454.69666666666666,0.0,85.0,1.0,19.0
2014-09-11 09:36:48+00:00,448.99,1.0,0.0,1.0,2.0
2014-09-11 09:36:54+00:00,559.8683333333333,1.0,85.0,1.0,3.0
2014-09-11 09:37:00+00:00,494.615,1.0,85.0,0.0,0.0
2014-09-11 09:37:06+00:00,576.8866666666667,1.0,86.0,1.0,9.0
2014-09-11 09:37:12+00:00,507.75333333333333,1.0,85.0,1.0,80.0
2014-09-11 09:37:18+00:00,563.5616666666666,0.0,85.0,1.0,93.0
2014-09-11 09:37:24+00:00,484.6616666666667,1.0,86.0,1.0,93.0
2014-09-11 09:37:30+00:00,621.64,1.0,85.0,1.0,37.0
2014-09-11 09:37:36+00:00,558.545,1.0,85.0,1.0,111.0
2014-09-11 09:37:42+00:00,578.92,1.0,85.0,1.0,9.0
2014-09-11 09:37:48+00:00,511.33500000000004,1.0,0.0,1.0,159.0
2014-09-11 09:37:54+00:00,669.8783333333333,1.0,86.0,0.0,94.0
2014-09-11 09:38:00+00:00,639.6016666666667,1.0,85.0,1.0,160.0
2014-09-11 09:38:06+00:00,560.5,1.0,85.0,1.0,170.0
2014-09-11 09:38:12+00:00,563.8083333333333,1.0,85.0,1.0,164.0
2014-09-11 09:38:18+00:00,647.4483333333334,0.0,85.0,1.0,0.0
2014-09-11 09:38:24+00:00,709.025,1.0,85.0,1.0,226.0
2014-09-11 09:38:30+00:00,526.275,1.0,0.0,1.0,197.0
2014-09-11 09:38:36+00:00,622.375,1.0,84.0,1.0,107.0
2014-09-11 09:38:42+00:00,623.65,1.0,0.0,1.0,206.0
2014-09-11 09:38:48+00:00,751.515,1.0,85.0,1.0,247.0
2014-09-11 09:38:54+00:00,497.4316666666667,1.0,85.0,1.0,193.0
2014-09-11 09:39:00+00:00,692.0516666666666,1.0,85.0,0.0,0.0
2014-09-11 09:39:06+00:00,572.285,0.0,0.0,1.0,227.0
2014-09-11 09:39:12+00:00,760.84,1.0,84.0,1.0,103.0
2014-09-11 09:39:18+00:00,538.385,1.0,85.0,1.0,231.0
2014-09-11 09:39:24+00:00,704.7166666666667,1.0,84.0,1.0,220.0
2014-09-11 09:39:30+00:00,517.3866666666667,1.0,84.0,1.0,205.0
2014-09-11 09:39:36+00:00,759.1516666666666,1.0,84.0,0.0,240.0
2014-09-11 09:39:42+00:00,586.6,0.0,84.0,1.0,0.0
2014-09-11 09:39:48+00:00,676.955,1.0,0.0,1.0,40.0
2014-09-11 09:39:54+00:00,538.7266666666667,1.0,85.0,1.0,226.0
2014-09-11 09:40:00+00:00,680.095,1.0,84.0,1.0,9.0
2014-09-11 09:40:06+00:00,541.5866666666667,1.0,85.0,1.0,117.0
2014-09-11 09:40:12+00:00,731.0033333333334,1.0,84.0,0.0,0.0
2014-09-11 09:40:18+00:00,550.265,1.0,84.0,1.0,25.0
2014-09-11 09:40:24+00:00,761.0016666666667,0.0,0.0,1.0,15.0
2014-09-11 09:40:30+00:00,551.3183333333333,1.0,83.0,1.0,367.0
2014-09-11 09:40:36+00:00,758.8116666666666,1.0,84.0,0.0,15.0
2014-09-11 09:40:42+00:00,571.84,1.0,84.0,1.0,0.0
2014-09-11 09:40:48+00:00,771.4566666666666,0.0,0.0,1.0,301.0
2014-09-11 09:40:54+00:00,579.085,1.0,84.0,1.0,347.0
2014-09-11 09:41:00+00:00,801.9766666666666,1.0,84.0,1.0,9.0
2014-09-11 09:41:06+00:00,603.5316666666666,1.0,0.0,1.0,398.0
2014-09-11 09:41:12+00:00,767.81,1.0,83.0,1.0,9.0
2014-09-11 09:41:18+00:00,606.0816666666666,1.0,84.0,0.0,0.0
2014-09-11 09:41:24+00:00,779.7933333333334,0.0,83.0,1.0,382.0
2014-09-11 09:41:30+00:00,611.3533333333334,1.0,83.0,1.0,413.0
2014-09-11 09:41:36+00:00,798.7466666666666,1.0,83.0,1.0,376.0
2014-09-11 09:41:42+00:00,610.905,1.0,0.0,1.0,0.0
2014-09-11 09:41:48+00:00,792.75,1.0,83.0,1.0,2.0
2014-09-11 09:41:54+00:00,614.895,1.0,83.0,0.0,414.0
2014-09-11 09:42:00+00:00,795.8166666666666,1.0,84.0,1.0,0.0
2014-09-11 09:42:06+00:00,613.5966666666667,0.0,0.0,1.0,377.0
2014-09-11 09:42:12+00:00,794.1983333333334,1.0,84.0,1.0,227.0
2014-09-11 09:42:18+00:00,614.0516666666666,1.0,84.0,1.0,416.0
2014-09-11 09:42:24+00:00,804.735,1.0,83.0,1.0,420.0
2014-09-11 09:42:30+00:00,619.405,1.0,83.0,1.0,426.0
2014-09-11 09:42:36+00:00,799.965,1.0,82.0,1.0,4.0
2014-09-11 09:42:42+00:00,622.8183333333333,1.0,83.0,1.0,428.0
2014-09-11 09:42:48+00:00,803.3649999999999,1.0,83.0,0.0,0.0
2014-09-11 09:42:54+00:00,616.2833333333333,1.0,83.0,1.0,132.0
2014-09-11 09:43:00+00:00,469.32166666666666,1.0,83.0,1.0,412.0
2014-09-11 09:43:06+00:00,587.13,1.0,83.0,1.0,20.0
2014-09-11 09:43:12+00:00,795.6483333333334,0.0,82.0,1.0,29.0
2014-09-11 09:43:18+00:00,668.1116666666667,1.0,82.0,1.0,94.0
2014-09-11 09:43:24+00:00,823.6700000000001,1.0,82.0,1.0,147.0
2014-09-11 09:43:30+00:00,619.4133333333333,1.0,0.0,1.0,32.0
2014-09-11 09:43:36+00:00,589.1533333333333,1.0,83.0,1.0,119.0
2014-09-11 09:43:42+00:00,556.265,1.0,83.0,0.0,0.0
2014-09-11 09:43:48+00:00,533.2033333333334,1.0,83.0,1.0,84.0
2014-09-11 09:43:54+00:00,517.8633333333333,1.0,83.0,1.0,61.0
2014-09-11 09:44:00+00:00,511.24666666666667,0.0,83.0,1.0,56.0
2014-09-11 09:44:06+00:00,511.32666666666665,1.0,0.0,1.0,46.0
2014-09-11 09:44:12+00:00,669.7166666666666,1.0,83.0,1.0,61.0
2014-09-11 09:44:18+00:00,468.05333333333334,1.0,83.0,0.0,0.0
2014-09-11 09:44:24+00:00,480.84999999999997,0.0,83.0,1.0,20.0
2014-09-11 09:44:30+00:00,511.9533333333333,1.0,0.0,1.0,55.0
2014-09-11 09:44:36+00:00,509.96166666666664,1.0,83.0,1.0,48.0
2014-09-11 09:44:42+00:00,510.15166666666664,1.0,82.0,1.0,46.0
2014-09-11 09:44:48+00:00,654.3616666666667,1.0,83.0,0.0,0.0
2014-09-11 09:44:54+00:00,468.28999999999996,1.0,82.0,1.0,66.0
2014-09-11 09:45:00+00:00,466.53999999999996,0.0,81.0,1.0,21.0
2014-09-11 09:45:06+00:00,502.58833333333337,1.0,0.0,1.0,20.0
2014-09-11 09:45:12+00:00,509.3416666666667,1.0,82.0,0.0,44.0
2014-09-11 09:45:18+00:00,509.96166666666664,1.0,82.0,1.0,46.0
2014-09-11 09:45:24+00:00,509.8633333333333,1.0,82.0,1.0,0.0
2014-09-11 09:45:30+00:00,509.43833333333333,0.0,82.0,1.0,48.0
2014-09-11 09:45:36+00:00,748.8449999999999,1.0,0.0,1.0,46.0
2014-09-11 09:45:42+00:00,784.7916666666666,1.0,82.0,1.0,429.0
2014-09-11 09:45:48+00:00,662.4733333333334,1.0,82.0,0.0,186.0
2014-09-11 09:45:54+00:00,647.14,1.0,82.0,1.0,175.0
2014-09-11 09:46:00+00:00,640.905,1.0,82.0,1.0,167.0
2014-09-11 09:46:06+00:00,638.5583333333333,1.0,82.0,1.0,0.0
2014-09-11 09:46:12+00:00,634.035,0.0,0.0,1.0,163.0
2014-09-11 09:46:18+00:00,678.4316666666667,1.0,81.0,1.0,161.0
2014-09-11 09:46:24+00:00,706.2033333333334,1.0,82.0,0.0,220.0
2014-09-11 09:46:30+00:00,731.3466666666667,0.0,82.0,1.0,0.0
2014-09-11 09:46:36+00:00,754.4366666666666,1.0,82.0,1.0,251.0
2014-09-11 09:46:42+00:00,781.23,1.0,0.0,1.0,279.0
2014-09-11 09:46:48+00:00,738.605,1.0,81.0,1.0,308.0
2014-09-11 09:46:54+00:00,738.2833333333333,1.0,82.0,1.0,330.0
2014-09-11 09:47:00+00:00,700.3666666666667,1.0,0.0,0.0,0.0
2014-09-11 09:47:06+00:00,675.1483333333333,1.0,0.0,1.0,305.5
2014-09-11 09:47:12+00:00,689.7416666666667,0.0,0.0,1.0,0.0
2014-09-11 09:47:18+00:00,686.6916666666666,1.0,0.0,1.0,298.0
2014-09-11 09:47:24+00:00,686.4633333333333,1.0,0.0,1.0,301.0
2014-09-11 09:47:30+00:00,678.6899999999999,1.0,0.0,1.0,287.0
2014-09-11 09:47:36+00:00,688.4183333333334,1.0,0.0,1.0,298.0
2014-09-11 09:47:42+00:00,675.245,1.0,0.0,0.0,0.0
2014-09-11 09:47:48+00:00,678.25,0.0,0.0,1.0,279.0
2014-09-11 09:47:54+00:00,630.9783333333334,1.0,0.0,1.0,285.0
2014-09-11 09:48:00+00:00,384.06,1.0,0.0,1.0,283.0
2014-09-11 09:48:06+00:00,383.0466666666667,1.0,0.0,1.0,20.0
2014-09-11 09:48:12+00:00,383.67833333333334,1.0,0.0,1.0,19.0
2014-09-11 09:48:18+00:00,383.24333333333334,1.0,0.0,1.0,20.0
2014-09-11 09:48:24+00:00,383.74666666666667,1.0,0.0,1.0,19.0
2014-09-11 09:48:30+00:00,383.56,1.0,0.0,0.0,0.0
2014-09-11 09:48:36+00:00,361.1366666666667,0.0,0.0,1.0,19.0
2014-09-11 09:48:42+00:00,379.10999999999996,1.0,0.0,1.0,19.0
2014-09-11 09:48:48+00:00,440.7583333333334,1.0,0.0,1.0,73.0
2014-09-11 09:48:54+00:00,433.15000000000003,1.0,0.0,1.0,16.0
2014-09-11 09:49:00+00:00,500.9216666666666,1.0,0.0,0.0,0.0
2014-09-11 09:49:06+00:00,403.09666666666664,1.0,0.0,1.0,93.0
2014-09-11 09:49:12+00:00,493.44166666666666,0.0,0.0,1.0,19.0
2014-09-11 09:49:18+00:00,432.08,1.0,0.0,1.0,111.0
2014-09-11 09:49:24+00:00,557.2933333333334,1.0,0.0,1.0,128.0
2014-09-11 09:49:30+00:00,446.965,1.0,0.0,1.0,141.0
2014-09-11 09:49:36+00:00,540.3616666666667,1.0,0.0,0.0,0.0
2014-09-11 09:49:42+00:00,418.37833333333333,1.0,0.0,1.0,144.0
2014-09-11 09:49:48+00:00,624.3483333333334,0.0,0.0,1.0,16.0
2014-09-11 09:49:54+00:00,512.4616666666667,1.0,0.0,1.0,198.0
2014-09-11 09:50:00+00:00,531.3100000000001,1.0,0.0,1.0,189.0
2014-09-11 09:50:06+00:00,420.7183333333333,1.0,0.0,1.0,187.0
2014-09-11 09:50:12+00:00,637.2066666666666,1.0,0.0,1.0,4.0
2014-09-11 09:50:18+00:00,567.6433333333333,1.0,0.0,1.0,0.0
2014-09-11 09:50:24+00:00,489.9316666666667,1.0,0.0,1.0,8.0
2014-09-11 09:50:30+00:00,465.41,1.0,0.0,1.0,199.0
2014-09-11 09:50:36+00:00,607.5450000000001,1.0,0.0,1.0,7.0
2014-09-11 09:50:42+00:00,629.5533333333334,1.0,0.0,1.0,206.0
2014-09-11 09:50:48+00:00,446.4316666666667,1.0,0.0,0.0,0.0
2014-09-11 09:50:54+00:00,524.705,0.0,0.0,1.0,3.0
2014-09-11 09:51:00+00:00,562.735,1.0,0.0,1.0,214.0
2014-09-11 09:51:06+00:00,669.0600000000001,1.0,0.0,1.0,215.0
2014-09-11 09:51:12+00:00,409.02,1.0,0.0,1.0,213.0
2014-09-11 09:51:18+00:00,583.2716666666666,1.0,0.0,1.0,3.0
2014-09-11 09:51:24+00:00,506.2166666666667,1.0,0.0,0.0,217.0
2014-09-11 09:51:30+00:00,681.79,1.0,0.0,1.0,216.0
2014-09-11 09:51:36+00:00,444.285,1.0,0.0,1.0,72.0
2014-09-11 09:51:42+00:00,630.2116666666667,1.0,0.0,1.0,64.0
2014-09-11 09:51:48+00:00,461.445,1.0,0.0,1.0,202.0
2014-09-11 09:51:54+00:00,601.2516666666667,1.0,0.0,1.0,237.0
2014-09-11 09:52:00+00:00,485.1333333333334,0.0,0.0,1.0,0.0
2014-09-11 09:52:06+00:00,625.045,1.0,0.0,1.0,18.0
2014-09-11 09:52:12+00:00,487.2633333333333,1.0,0.0,1.0,272.0
2014-09-11 09:52:18+00:00,632.7633333333333,1.0,0.0,1.0,324.0
2014-09-11 09:52:24+00:00,496.385,1.0,0.0,0.0,16.0
2014-09-11 09:52:30+00:00,674.0633333333334,0.0,0.0,1.0,0.0
2014-09-11 09:52:36+00:00,501.385,1.0,0.0,1.0,326.0
2014-09-11 09:52:42+00:00,677.0183333333333,1.0,0.0,1.0,389.0
2014-09-11 09:52:48+00:00,500.0316666666667,1.0,0.0,1.0,17.0
2014-09-11 09:52:54+00:00,738.6550000000001,1.0,0.0,0.0,0.0
2014-09-11 09:53:00+00:00,488.2166666666667,1.0,0.0,1.0,393.0
2014-09-11 09:53:06+00:00,757.39,0.0,0.0,1.0,16.0
2014-09-11 09:53:12+00:00,487.7183333333333,1.0,0.0,1.0,399.0
2014-09-11 09:53:18+00:00,769.6433333333333,1.0,0.0,1.0,47.0
2014-09-11 09:53:24+00:00,477.33666666666664,1.0,0.0,1.0,434.0
2014-09-11 09:53:30+00:00,766.16,1.0,0.0,1.0,338.0
2014-09-11 09:53:36+00:00,471.3016666666667,1.0,0.0,1.0,3.0
2014-09-11 09:53:42+00:00,774.1766666666666,1.0,0.0,0.0,0.0
2014-09-11 09:53:48+00:00,487.565,1.0,0.0,1.0,436.0
2014-09-11 09:53:54+00:00,768.7766666666666,0.0,0.0,0.0,4.0
2014-09-11 09:54:00+00:00,487.41166666666663,1.0,0.0,1.0,428.0
2014-09-11 09:54:06+00:00,780.9516666666667,1.0,0.0,1.0,3.0
2014-09-11 09:54:12+00:00,479.3733333333333,1.0,0.0,1.0,434.0
2014-09-11 09:54:18+00:00,771.4283333333333,1.0,0.0,1.0,4.0
2014-09-11 09:54:24+00:00,481.31666666666666,1.0,0.0,1.0,446.0
2014-09-11 09:54:30+00:00,784.3249999999999,1.0,0.0,1.0,152.0
2014-09-11 09:54:36+00:00,483.5333333333333,1.0,0.0,1.0,435.0
2014-09-11 09:54:42+00:00,795.7466666666666,1.0,0.0,1.0,69.0
2014-09-11 09:54:48+00:00,514.625,1.0,0.0,1.0,431.0
2014-09-11 09:54:54+00:00,804.2366666666667,1.0,0.0,1.0,422.0
2014-09-11 09:55:00+00:00,367.3,1.0,0.0,1.0,448.0
2014-09-11 09:55:06+00:00,387.34,1.0,0.0,0.0,0.0
2014-09-11 09:55:12+00:00,393.88166666666666,0.0,0.0,1.0,26.0
2014-09-11 09:55:18+00:00,674.4066666666666,1.0,0.0,1.0,30.0
2014-09-11 09:55:24+00:00,592.8833333333333,1.0,0.0,1.0,349.0
2014-09-11 09:55:30+00:00,543.0316666666666,1.0,0.0,0.0,0.0
2014-09-11 09:55:36+00:00,518.5133333333333,0.0,0.0,1.0,145.0
2014-09-11 09:55:42+00:00,485.7633333333333,1.0,0.0,1.0,111.0
2014-09-11 09:55:48+00:00,626.61,1.0,0.0,1.0,88.0
2014-09-11 09:55:54+00:00,554.545,1.0,0.0,0.0,539.0
2014-09-11 09:56:00+00:00,455.81666666666666,1.0,0.0,1.0,55.0
2014-09-11 09:56:06+00:00,439.1566666666667,1.0,0.0,1.0,59.0
2014-09-11 09:56:12+00:00,432.39000000000004,1.0,0.0,1.0,0.0
2014-09-11 09:56:18+00:00,432.73333333333335,0.0,0.0,1.0,52.0
2014-09-11 09:56:24+00:00,520.8716666666667,1.0,0.0,1.0,52.0
2014-09-11 09:56:30+00:00,837.0300000000001,1.0,0.0,1.0,340.0
2014-09-11 09:56:36+00:00,453.68,1.0,0.0,0.0,229.0
2014-09-11 09:56:42+00:00,397.315,1.0,0.0,1.0,20.0
2014-09-11 09:56:48+00:00,395.76666666666665,0.0,0.0,1.0,0.0
2014-09-11 09:56:54+00:00,408.3566666666666,1.0,0.0,1.0,20.0
2014-09-11 09:57:00+00:00,447.575,1.0,0.0,1.0,49.0
2014-09-11 09:57:06+00:00,404.695,1.0,0.0,0.0,51.0
2014-09-11 09:57:12+00:00,375.8333333333333,0.0,0.0,1.0,0.0
2014-09-11 09:57:18+00:00,471.92833333333334,1.0,0.0,1.0,2.0
2014-09-11 09:57:24+00:00,373.065,0.0,0.0,1.0,89.0
2014-09-11 09:57:30+00:00,470.2816666666667,1.0,0.0,1.0,2.0
2014-09-11 09:57:36+00:00,366.1466666666667,1.0,0.0,1.0,83.0
2014-09-11 09:57:42+00:00,454.375,1.0,0.0,0.0,62.0
2014-09-11 09:57:48+00:00,364.2,0.0,0.0,1.0,0.0
2014-09-11 09:57:54+00:00,463.855,1.0,0.0,1.0,3.0
2014-09-11 09:58:00+00:00,360.99666666666667,1.0,0.0,1.0,22.0
2014-09-11 09:58:06+00:00,453.1033333333333,1.0,0.0,1.0,22.0
2014-09-11 09:58:12+00:00,360.69166666666666,1.0,0.0,1.0,74.0
2014-09-11 09:58:18+00:00,461.84166666666664,1.0,0.0,1.0,3.0
2014-09-11 09:58:24+00:00,361.67428571428576,1.0,0.0,1.0,68.0
2014-09-11 09:58:30+00:00,472.04400000000004,1.0,0.0,0.0,2.0
2014-09-11 09:58:36+00:00,361.25857142857143,1.0,0.0,1.0,71.0
2014-09-11 09:58:42+00:00,459.1066666666666,1.0,0.0,1.0,0.0
2014-09-11 09:58:48+00:00,362.9983333333333,0.0,0.0,1.0,124.0
2014-09-11 09:58:54+00:00,502.2516666666667,1.0,0.0,1.0,2.0
2014-09-11 09:59:00+00:00,444.0833333333333,1.0,0.0,1.0,90.0
2014-09-11 09:59:06+00:00,605.1,1.0,0.0,1.0,54.0
2014-09-11 09:59:12+00:00,709.9133333333334,1.0,0.0,0.0,0.0
2014-09-11 09:59:18+00:00,700.64,0.0,0.0,1.0,556.0
2014-09-11 09:59:24+00:00,862.0450000000001,1.0,0.0,1.0,403.0
2014-09-11 09:59:30+00:00,823.7466666666666,1.0,0.0,1.0,458.0
2014-09-11 09:59:36+00:00,792.3866666666667,1.0,0.0,1.0,411.0
2014-09-11 09:59:42+00:00,779.6283333333334,1.0,0.0,1.0,389.0
2014-09-11 09:59:48+00:00,664.0483333333333,1.0,0.0,1.0,382.0
2014-09-11 09:59:54+00:00,694.035,1.0,0.0,0.0,252.0
2014-09-11 10:00:00+00:00,729.6783333333333,1.0,0.0,1.0,357.0
2014-09-11 10:00:06+00:00,691.6333333333333,0.0,0.0,1.0,0.0
2014-09-11 10:00:12+00:00,714.32,1.0,0.0,1.0,295.0
2014-09-11 10:00:18+00:00,710.1166666666667,1.0,0.0,1.0,321.0
2014-09-11 10:00:24+00:00,706.5083333333333,1.0,0.0,1.0,312.0
2014-09-11 10:00:30+00:00,702.32,1.0,0.0,1.0,305.0
2014-09-11 10:00:36+00:00,697.9200000000001,1.0,0.0,1.0,301.0
2014-09-11 10:00:42+00:00,697.3566666666667,1.0,0.0,1.0,300.0
2014-09-11 10:00:48+00:00,695.3316666666666,1.0,0.0,0.0,295.0
2014-09-11 10:00:54+00:00,691.5883333333333,0.0,0.0,1.0,0.0
2014-09-11 10:01:00+00:00,693.1783333333333,1.0,0.0,1.0,293.0
2014-09-11 10:01:06+00:00,690.7916666666666,1.0,0.0,1.0,295.0
2014-09-11 10:01:12+00:00,689.625,1.0,0.0,1.0,292.0
2014-09-11 10:01:18+00:00,690.5033333333332,1.0,0.0,1.0,292.0
2014-09-11 10:01:24+00:00,692.2316666666667,1.0,0.0,1.0,294.0
2014-09-11 10:01:30+00:00,689.5916666666667,1.0,0.0,1.0,291.0
2014-09-11 10:01:36+00:00,689.9316666666667,1.0,0.0,1.0,293.0
2014-09-11 10:01:42+00:00,689.9833333333332,1.0,0.0,0.0,0.0
2014-09-11 10:01:48+00:00,688.1416666666668,0.0,0.0,1.0,290.0
2014-09-11 10:01:54+00:00,687.46,1.0,0.0,1.0,287.0
2014-09-11 10:02:00+00:00,687.5033333333334,1.0,0.0,1.0,288.0
2014-09-11 10:02:06+00:00,686.9,1.0,0.0,0.0,0.0
2014-09-11 10:02:12+00:00,686.34,1.0,0.0,1.0,287.0
2014-09-11 10:02:18+00:00,686.0466666666666,0.0,0.0,1.0,285.0
2014-09-11 10:02:24+00:00,686.41,1.0,0.0,1.0,284.0
2014-09-11 10:02:30+00:00,647.0733333333334,1.0,0.0,1.0,286.0
2014-09-11 10:02:36+00:00,437.45166666666665,1.0,0.0,0.0,85.0
2014-09-11 10:02:42+00:00,399.9883333333333,0.0,0.0,1.0,0.0
2014-09-11 10:02:48+00:00,492.87166666666667,1.0,0.0,1.0,27.0
2014-09-11 10:02:54+00:00,530.28,0.0,0.0,1.0,27.0
2014-09-11 10:03:00+00:00,531.7866666666666,1.0,0.0,1.0,137.0
2014-09-11 10:03:06+00:00,533.5766666666667,1.0,0.0,0.0,138.0
2014-09-11 10:03:12+00:00,533.605,0.0,0.0,1.0,0.0
2014-09-11 10:03:18+00:00,532.1966666666667,1.0,0.0,1.0,140.0
2014-09-11 10:03:24+00:00,551.1616666666666,1.0,0.0,1.0,140.0
2014-09-11 10:03:30+00:00,580.1133333333333,1.0,0.0,1.0,145.0
2014-09-11 10:03:36+00:00,552.125,1.0,0.0,1.0,186.0
2014-09-11 10:03:42+00:00,548.5,1.0,0.0,0.0,162.0
2014-09-11 10:03:48+00:00,548.565,1.0,0.0,1.0,0.0
2014-09-11 10:03:54+00:00,548.975,0.0,0.0,1.0,158.0
2014-09-11 10:04:00+00:00,549.0416666666666,1.0,0.0,1.0,159.0
2014-09-11 10:04:06+00:00,730.0266666666666,1.0,0.0,1.0,159.0
2014-09-11 10:04:12+00:00,819.8533333333334,1.0,0.0,1.0,388.0
2014-09-11 10:04:18+00:00,718.1783333333333,1.0,0.0,0.0,416.0
2014-09-11 10:04:24+00:00,644.85,1.0,0.0,1.0,0.0
2014-09-11 10:04:30+00:00,692.985,0.0,0.0,1.0,190.0
2014-09-11 10:04:36+00:00,671.7366666666667,1.0,0.0,1.0,280.0
2014-09-11 10:04:42+00:00,680.21,1.0,0.0,1.0,291.0
2014-09-11 10:04:48+00:00,818.6916666666666,1.0,0.0,0.0,281.0
2014-09-11 10:04:54+00:00,732.3766666666667,1.0,0.0,1.0,171.0
2014-09-11 10:05:00+00:00,829.2733333333334,1.0,0.0,1.0,446.0
2014-09-11 10:05:06+00:00,825.6766666666667,1.0,0.0,1.0,443.0
2014-09-11 10:05:12+00:00,782.4699999999999,1.0,0.0,1.0,348.0
2014-09-11 10:05:18+00:00,786.3316666666666,0.0,0.0,1.0,0.0
2014-09-11 10:05:24+00:00,785.36,1.0,0.0,1.0,375.0
2014-09-11 10:05:30+00:00,781.84,1.0,0.0,1.0,374.0
2014-09-11 10:05:36+00:00,782.8449999999999,1.0,0.0,1.0,371.0
2014-09-11 10:05:42+00:00,778.0833333333334,1.0,0.0,1.0,377.0
2014-09-11 10:05:48+00:00,782.8883333333333,1.0,0.0,0.0,371.0
2014-09-11 10:05:54+00:00,793.0183333333333,0.0,0.0,1.0,0.0
2014-09-11 10:06:00+00:00,787.1116666666667,1.0,0.0,1.0,366.0
2014-09-11 10:06:06+00:00,780.7599999999999,1.0,0.0,1.0,374.0
2014-09-11 10:06:12+00:00,779.37,1.0,0.0,1.0,370.0
2014-09-11 10:06:18+00:00,778.995,1.0,0.0,1.0,368.0
2014-09-11 10:06:24+00:00,780.3850000000001,1.0,0.0,1.0,369.0
2014-09-11 10:06:30+00:00,777.785,1.0,0.0,0.0,0.0
2014-09-11 10:06:36+00:00,777.3566666666667,0.0,0.0,1.0,369.0
2014-09-11 10:06:42+00:00,778.0683333333333,1.0,0.0,1.0,363.0
2014-09-11 10:06:48+00:00,778.9283333333333,1.0,0.0,1.0,355.0
2014-09-11 10:06:54+00:00,778.4766666666666,1.0,0.0,0.0,370.0
2014-09-11 10:07:00+00:00,777.5516666666667,1.0,0.0,1.0,0.0
2014-09-11 10:07:06+00:00,777.4516666666667,0.0,0.0,1.0,366.0
2014-09-11 10:07:12+00:00,749.555,1.0,0.0,1.0,402.0
2014-09-11 10:07:18+00:00,382.6133333333334,1.0,0.0,0.0,20.0
2014-09-11 10:07:24+00:00,382.705,0.0,0.0,1.0,0.0
2014-09-11 10:07:30+00:00,382.76,1.0,0.0,1.0,20.0
2014-09-11 10:07:36+00:00,382.59833333333336,1.0,0.0,1.0,21.0
2014-09-11 10:07:42+00:00,383.1266666666667,1.0,0.0,0.0,20.0
2014-09-11 10:07:48+00:00,382.3333333333333,1.0,0.0,1.0,0.0
2014-09-11 10:07:54+00:00,372.53666666666663,0.0,0.0,1.0,21.0
2014-09-11 10:08:00+00:00,358.6066666666666,1.0,0.0,1.0,20.0
2014-09-11 10:08:06+00:00,440.44166666666666,1.0,0.0,0.0,3.0
2014-09-11 10:08:12+00:00,369.9316666666667,1.0,0.0,1.0,94.0
2014-09-11 10:08:18+00:00,2176.8383333333336,1.0,0.0,1.0,4.0
2014-09-11 10:08:24+00:00,2415.8416666666667,1.0,0.0,1.0,78.0
2014-09-11 10:08:30+00:00,2498.44,1.0,0.0,1.0,2.0
2014-09-11 10:08:36+00:00,2416.2816666666668,1.0,0.0,0.0,79.0
2014-09-11 10:08:42+00:00,2496.1383333333333,1.0,0.0,1.0,3.0
2014-09-11 10:08:48+00:00,2428.0133333333333,1.0,0.0,1.0,78.0
2014-09-11 10:08:54+00:00,2496.2066666666665,1.0,0.0,1.0,41.0
2014-09-11 10:09:00+00:00,2419.0583333333334,1.0,0.0,1.0,88.0
2014-09-11 10:09:06+00:00,2484.0583333333334,0.0,0.0,1.0,0.0
2014-09-11 10:09:12+00:00,2415.28,1.0,0.0,1.0,82.0
2014-09-11 10:09:18+00:00,2492.345,1.0,0.0,1.0,82.0
2014-09-11 10:09:24+00:00,2423.7883333333334,1.0,0.0,1.0,90.0
2014-09-11 10:09:30+00:00,2521.7033333333334,1.0,0.0,1.0,2.0
2014-09-11 10:09:36+00:00,2458.605,1.0,0.0,0.0,88.0
2014-09-11 10:09:42+00:00,2450.125,0.0,0.0,1.0,0.0
2014-09-11 10:09:48+00:00,2440.5833333333335,1.0,0.0,1.0,3.0
2014-09-11 10:09:54+00:00,2424.155,1.0,0.0,1.0,1.0
2014-09-11 10:10:00+00:00,2420.7133333333336,1.0,0.0,1.0,1.0
2014-09-11 10:10:06+00:00,2418.58,1.0,0.0,1.0,1.0
2014-09-11 10:10:12+00:00,2407.1316666666667,1.0,0.0,1.0,0.0
2014-09-11 10:10:18+00:00,2403.4500000000003,1.0,0.0,1.0,1.0
2014-09-11 10:10:24+00:00,2400.9816666666666,1.0,0.0,0.0,0.0
2014-09-11 10:10:30+00:00,2405.285,1.0,0.0,1.0,1.0
2014-09-11 10:10:36+00:00,2400.5183333333334,0.0,0.0,1.0,1.0
2014-09-11 10:10:42+00:00,2409.1749999999997,1.0,0.0,1.0,1.0
2014-09-11 10:10:48+00:00,2408.2533333333336,1.0,0.0,1.0,1.0
2014-09-11 10:10:54+00:00,2409.0333333333333,1.0,0.0,1.0,1.0
2014-09-11 10:11:00+00:00,2405.42,1.0,0.0,0.0,0.0
2014-09-11 10:11:06+00:00,2399.9266666666667,1.0,0.0,1.0,0.0
2014-09-11 10:11:12+00:00,2430.5099999999998,1.0,0.0,1.0,0.0
2014-09-11 10:11:18+00:00,2440.79,0.0,0.0,1.0,0.0
2014-09-11 10:11:24+00:00,2403.305,1.0,0.0,1.0,0.0
2014-09-11 10:11:30+00:00,2408.8650000000002,1.0,0.0,1.0,0.0
2014-09-11 10:11:36+00:00,2400.3883333333333,1.0,0.0,1.0,0.0
2014-09-11 10:11:42+00:00,2409.2616666666668,1.0,0.0,0.0,0.0
2014-09-11 10:11:48+00:00,2443.7683333333334,1.0,0.0,1.0,0.0
2014-09-11 10:11:54+00:00,2428.8366666666666,0.0,0.0,1.0,0.0
2014-09-11 10:12:00+00:00,2437.2466666666664,1.0,0.0,1.0,0.0
2014-09-11 10:12:06+00:00,2451.6,1.0,0.0,1.0,0.0
2014-09-11 10:12:12+00:00,2408.0016666666666,1.0,0.0,1.0,0.0
2014-09-11 10:12:18+00:00,2393.818333333333,1.0,0.0,1.0,0.0
2014-09-11 10:12:24+00:00,2390.3133333333335,1.0,0.0,1.0,0.0
2014-09-11 10:12:30+00:00,2429.9483333333333,1.0,0.0,1.0,0.0
2014-09-11 10:12:36+00:00,2437.6200000000003,1.0,0.0,0.0,0.0
2014-09-11 10:12:42+00:00,2420.0816666666665,1.0,0.0,1.0,0.0
2014-09-11 10:12:48+00:00,2398.741666666667,1.0,0.0,1.0,0.0
2014-09-11 10:12:54+00:00,2402.3383333333336,1.0,0.0,1.0,0.0
2014-09-11 10:13:00+00:00,2424.1716666666666,1.0,0.0,1.0,0.0
2014-09-11 10:13:06+00:00,2438.565,1.0,0.0,1.0,0.0
2014-09-11 10:13:12+00:00,2427.483333333333,1.0,0.0,1.0,0.0
2014-09-11 10:13:18+00:00,2402.6283333333336,0.0,0.0,1.0,0.0
2014-09-11 10:13:24+00:00,2400.6183333333333,1.0,0.0,1.0,0.0
2014-09-11 10:13:30+00:00,2401.4416666666666,1.0,0.0,1.0,0.0
2014-09-11 10:13:36+00:00,2400.3683333333333,1.0,0.0,1.0,0.0
2014-09-11 10:13:42+00:00,2408.075,1.0,0.0,1.0,0.0
2014-09-11 10:13:48+00:00,2407.86,1.0,0.0,1.0,0.0
2014-09-11 10:13:54+00:00,2409.1200000000003,1.0,0.0,1.0,0.0
2014-09-11 10:14:00+00:00,2402.2683333333334,1.0,0.0,0.0,0.0
2014-09-11 10:14:06+00:00,2406.2116666666666,1.0,0.0,1.0,0.0
2014-09-11 10:14:12+00:00,2405.1,1.0,0.0,1.0,0.0
2014-09-11 10:14:18+00:00,2419.4616666666666,1.0,0.0,1.0,0.0
2014-09-11 10:14:24+00:00,2428.705,1.0,0.0,1.0,0.0
2014-09-11 10:14:30+00:00,2407.8083333333334,1.0,0.0,1.0,0.0
2014-09-11 10:14:36+00:00,2412.61,1.0,0.0,1.0,0.0
2014-09-11 10:14:42+00:00,2411.3566666666666,0.0,0.0,1.0,0.0
2014-09-11 10:14:48+00:00,2406.0816666666665,1.0,0.0,1.0,0.0
2014-09-11 10:14:54+00:00,2406.5533333333333,1.0,0.0,0.0,0.0
2014-09-11 10:15:00+00:00,2413.4100000000003,1.0,0.0,1.0,0.0
2014-09-11 10:15:06+00:00,2420.345,1.0,0.0,1.0,0.0
2014-09-11 10:15:12+00:00,2423.338333333333,1.0,0.0,1.0,0.0
2014-09-11 10:15:18+00:00,2421.2883333333334,1.0,0.0,1.0,0.0
2014-09-11 10:15:24+00:00,2420.6166666666663,1.0,0.0,1.0,0.0
2014-09-11 10:15:30+00:00,2429.9666666666667,1.0,0.0,1.0,0.0
2014-09-11 10:15:36+00:00,2429.0049999999997,0.0,0.0,1.0,0.0
2014-09-11 10:15:42+00:00,2426.1633333333334,1.0,0.0,1.0,0.0
2014-09-11 10:15:48+00:00,2427.7633333333333,1.0,0.0,0.0,0.0
2014-09-11 10:15:54+00:00,2418.2833333333333,1.0,0.0,1.0,0.0
2014-09-11 10:16:00+00:00,2411.5499999999997,1.0,0.0,1.0,0.0
2014-09-11 10:16:06+00:00,2410.525,1.0,0.0,1.0,0.0
2014-09-11 10:16:12+00:00,2406.5099999999998,1.0,0.0,1.0,0.0
2014-09-11 10:16:18+00:00,2405.605,0.0,0.0,1.0,0.0
2014-09-11 10:16:24+00:00,2406.2566666666667,1.0,0.0,1.0,0.0
2014-09-11 10:16:30+00:00,2407.5416666666665,1.0,0.0,1.0,0.0
2014-09-11 10:16:36+00:00,2404.7483333333334,1.0,0.0,1.0,0.0
2014-09-11 10:16:42+00:00,2400.2466666666664,1.0,0.0,1.0,0.0
2014-09-11 10:16:48+00:00,2399.01,1.0,0.0,0.0,0.0
2014-09-11 10:16:54+00:00,2402.471666666667,1.0,0.0,1.0,0.0
2014-09-11 10:17:00+00:00,2413.4466666666667,0.0,0.0,1.0,0.0
2014-09-11 10:17:06+00:00,2418.02,1.0,0.0,1.0,0.0
2014-09-11 10:17:12+00:00,2415.0633333333335,1.0,0.0,1.0,0.0
2014-09-11 10:17:18+00:00,2422.7183333333332,1.0,0.0,1.0,0.0
2014-09-11 10:17:24+00:00,2424.3866666666668,1.0,0.0,1.0,0.0
2014-09-11 10:17:30+00:00,2428.9933333333333,1.0,0.0,1.0,0.0
2014-09-11 10:17:36+00:00,2428.2633333333333,1.0,0.0,1.0,0.0
2014-09-11 10:17:42+00:00,2448.1200000000003,1.0,0.0,0.0,0.0
2014-09-11 10:17:48+00:00,2429.633333333333,1.0,0.0,1.0,0.0
2014-09-11 10:17:54+00:00,2425.951666666667,1.0,0.0,1.0,0.0
2014-09-11 10:18:00+00:00,2416.875,1.0,0.0,1.0,0.0
2014-09-11 10:18:06+00:00,2422.05,1.0,0.0,1.0,0.0
2014-09-11 10:18:12+00:00,2423.165,1.0,0.0,1.0,0.0
2014-09-11 10:18:18+00:00,2415.1316666666667,1.0,0.0,1.0,0.0
2014-09-11 10:18:24+00:00,2426.8283333333334,1.0,0.0,1.0,0.0
2014-09-11 10:18:30+00:00,2424.601666666667,1.0,0.0,1.0,0.0
2014-09-11 10:18:36+00:00,2434.398333333333,0.0,0.0,1.0,0.0
2014-09-11 10:18:42+00:00,2450.805,1.0,0.0,1.0,0.0
2014-09-11 10:18:48+00:00,2445.4966666666664,1.0,0.0,1.0,0.0
2014-09-11 10:18:54+00:00,2457.0633333333335,1.0,0.0,1.0,0.0
2014-09-11 10:19:00+00:00,2422.105,1.0,0.0,1.0,0.0
2014-09-11 10:19:06+00:00,2411.59,1.0,0.0,1.0,0.0
2014-09-11 10:19:12+00:00,2413.625,1.0,0.0,0.0,0.0
2014-09-11 10:19:18+00:00,2407.565,1.0,0.0,1.0,0.0
2014-09-11 10:19:24+00:00,2411.63,1.0,0.0,1.0,0.0
2014-09-11 10:19:30+00:00,2415.0816666666665,1.0,0.0,1.0,0.0
2014-09-11 10:19:36+00:00,687.4266666666667,1.0,0.0,1.0,0.0
2014-09-11 10:19:42+00:00,357.0916666666667,0.0,0.0,1.0,0.0
2014-09-11 10:19:48+00:00,356.46333333333337,1.0,0.0,1.0,0.0
2014-09-11 10:19:54+00:00,356.75,1.0,0.0,1.0,0.0
2014-09-11 10:20:00+00:00,355.98499999999996,1.0,0.0,0.0,0.0
2014-09-11 10:20:06+00:00,355.455,0.0,0.0,1.0,0.0
2014-09-11 10:20:12+00:00,355.115,1.0,0.0,1.0,0.0
2014-09-11 10:20:18+00:00,355.455,1.0,0.0,1.0,0.0
2014-09-11 10:20:24+00:00,355.2733333333333,1.0,0.0,1.0,0.0
2014-09-11 10:20:30+00:00,355.6433333333334,1.0,0.0,0.0,0.0
2014-09-11 10:20:36+00:00,355.4316666666667,0.0,0.0,1.0,0.0
2014-09-11 10:20:42+00:00,355.98499999999996,1.0,0.0,1.0,0.0
2014-09-11 10:20:48+00:00,355.3733333333333,1.0,0.0,1.0,0.0
2014-09-11 10:20:54+00:00,355.4483333333333,1.0,0.0,1.0,0.0
2014-09-11 10:21:00+00:00,355.695,1.0,0.0,1.0,0.0
2014-09-11 10:21:06+00:00,355.0933333333333,1.0,0.0,1.0,0.0
2014-09-11 10:21:12+00:00,355.71333333333337,1.0,0.0,0.0,0.0
2014-09-11 10:21:18+00:00,355.58500000000004,1.0,0.0,1.0,0.0
2014-09-11 10:21:24+00:00,355.945,1.0,0.0,1.0,0.0
2014-09-11 10:21:30+00:00,356.18333333333334,0.0,0.0,1.0,0.0
2014-09-11 10:21:36+00:00,355.7716666666667,1.0,0.0,1.0,0.0
2014-09-11 10:21:42+00:00,356.54999999999995,1.0,0.0,1.0,0.0
2014-09-11 10:21:48+00:00,356.685,1.0,0.0,1.0,0.0
2014-09-11 10:21:54+00:00,356.2966666666666,1.0,0.0,1.0,0.0
2014-09-11 10:22:00+00:00,356.43833333333333,1.0,0.0,1.0,0.0
2014-09-11 10:22:06+00:00,356.18666666666667,0.0,0.0,1.0,0.0
2014-09-11 10:22:12+00:00,356.07,1.0,0.0,1.0,0.0
2014-09-11 10:22:18+00:00,356.09,1.0,0.0,0.0,0.0
2014-09-11 10:22:24+00:00,355.705,0.0,0.0,1.0,0.0
2014-09-11 10:22:30+00:00,356.4066666666667,1.0,0.0,1.0,0.0
2014-09-11 10:22:36+00:00,356.13714285714286,1.0,0.0,1.0,0.0
2014-09-11 10:22:42+00:00,356.42600000000004,1.0,0.0,1.0,0.0
2014-09-11 10:22:48+00:00,356.20142857142855,1.0,0.0,0.0,0.0
2014-09-11 10:22:54+00:00,356.405,1.0,0.0,1.0,0.0
2014-09-11 10:23:00+00:00,356.69,1.0,0.0,1.0,0.0
2014-09-11 10:23:06+00:00,356.42,1.0,0.0,1.0,0.0
2014-09-11 10:23:12+00:00,356.88,1.0,0.0,1.0,0.0
2014-09-11 10:23:18+00:00,357.1671428571429,0.0,0.0,1.0,0.0
2014-09-11 10:23:24+00:00,356.56333333333333,1.0,0.0,1.0,0.0
2014-09-11 10:23:30+00:00,356.8433333333333,1.0,0.0,1.0,0.0
2014-09-11 10:23:36+00:00,357.14000000000004,1.0,0.0,1.0,0.0
2014-09-11 10:23:42+00:00,356.26,1.0,0.0,1.0,0.0
2014-09-11 10:23:48+00:00,356.41,1.0,0.0,0.0,0.0
2014-09-11 10:23:54+00:00,356.87833333333333,0.0,0.0,1.0,0.0
2014-09-11 10:24:00+00:00,356.2283333333333,1.0,0.0,1.0,0.0
2014-09-11 10:24:06+00:00,356.04333333333335,1.0,0.0,0.0,0.0
2014-09-11 10:24:12+00:00,355.64166666666665,0.0,0.0,1.0,0.0
2014-09-11 10:24:18+00:00,356.05833333333334,1.0,0.0,1.0,0.0
2014-09-11 10:24:24+00:00,355.73333333333335,1.0,0.0,1.0,0.0
2014-09-11 10:24:30+00:00,355.365,1.0,0.0,1.0,0.0
2014-09-11 10:24:36+00:00,355.07,1.0,0.0,1.0,0.0
2014-09-11 10:24:42+00:00,355.18666666666667,1.0,0.0,1.0,0.0
2014-09-11 10:24:48+00:00,354.945,1.0,0.0,0.0,0.0
2014-09-11 10:24:54+00:00,355.3516666666667,1.0,0.0,1.0,0.0
2014-09-11 10:25:00+00:00,355.27666666666664,1.0,0.0,1.0,0.0
2014-09-11 10:25:06+00:00,355.625,0.0,0.0,1.0,0.0
2014-09-11 10:25:12+00:00,316.75,1.0,0.0,1.0,0.0
2014-09-11 10:25:18+00:00,267.36833333333334,1.0,0.0,1.0,0.0
2014-09-11 10:25:24+00:00,268.135,1.0,0.0,1.0,0.0
2014-09-11 10:25:30+00:00,267.9166666666667,1.0,0.0,0.0,0.0
2014-09-11 10:25:36+00:00,268.5783333333333,0.0,0.0,1.0,0.0
2014-09-11 10:25:42+00:00,268.19666666666666,1.0,0.0,1.0,0.0
2014-09-11 10:25:48+00:00,268.675,1.0,0.0,1.0,0.0
2014-09-11 10:25:54+00:00,269.785,1.0,0.0,1.0,0.0
2014-09-11 10:26:00+00:00,268.2816666666667,1.0,0.0,0.0,0.0
2014-09-11 10:26:06+00:00,268.94166666666666,1.0,0.0,1.0,0.0
2014-09-11 10:26:12+00:00,267.005,1.0,0.0,0.0,0.0
2014-09-11 10:26:18+00:00,267.26666666666665,0.0,0.0,1.0,0.0
2014-09-11 10:26:24+00:00,267.23,1.0,0.0,1.0,0.0
2014-09-11 10:26:30+00:00,267.33666666666664,1.0,0.0,1.0,0.0
2014-09-11 10:26:36+00:00,267.305,1.0,0.0,1.0,0.0
2014-09-11 10:26:42+00:00,267.10999999999996,1.0,0.0,1.0,0.0
2014-09-11 10:26:48+00:00,267.38000000000005,1.0,0.0,1.0,0.0
2014-09-11 10:26:54+00:00,267.4116666666667,1.0,0.0,1.0,0.0
2014-09-11 10:27:00+00:00,267.535,1.0,0.0,0.0,0.0
2014-09-11 10:27:06+00:00,267.3383333333333,0.0,0.0,1.0,0.0
2014-09-11 10:27:12+00:00,267.24666666666667,1.0,0.0,1.0,0.0
2014-09-11 10:27:18+00:00,266.98499999999996,1.0,0.0,1.0,0.0
2014-09-11 10:27:24+00:00,267.38666666666666,1.0,0.0,1.0,0.0
2014-09-11 10:27:30+00:00,267.575,1.0,0.0,1.0,0.0
2014-09-11 10:27:36+00:00,266.9316666666667,1.0,0.0,1.0,0.0
2014-09-11 10:27:42+00:00,266.73833333333334,1.0,0.0,1.0,0.0
2014-09-11 10:27:48+00:00,266.895,1.0,0.0,1.0,0.0
2014-09-11 10:27:54+00:00,267.115,1.0,0.0,0.0,0.0
2014-09-11 10:28:00+00:00,267.0416666666667,1.0,0.0,1.0,0.0
2014-09-11 10:28:06+00:00,267.0883333333333,1.0,0.0,1.0,0.0
2014-09-11 10:28:12+00:00,266.685,1.0,0.0,1.0,0.0
2014-09-11 10:28:18+00:00,266.32,1.0,0.0,1.0,0.0
2014-09-11 10:28:24+00:00,266.56,1.0,0.0,1.0,0.0
2014-09-11 10:28:30+00:00,266.3516666666667,1.0,0.0,1.0,0.0
2014-09-11 10:28:36+00:00,264.5116666666667,0.0,0.0,1.0,0.0
2014-09-11 10:28:42+00:00,218.36666666666667,1.0,0.0,1.0,0.0
2014-09-11 10:28:48+00:00,218.29999999999998,1.0,0.0,1.0,0.0
2014-09-11 10:28:54+00:00,218.345,1.0,0.0,0.0,0.0
2014-09-11 10:29:00+00:00,217.77833333333334,1.0,0.0,1.0,0.0
2014-09-11 10:29:06+00:00,217.14833333333334,1.0,0.0,1.0,0.0
2014-09-11 10:29:12+00:00,217.61333333333334,1.0,0.0,1.0,0.0
2014-09-11 10:29:18+00:00,217.745,0.0,0.0,1.0,0.0
2014-09-11 10:29:24+00:00,217.76333333333332,1.0,0.0,1.0,0.0
2014-09-11 10:29:30+00:00,217.43999999999997,1.0,0.0,1.0,0.0
2014-09-11 10:29:36+00:00,218.27166666666668,1.0,0.0,1.0,0.0
2014-09-11 10:29:42+00:00,218.18833333333336,1.0,0.0,1.0,0.0
2014-09-11 10:29:48+00:00,217.75,1.0,0.0,1.0,0.0
2014-09-11 10:29:54+00:00,217.87833333333333,1.0,0.0,1.0,0.0
2014-09-11 10:30:00+00:00,217.8166666666667,1.0,0.0,0.0,0.0
2014-09-11 10:30:06+00:00,217.965,1.0,0.0,1.0,0.0
2014-09-11 10:30:12+00:00,218.21833333333333,1.0,0.0,1.0,0.0
2014-09-11 10:30:18+00:00,217.94833333333335,0.0,0.0,1.0,0.0
2014-09-11 10:30:24+00:00,217.75666666666666,1.0,0.0,1.0,0.0
2014-09-11 10:30:30+00:00,218.005,1.0,0.0,1.0,0.0
2014-09-11 10:30:36+00:00,217.95333333333335,1.0,0.0,1.0,0.0
2014-09-11 10:30:42+00:00,218.60833333333335,1.0,0.0,1.0,0.0
2014-09-11 10:30:48+00:00,218.43500000000003,1.0,0.0,0.0,0.0
2014-09-11 10:30:54+00:00,221.04,1.0,0.0,1.0,0.0
2014-09-11 10:31:00+00:00,218.96833333333333,1.0,0.0,1.0,0.0
2014-09-11 10:31:06+00:00,219.115,0.0,0.0,1.0,0.0
2014-09-11 10:31:12+00:00,218.56500000000003,1.0,0.0,1.0,0.0
2014-09-11 10:31:18+00:00,218.34166666666667,1.0,0.0,1.0,0.0
2014-09-11 10:31:24+00:00,218.67666666666665,1.0,0.0,1.0,0.0
2014-09-11 10:31:30+00:00,218.54333333333332,1.0,0.0,1.0,0.0
2014-09-11 10:31:36+00:00,218.25166666666667,1.0,0.0,0.0,0.0
2014-09-11 10:31:42+00:00,218.67166666666665,1.0,0.0,1.0,0.0
2014-09-11 10:31:48+00:00,218.46833333333333,1.0,0.0,0.0,0.0
2014-09-11 10:31:54+00:00,218.35333333333335,1.0,0.0,1.0,0.0
2014-09-11 10:32:00+00:00,218.67166666666665,0.0,0.0,1.0,0.0
2014-09-11 10:32:06+00:00,218.83166666666668,1.0,0.0,1.0,0.0
2014-09-11 10:32:12+00:00,218.4333333333333,1.0,0.0,1.0,0.0
2014-09-11 10:32:18+00:00,218.76,1.0,0.0,1.0,0.0
2014-09-11 10:32:24+00:00,219.095,1.0,0.0,1.0,0.0
2014-09-11 10:32:30+00:00,219.35333333333332,1.0,0.0,1.0,0.0
2014-09-11 10:32:36+00:00,219.23666666666668,1.0,0.0,1.0,0.0
2014-09-11 10:32:42+00:00,218.89000000000001,1.0,0.0,0.0,0.0
2014-09-11 10:32:48+00:00,218.59333333333333,0.0,0.0,1.0,0.0
2014-09-11 10:32:54+00:00,217.91,1.0,0.0,1.0,0.0
2014-09-11 10:33:00+00:00,218.24,1.0,0.0,0.0,0.0
2014-09-11 10:33:06+00:00,218.99833333333333,1.0,0.0,1.0,0.0
2014-09-11 10:33:12+00:00,218.6833333333333,0.0,0.0,1.0,0.0
2014-09-11 10:33:18+00:00,218.29166666666666,1.0,0.0,1.0,0.0
2014-09-11 10:33:24+00:00,218.76666666666665,1.0,0.0,1.0,0.0
2014-09-11 10:33:30+00:00,218.65333333333334,1.0,0.0,1.0,0.0
2014-09-11 10:33:36+00:00,218.07000000000002,1.0,0.0,1.0,0.0
2014-09-11 10:33:42+00:00,218.74833333333333,1.0,0.0,1.0,0.0
2014-09-11 10:33:48+00:00,218.08166666666668,1.0,0.0,0.0,0.0
2014-09-11 10:33:54+00:00,218.48666666666668,1.0,0.0,1.0,0.0
2014-09-11 10:34:00+00:00,218.13833333333332,0.0,0.0,1.0,0.0
2014-09-11 10:34:06+00:00,218.32500000000002,1.0,0.0,1.0,0.0
2014-09-11 10:34:12+00:00,217.995,1.0,0.0,1.0,0.0
2014-09-11 10:34:18+00:00,218.16666666666666,1.0,0.0,1.0,0.0
2014-09-11 10:34:24+00:00,217.59,1.0,0.0,1.0,0.0
2014-09-11 10:34:30+00:00,217.9283333333333,1.0,0.0,1.0,0.0
2014-09-11 10:34:36+00:00,218.21666666666667,1.0,0.0,1.0,0.0
2014-09-11 10:34:42+00:00,218.8083333333333,1.0,0.0,0.0,0.0
2014-09-11 10:34:48+00:00,217.98333333333335,1.0,0.0,1.0,0.0
2014-09-11 10:34:54+00:00,218.17166666666665,1.0,0.0,1.0,0.0
2014-09-11 10:35:00+00:00,218.12333333333333,0.0,0.0,1.0,0.0
2014-09-11 10:35:06+00:00,217.635,1.0,0.0,1.0,0.0
2014-09-11 10:35:12+00:00,217.82500000000002,1.0,0.0,1.0,0.0
2014-09-11 10:35:18+00:00,322.87,1.0,0.0,1.0,0.0
2014-09-11 10:35:24+00:00,392.16166666666663,1.0,0.0,1.0,0.0
2014-09-11 10:35:30+00:00,319.33,1.0,103.0,1.0,0.0
2014-09-11 10:35:36+00:00,317.23833333333334,1.0,99.0,0.0,0.0
2014-09-11 10:35:42+00:00,316.40333333333336,0.0,0.0,1.0,0.0
2014-09-11 10:35:48+00:00,315.12666666666667,1.0,98.0,1.0,0.0
2014-09-11 10:35:54+00:00,314.91833333333335,1.0,96.0,0.0,0.0
2014-09-11 10:36:00+00:00,316.68666666666667,0.0,97.0,1.0,0.0
2014-09-11 10:36:06+00:00,314.83666666666664,1.0,97.0,1.0,0.0
2014-09-11 10:36:12+00:00,314.15500000000003,1.0,96.0,1.0,0.0
2014-09-11 10:36:18+00:00,312.95,1.0,95.0,1.0,0.0
2014-09-11 10:36:24+00:00,310.7283333333333,1.0,93.0,1.0,0.0
2014-09-11 10:36:30+00:00,306.52500000000003,1.0,88.0,1.0,0.0
2014-09-11 10:36:36+00:00,305.7916666666667,1.0,0.0,1.0,0.0
2014-09-11 10:36:42+00:00,304.8183333333333,1.0,87.0,1.0,0.0
2014-09-11 10:36:48+00:00,303.665,1.0,85.0,0.0,0.0
2014-09-11 10:36:54+00:00,303.51166666666666,0.0,0.0,1.0,0.0
2014-09-11 10:37:00+00:00,303.90166666666664,1.0,85.0,1.0,0.0
2014-09-11 10:37:06+00:00,304.805,1.0,85.0,0.0,0.0
2014-09-11 10:37:12+00:00,305.0566666666667,1.0,86.0,1.0,0.0
2014-09-11 10:37:18+00:00,305.695,0.0,87.0,1.0,0.0
2014-09-11 10:37:24+00:00,306.5783333333333,1.0,0.0,1.0,0.0
2014-09-11 10:37:30+00:00,306.2233333333333,1.0,87.0,1.0,0.0
2014-09-11 10:37:36+00:00,306.3983333333333,1.0,88.0,1.0,0.0
2014-09-11 10:37:42+00:00,306.44166666666666,1.0,88.0,0.0,0.0
2014-09-11 10:37:48+00:00,306.6166666666667,0.0,88.0,1.0,0.0
2014-09-11 10:37:54+00:00,307.05833333333334,1.0,88.0,1.0,0.0
2014-09-11 10:38:00+00:00,306.6016666666667,1.0,0.0,1.0,0.0
2014-09-11 10:38:06+00:00,307.59499999999997,1.0,88.0,0.0,0.0
2014-09-11 10:38:12+00:00,308.1383333333333,1.0,89.0,1.0,0.0
2014-09-11 10:38:18+00:00,308.265,1.0,89.0,1.0,0.0
2014-09-11 10:38:24+00:00,307.99,1.0,89.0,1.0,0.0
2014-09-11 10:38:30+00:00,308.22333333333336,0.0,89.0,1.0,0.0
2014-09-11 10:38:36+00:00,308.8183333333333,1.0,0.0,1.0,0.0
2014-09-11 10:38:42+00:00,309.6566666666667,1.0,90.0,1.0,0.0
2014-09-11 10:38:48+00:00,309.60833333333335,1.0,90.0,0.0,0.0
2014-09-11 10:38:54+00:00,310.13666666666666,1.0,91.0,1.0,0.0
2014-09-11 10:39:00+00:00,309.74833333333333,1.0,91.0,1.0,0.0
2014-09-11 10:39:06+00:00,336.19166666666666,0.0,91.0,1.0,0.0
2014-09-11 10:39:12+00:00,358.03833333333336,1.0,91.0,1.0,0.0
2014-09-11 10:39:18+00:00,358.18666666666667,0.0,0.0,1.0,0.0
2014-09-11 10:39:24+00:00,358.97499999999997,1.0,92.0,1.0,0.0
2014-09-11 10:39:30+00:00,359.4533333333333,1.0,91.0,0.0,0.0
2014-09-11 10:39:36+00:00,359.555,0.0,92.0,1.0,0.0
2014-09-11 10:39:42+00:00,359.9166666666667,1.0,92.0,1.0,0.0
2014-09-11 10:39:48+00:00,359.75333333333333,1.0,92.0,1.0,0.0
2014-09-11 10:39:54+00:00,360.38166666666666,1.0,0.0,1.0,0.0
2014-09-11 10:40:00+00:00,360.1483333333333,1.0,92.0,1.0,0.0
2014-09-11 10:40:06+00:00,360.17333333333335,1.0,93.0,1.0,0.0
2014-09-11 10:40:12+00:00,360.35833333333335,1.0,93.0,1.0,0.0
2014-09-11 10:40:18+00:00,360.14000000000004,1.0,93.0,0.0,0.0
2014-09-11 10:40:24+00:00,359.4283333333333,1.0,92.0,1.0,0.0
2014-09-11 10:40:30+00:00,360.38000000000005,0.0,0.0,1.0,0.0
2014-09-11 10:40:36+00:00,361.04333333333335,1.0,93.0,1.0,0.0
2014-09-11 10:40:42+00:00,360.59166666666664,1.0,93.0,0.0,0.0
2014-09-11 10:40:48+00:00,359.99333333333334,0.0,92.0,1.0,0.0
2014-09-11 10:40:54+00:00,360.2033333333333,1.0,92.0,1.0,0.0
2014-09-11 10:41:00+00:00,360.73333333333335,0.0,92.0,1.0,0.0
2014-09-11 10:41:06+00:00,360.58666666666664,1.0,92.0,1.0,0.0
2014-09-11 10:41:12+00:00,359.7616666666666,1.0,0.0,1.0,0.0
2014-09-11 10:41:18+00:00,359.13000000000005,1.0,92.0,1.0,0.0
2014-09-11 10:41:24+00:00,358.7316666666666,1.0,92.0,0.0,0.0
2014-09-11 10:41:30+00:00,358.75666666666666,1.0,93.0,1.0,0.0
2014-09-11 10:41:36+00:00,358.29333333333335,1.0,92.0,1.0,0.0
2014-09-11 10:41:42+00:00,358.17333333333335,1.0,92.0,1.0,0.0
2014-09-11 10:41:48+00:00,357.97166666666664,0.0,92.0,1.0,0.0
2014-09-11 10:41:54+00:00,356.9683333333333,1.0,0.0,1.0,0.0
2014-09-11 10:42:00+00:00,357.1483333333333,1.0,91.0,1.0,0.0
2014-09-11 10:42:06+00:00,357.4216666666666,1.0,92.0,1.0,0.0
2014-09-11 10:42:12+00:00,357.9433333333333,1.0,91.0,1.0,0.0
2014-09-11 10:42:18+00:00,357.7816666666667,1.0,92.0,1.0,0.0
2014-09-11 10:42:24+00:00,357.68833333333333,1.0,92.0,1.0,0.0
2014-09-11 10:42:30+00:00,358.11833333333334,1.0,92.0,0.0,0.0
2014-09-11 10:42:36+00:00,357.375,0.0,0.0,1.0,0.0
2014-09-11 10:42:42+00:00,357.41166666666663,1.0,92.0,1.0,0.0
2014-09-11 10:42:48+00:00,358.7633333333333,1.0,91.0,0.0,0.0
2014-09-11 10:42:54+00:00,357.66833333333335,0.0,92.0,1.0,0.0
2014-09-11 10:43:00+00:00,357.4783333333333,1.0,92.0,1.0,0.0
2014-09-11 10:43:06+00:00,357.79333333333335,1.0,92.0,1.0,0.0
2014-09-11 10:43:12+00:00,357.0333333333333,1.0,91.0,1.0,0.0
2014-09-11 10:43:18+00:00,357.125,1.0,92.0,1.0,0.0
2014-09-11 10:43:24+00:00,356.705,1.0,91.0,1.0,0.0
2014-09-11 10:43:30+00:00,356.82666666666665,1.0,0.0,1.0,0.0
2014-09-11 10:43:36+00:00,356.9483333333333,1.0,91.0,1.0,0.0
2014-09-11 10:43:42+00:00,356.2816666666667,1.0,91.0,1.0,0.0
2014-09-11 10:43:48+00:00,355.7516666666667,1.0,91.0,0.0,0.0
2014-09-11 10:43:54+00:00,356.44,0.0,90.0,1.0,0.0
2014-09-11 10:44:00+00:00,356.53000000000003,1.0,91.0,1.0,0.0
2014-09-11 10:44:06+00:00,356.56666666666666,1.0,91.0,1.0,0.0
2014-09-11 10:44:12+00:00,357.175,1.0,0.0,1.0,0.0
2014-09-11 10:44:18+00:00,356.83500000000004,1.0,91.0,0.0,0.0
2014-09-11 10:44:24+00:00,356.85999999999996,1.0,91.0,1.0,0.0
2014-09-11 10:44:30+00:00,357.33166666666665,0.0,90.0,1.0,0.0
2014-09-11 10:44:36+00:00,357.61999999999995,1.0,90.0,1.0,0.0
2014-09-11 10:44:42+00:00,357.1933333333333,0.0,0.0,1.0,0.0
2014-09-11 10:44:48+00:00,357.03666666666663,1.0,91.0,1.0,0.0
2014-09-11 10:44:54+00:00,356.6116666666667,1.0,90.0,1.0,0.0
2014-09-11 10:45:00+00:00,357.2266666666667,1.0,90.0,1.0,0.0
2014-09-11 10:45:06+00:00,357.12166666666667,1.0,91.0,1.0,0.0
2014-09-11 10:45:12+00:00,357.12999999999994,1.0,90.0,1.0,0.0
2014-09-11 10:45:18+00:00,356.68833333333333,1.0,89.0,0.0,0.0
2014-09-11 10:45:24+00:00,356.3633333333334,0.0,90.0,1.0,0.0
2014-09-11 10:45:30+00:00,356.32666666666665,1.0,90.0,1.0,0.0
2014-09-11 10:45:36+00:00,355.5816666666667,1.0,89.0,1.0,0.0
2014-09-11 10:45:42+00:00,355.86285714285714,1.0,90.0,1.0,0.0
2014-09-11 10:45:48+00:00,354.776,1.0,89.0,1.0,0.0
2014-09-11 10:45:54+00:00,355.36857142857144,1.0,0.0,1.0,0.0
2014-09-11 10:46:00+00:00,357.19,1.0,90.0,0.0,0.0
2014-09-11 10:46:06+00:00,355.63000000000005,1.0,90.0,1.0,0.0
2014-09-11 10:46:12+00:00,354.93333333333334,0.0,0.0,1.0,0.0
2014-09-11 10:46:18+00:00,354.98,1.0,90.0,1.0,0.0
2014-09-11 10:46:24+00:00,354.9783333333333,1.0,90.0,1.0,0.0
2014-09-11 10:46:30+00:00,355.2616666666667,1.0,89.0,0.0,0.0
2014-09-11 10:46:36+00:00,355.75333333333333,0.0,90.0,1.0,0.0
2014-09-11 10:46:42+00:00,356.17333333333335,1.0,90.0,1.0,0.0
2014-09-11 10:46:48+00:00,355.47499999999997,1.0,90.0,1.0,0.0
2014-09-11 10:46:54+00:00,355.04833333333335,1.0,89.0,1.0,0.0
2014-09-11 10:47:00+00:00,355.2483333333333,1.0,89.0,1.0,0.0
2014-09-11 10:47:06+00:00,355.5466666666666,1.0,0.0,1.0,0.0
2014-09-11 10:47:12+00:00,355.675,1.0,89.0,1.0,0.0
2014-09-11 10:47:18+00:00,355.8566666666666,1.0,90.0,0.0,0.0
2014-09-11 10:47:24+00:00,355.59833333333336,1.0,90.0,1.0,0.0
2014-09-11 10:47:30+00:00,355.22166666666664,1.0,90.0,1.0,0.0
2014-09-11 10:47:36+00:00,356.20166666666665,0.0,0.0,1.0,0.0
2014-09-11 10:47:42+00:00,356.32166666666666,1.0,90.0,1.0,0.0
2014-09-11 10:47:48+00:00,355.93,1.0,90.0,1.0,0.0
2014-09-11 10:47:54+00:00,356.3283333333334,1.0,90.0,0.0,0.0
2014-09-11 10:48:00+00:00,356.5683333333333,1.0,90.0,1.0,0.0
2014-09-11 10:48:06+00:00,356.6433333333334,1.0,90.0,1.0,0.0
2014-09-11 10:48:12+00:00,355.73499999999996,0.0,90.0,1.0,0.0
2014-09-11 10:48:18+00:00,355.7166666666667,1.0,90.0,1.0,0.0
2014-09-11 10:48:24+00:00,354.8616666666667,1.0,89.0,1.0,0.0
2014-09-11 10:48:30+00:00,356.18666666666667,1.0,0.0,1.0,0.0
2014-09-11 10:48:36+00:00,355.9983333333333,1.0,90.0,1.0,0.0
2014-09-11 10:48:42+00:00,356.13166666666666,1.0,91.0,0.0,0.0
2014-09-11 10:48:48+00:00,355.65000000000003,1.0,91.0,1.0,0.0
2014-09-11 10:48:54+00:00,355.76666666666665,0.0,0.0,1.0,0.0
2014-09-11 10:49:00+00:00,356.65333333333336,1.0,90.0,1.0,0.0
2014-09-11 10:49:06+00:00,355.9883333333333,1.0,90.0,1.0,0.0
2014-09-11 10:49:12+00:00,355.7266666666667,1.0,90.0,1.0,0.0
2014-09-11 10:49:18+00:00,355.86833333333334,1.0,90.0,0.0,0.0
2014-09-11 10:49:24+00:00,356.40166666666664,1.0,90.0,1.0,0.0
2014-09-11 10:49:30+00:00,356.7166666666667,0.0,90.0,1.0,0.0
2014-09-11 10:49:36+00:00,356.47499999999997,1.0,90.0,1.0,0.0
2014-09-11 10:49:42+00:00,356.98333333333335,1.0,90.0,1.0,0.0
2014-09-11 10:49:48+00:00,357.4583333333333,1.0,90.0,1.0,0.0
2014-09-11 10:49:54+00:00,356.555,1.0,90.0,1.0,0.0
2014-09-11 10:50:00+00:00,356.43833333333333,1.0,0.0,1.0,0.0
2014-09-11 10:50:06+00:00,357.1383333333333,1.0,90.0,0.0,0.0
2014-09-11 10:50:12+00:00,356.19,1.0,90.0,1.0,0.0
2014-09-11 10:50:18+00:00,356.2916666666667,1.0,89.0,1.0,0.0
2014-09-11 10:50:24+00:00,356.175,0.0,0.0,1.0,0.0
2014-09-11 10:50:30+00:00,356.49500000000006,1.0,90.0,1.0,0.0
2014-09-11 10:50:36+00:00,356.3,1.0,90.0,0.0,0.0
2014-09-11 10:50:42+00:00,355.14166666666665,1.0,90.0,1.0,0.0
2014-09-11 10:50:48+00:00,354.7816666666667,1.0,90.0,1.0,0.0
2014-09-11 10:50:54+00:00,355.2033333333333,0.0,90.0,1.0,0.0
2014-09-11 10:51:00+00:00,355.065,1.0,0.0,1.0,0.0
2014-09-11 10:51:06+00:00,355.415,1.0,90.0,1.0,0.0
2014-09-11 10:51:12+00:00,355.2866666666667,1.0,90.0,0.0,0.0
2014-09-11 10:51:18+00:00,355.5533333333333,1.0,90.0,1.0,0.0
2014-09-11 10:51:24+00:00,355.27666666666664,1.0,90.0,1.0,0.0
2014-09-11 10:51:30+00:00,355.5366666666667,1.0,91.0,1.0,0.0
2014-09-11 10:51:36+00:00,355.19666666666666,0.0,0.0,1.0,0.0
2014-09-11 10:51:42+00:00,355.95,1.0,90.0,1.0,0.0
2014-09-11 10:51:48+00:00,356.1366666666667,1.0,90.0,1.0,0.0
2014-09-11 10:51:54+00:00,355.80833333333334,1.0,91.0,1.0,0.0
2014-09-11 10:52:00+00:00,356.52500000000003,1.0,90.0,1.0,0.0
2014-09-11 10:52:06+00:00,357.17833333333334,1.0,90.0,0.0,0.0
2014-09-11 10:52:12+00:00,355.8333333333333,0.0,91.0,1.0,0.0
2014-09-11 10:52:18+00:00,356.09,1.0,90.0,1.0,0.0
2014-09-11 10:52:24+00:00,356.16499999999996,1.0,90.0,1.0,0.0
2014-09-11 10:52:30+00:00,356.215,1.0,90.0,1.0,0.0
2014-09-11 10:52:36+00:00,356.61999999999995,1.0,0.0,1.0,0.0
2014-09-11 10:52:42+00:00,357.34666666666664,1.0,91.0,0.0,0.0
2014-09-11 10:52:48+00:00,356.8666666666666,1.0,91.0,1.0,0.0
2014-09-11 10:52:54+00:00,357.145,1.0,91.0,1.0,0.0
2014-09-11 10:53:00+00:00,357.49666666666667,1.0,90.0,1.0,0.0
2014-09-11 10:53:06+00:00,357.08166666666665,0.0,90.0,1.0,0.0
2014-09-11 10:53:12+00:00,356.77833333333336,1.0,0.0,1.0,0.0
2014-09-11 10:53:18+00:00,356.135,1.0,90.0,1.0,0.0
2014-09-11 10:53:24+00:00,355.8833333333334,1.0,90.0,1.0,0.0
2014-09-11 10:53:30+00:00,356.68666666666667,1.0,91.0,1.0,0.0
2014-09-11 10:53:36+00:00,357.3283333333334,1.0,90.0,1.0,0.0
2014-09-11 10:53:42+00:00,356.78833333333336,1.0,91.0,1.0,0.0
2014-09-11 10:53:48+00:00,356.5783333333333,1.0,90.0,1.0,0.0
2014-09-11 10:53:54+00:00,356.4783333333333,1.0,90.0,1.0,0.0
2014-09-11 10:54:00+00:00,356.8866666666667,1.0,91.0,1.0,0.0
2014-09-11 10:54:06+00:00,356.49,1.0,91.0,0.0,0.0
2014-09-11 10:54:12+00:00,356.32666666666665,1.0,90.0,1.0,0.0
2014-09-11 10:54:18+00:00,356.8333333333333,1.0,90.0,1.0,0.0
2014-09-11 10:54:24+00:00,356.385,0.0,0.0,1.0,0.0
2014-09-11 10:54:30+00:00,356.4683333333333,1.0,91.0,1.0,0.0
2014-09-11 10:54:36+00:00,356.61833333333334,1.0,90.0,1.0,0.0
2014-09-11 10:54:42+00:00,356.55833333333334,1.0,91.0,1.0,0.0
2014-09-11 10:54:48+00:00,356.01,1.0,91.0,1.0,0.0
2014-09-11 10:54:54+00:00,357.15000000000003,1.0,90.0,1.0,0.0
2014-09-11 10:55:00+00:00,356.43333333333334,1.0,91.0,0.0,0.0
2014-09-11 10:55:06+00:00,356.465,0.0,90.0,1.0,0.0
2014-09-11 10:55:12+00:00,356.8333333333333,1.0,90.0,1.0,0.0
2014-09-11 10:55:18+00:00,357.00500000000005,1.0,91.0,1.0,0.0
2014-09-11 10:55:24+00:00,356.6566666666667,1.0,0.0,1.0,0.0
2014-09-11 10:55:30+00:00,356.46166666666664,1.0,90.0,1.0,0.0
2014-09-11 10:55:36+00:00,356.6033333333333,1.0,90.0,1.0,0.0
2014-09-11 10:55:42+00:00,357.70666666666665,1.0,90.0,1.0,0.0
2014-09-11 10:55:48+00:00,357.84833333333336,1.0,90.0,1.0,0.0
2014-09-11 10:55:54+00:00,357.37166666666667,1.0,91.0,0.0,0.0
2014-09-11 10:56:00+00:00,360.20666666666665,1.0,91.0,1.0,0.0
2014-09-11 10:56:06+00:00,358.09666666666664,1.0,91.0,1.0,0.0
2014-09-11 10:56:12+00:00,357.8533333333333,0.0,0.0,1.0,0.0
2014-09-11 10:56:18+00:00,357.7916666666667,1.0,92.0,1.0,0.0
2014-09-11 10:56:24+00:00,357.38166666666666,1.0,90.0,1.0,0.0
2014-09-11 10:56:30+00:00,358.1333333333334,1.0,91.0,1.0,0.0
2014-09-11 10:56:36+00:00,358.06,1.0,91.0,0.0,0.0
2014-09-11 10:56:42+00:00,357.49499999999995,1.0,91.0,1.0,0.0
2014-09-11 10:56:48+00:00,357.08166666666665,1.0,91.0,1.0,0.0
2014-09-11 10:56:54+00:00,358.3866666666667,0.0,91.0,1.0,0.0
2014-09-11 10:57:00+00:00,358.6466666666667,1.0,91.0,1.0,0.0
2014-09-11 10:57:06+00:00,358.72,1.0,90.0,1.0,0.0
2014-09-11 10:57:12+00:00,357.8616666666667,1.0,0.0,1.0,0.0
2014-09-11 10:57:18+00:00,358.4916666666666,1.0,91.0,1.0,0.0
2014-09-11 10:57:24+00:00,356.885,1.0,91.0,0.0,0.0
2014-09-11 10:57:30+00:00,357.0016666666666,0.0,90.0,1.0,0.0
2014-09-11 10:57:36+00:00,357.885,1.0,91.0,1.0,0.0
2014-09-11 10:57:42+00:00,358.0416666666667,1.0,0.0,1.0,0.0
2014-09-11 10:57:48+00:00,357.6466666666667,1.0,91.0,0.0,0.0
2014-09-11 10:57:54+00:00,357.25666666666666,1.0,91.0,1.0,0.0
2014-09-11 10:58:00+00:00,357.0833333333333,0.0,91.0,1.0,0.0
2014-09-11 10:58:06+00:00,356.94666666666666,1.0,90.0,1.0,0.0
2014-09-11 10:58:12+00:00,357.0733333333333,1.0,91.0,1.0,0.0
2014-09-11 10:58:18+00:00,356.2383333333333,1.0,0.0,1.0,0.0
2014-09-11 10:58:24+00:00,355.9983333333333,1.0,91.0,1.0,0.0
2014-09-11 10:58:30+00:00,356.1666666666667,1.0,91.0,0.0,0.0
2014-09-11 10:58:36+00:00,356.23333333333335,0.0,90.0,1.0,0.0
2014-09-11 10:58:42+00:00,356.36833333333334,1.0,0.0,1.0,0.0
2014-09-11 10:58:48+00:00,356.6566666666667,1.0,90.0,0.0,0.0
2014-09-11 10:58:54+00:00,356.23333333333335,1.0,91.0,1.0,0.0
2014-09-11 10:59:00+00:00,355.9666666666667,0.0,0.0,1.0,0.0
2014-09-11 10:59:06+00:00,356.4266666666667,1.0,91.0,1.0,0.0
2014-09-11 10:59:12+00:00,356.40000000000003,1.0,91.0,1.0,0.0
2014-09-11 10:59:18+00:00,687.0316666666666,1.0,91.0,0.0,0.0
2014-09-11 10:59:24+00:00,2809.4533333333334,1.0,91.0,1.0,0.0
2014-09-11 10:59:30+00:00,2767.941666666667,1.0,90.0,1.0,0.0
2014-09-11 10:59:36+00:00,2764.5916666666667,1.0,91.0,1.0,0.0
2014-09-11 10:59:42+00:00,2756.485,0.0,0.0,1.0,0.0
2014-09-11 10:59:48+00:00,2752.53,1.0,92.0,1.0,0.0
2014-09-11 10:59:54+00:00,2753.3250000000003,1.0,92.0,1.0,0.0
2014-09-11 11:00:00+00:00,2760.1083333333336,1.0,93.0,1.0,0.0
2014-09-11 11:00:06+00:00,2776.655,1.0,93.0,1.0,0.0
2014-09-11 11:00:12+00:00,2779.491666666667,1.0,93.0,0.0,0.0
2014-09-11 11:00:18+00:00,2780.785,1.0,94.0,1.0,0.0
2014-09-11 11:00:24+00:00,2777.3199999999997,1.0,94.0,1.0,0.0
2014-09-11 11:00:30+00:00,2769.1316666666667,1.0,93.0,1.0,0.0
2014-09-11 11:00:36+00:00,2769.7450000000003,1.0,93.0,1.0,0.0
2014-09-11 11:00:42+00:00,2787.2966666666666,1.0,94.0,1.0,0.0
2014-09-11 11:00:48+00:00,2780.5166666666664,1.0,93.0,1.0,9.0
2014-09-11 11:00:54+00:00,2775.183333333333,0.0,93.0,1.0,10.0
2014-09-11 11:01:00+00:00,2772.8633333333332,1.0,93.0,1.0,10.0
2014-09-11 11:01:06+00:00,2765.0699999999997,1.0,93.0,1.0,10.0
2014-09-11 11:01:12+00:00,2724.2033333333334,1.0,0.0,1.0,5.0
2014-09-11 11:01:18+00:00,2723.495,1.0,92.0,1.0,9.0
2014-09-11 11:01:24+00:00,2719.88,1.0,92.0,1.0,9.0
2014-09-11 11:01:30+00:00,2774.4950000000003,1.0,92.0,0.0,9.0
2014-09-11 11:01:36+00:00,2795.5733333333333,1.0,91.0,1.0,121.0
2014-09-11 11:01:42+00:00,2792.1583333333333,1.0,91.0,1.0,3.0
2014-09-11 11:01:48+00:00,2712.795,1.0,91.0,1.0,0.0
2014-09-11 11:01:54+00:00,2712.6883333333335,0.0,90.0,1.0,9.0
2014-09-11 11:02:00+00:00,2839.6733333333336,1.0,90.0,1.0,9.0
2014-09-11 11:02:06+00:00,2947.3283333333334,1.0,90.0,1.0,145.0
2014-09-11 11:02:12+00:00,2715.2633333333333,1.0,90.0,1.0,142.0
2014-09-11 11:02:18+00:00,2752.638333333334,1.0,89.0,1.0,9.0
2014-09-11 11:02:24+00:00,2576.568333333333,1.0,89.0,1.0,36.0
2014-09-11 11:02:30+00:00,494.8866666666667,1.0,0.0,1.0,135.0
2014-09-11 11:02:36+00:00,394.2866666666667,1.0,89.0,1.0,173.0
2014-09-11 11:02:42+00:00,365.33,1.0,89.0,0.0,0.0
2014-09-11 11:02:48+00:00,618.4,0.0,0.0,1.0,8.0
2014-09-11 11:02:54+00:00,469.1933333333333,1.0,89.0,1.0,218.0
2014-09-11 11:03:00+00:00,512.1883333333334,1.0,89.0,1.0,136.0
2014-09-11 11:03:06+00:00,373.435,1.0,88.0,1.0,225.0
2014-09-11 11:03:12+00:00,414.35833333333335,1.0,88.0,1.0,4.0
2014-09-11 11:03:18+00:00,333.70666666666665,1.0,88.0,1.0,9.0
2014-09-11 11:03:24+00:00,635.385,1.0,87.0,0.0,0.0
2014-09-11 11:03:30+00:00,480.5316666666667,1.0,88.0,1.0,306.0
2014-09-11 11:03:36+00:00,519.045,1.0,88.0,1.0,234.0
2014-09-11 11:03:42+00:00,600.0366666666666,1.0,87.0,1.0,238.0
2014-09-11 11:03:48+00:00,2428.233333333333,1.0,87.0,1.0,227.0
2014-09-11 11:03:54+00:00,2249.555,1.0,87.0,1.0,1981.0
2014-09-11 11:04:00+00:00,339.9483333333333,1.0,87.0,1.0,1829.0
2014-09-11 11:04:06+00:00,2017.3533333333332,1.0,87.0,1.0,10.0
2014-09-11 11:04:12+00:00,2461.463333333333,0.0,86.0,1.0,2035.0
2014-09-11 11:04:18+00:00,2192.025,1.0,87.0,1.0,1967.0
2014-09-11 11:04:24+00:00,2341.0333333333333,1.0,86.0,1.0,1754.0
2014-09-11 11:04:30+00:00,2268.1866666666665,1.0,87.0,1.0,1742.0
2014-09-11 11:04:36+00:00,2432.5316666666663,1.0,0.0,1.0,1945.0
2014-09-11 11:04:42+00:00,2191.3116666666665,1.0,87.0,1.0,1951.0
2014-09-11 11:04:48+00:00,2376.8166666666666,1.0,86.0,1.0,1733.0
2014-09-11 11:04:54+00:00,2220.8216666666667,1.0,86.0,1.0,1750.0
2014-09-11 11:05:00+00:00,2438.3816666666667,1.0,86.0,1.0,1976.0
2014-09-11 11:05:06+00:00,2246.6800000000003,1.0,86.0,1.0,1973.0
2014-09-11 11:05:12+00:00,2380.4866666666667,1.0,86.0,0.0,1773.0
2014-09-11 11:05:18+00:00,2186.8683333333333,1.0,86.0,1.0,1963.0
2014-09-11 11:05:24+00:00,2465.215,1.0,85.0,1.0,2021.0
2014-09-11 11:05:30+00:00,2312.81,1.0,86.0,1.0,1990.0
2014-09-11 11:05:36+00:00,2321.938333333333,1.0,85.0,1.0,1746.0
2014-09-11 11:05:42+00:00,2189.4083333333333,1.0,85.0,1.0,1816.0
2014-09-11 11:05:48+00:00,2431.865,1.0,86.0,1.0,1985.0
2014-09-11 11:05:54+00:00,2369.6066666666666,1.0,86.0,1.0,2016.0
2014-09-11 11:06:00+00:00,2262.81,1.0,85.0,1.0,0.0
2014-09-11 11:06:06+00:00,2239.39,0.0,86.0,1.0,1746.0
2014-09-11 11:06:12+00:00,2372.023333333333,1.0,0.0,1.0,1750.0
2014-09-11 11:06:18+00:00,2407.2016666666664,1.0,85.0,1.0,1976.0
2014-09-11 11:06:24+00:00,2209.963333333333,1.0,85.0,1.0,1934.0
2014-09-11 11:06:30+00:00,2292.645,1.0,85.0,1.0,1761.0
2014-09-11 11:06:36+00:00,2317.9083333333333,1.0,85.0,1.0,1734.0
2014-09-11 11:06:42+00:00,2419.9916666666663,1.0,85.0,1.0,1936.0
2014-09-11 11:06:48+00:00,2171.3483333333334,1.0,85.0,0.0,1758.0
2014-09-11 11:06:54+00:00,2344.773333333333,1.0,85.0,1.0,3584.0
2014-09-11 11:07:00+00:00,2251.0833333333335,1.0,84.0,1.0,1745.0
2014-09-11 11:07:06+00:00,2422.645,0.0,84.0,1.0,0.0
2014-09-11 11:07:12+00:00,2194.286666666667,1.0,85.0,1.0,1974.0
2014-09-11 11:07:18+00:00,2380.07,1.0,84.0,1.0,1739.0
2014-09-11 11:07:24+00:00,2218.08,1.0,85.0,1.0,1971.0
2014-09-11 11:07:30+00:00,2436.035,1.0,0.0,1.0,1924.0
2014-09-11 11:07:36+00:00,2258.2683333333334,1.0,84.0,1.0,1952.0
2014-09-11 11:07:42+00:00,1657.415,1.0,84.0,0.0,1770.0
2014-09-11 11:07:48+00:00,361.3866666666667,0.0,84.0,1.0,217.0
2014-09-11 11:07:54+00:00,626.5166666666667,1.0,85.0,1.0,0.0
2014-09-11 11:08:00+00:00,493.28,1.0,84.0,1.0,192.0
2014-09-11 11:08:06+00:00,503.055,1.0,85.0,1.0,232.0
2014-09-11 11:08:12+00:00,388.71166666666664,1.0,0.0,1.0,146.0
2014-09-11 11:08:18+00:00,610.89,1.0,84.0,1.0,4.0
2014-09-11 11:08:24+00:00,438.68333333333334,1.0,84.0,1.0,223.0
2014-09-11 11:08:30+00:00,482.98333333333335,1.0,84.0,0.0,0.0
2014-09-11 11:08:36+00:00,635.5416666666666,1.0,84.0,1.0,42.0
2014-09-11 11:08:42+00:00,362.73,1.0,84.0,1.0,248.0
2014-09-11 11:08:48+00:00,562.8416666666667,0.0,0.0,1.0,229.0
2014-09-11 11:08:54+00:00,444.295,1.0,84.0,1.0,238.0
2014-09-11 11:09:00+00:00,1908.735,1.0,84.0,0.0,245.0
2014-09-11 11:09:06+00:00,2199.69,1.0,84.0,1.0,1794.0
2014-09-11 11:09:12+00:00,2331.733333333333,1.0,84.0,0.0,0.0
2014-09-11 11:09:18+00:00,2154.445,1.0,85.0,1.0,1821.0
2014-09-11 11:09:24+00:00,2310.345,1.0,83.0,1.0,1759.0
2014-09-11 11:09:30+00:00,2156.035,1.0,84.0,1.0,1771.0
2014-09-11 11:09:36+00:00,2297.978333333333,0.0,84.0,1.0,1766.0
2014-09-11 11:09:42+00:00,2171.3433333333337,1.0,83.0,1.0,2037.0
2014-09-11 11:09:48+00:00,2264.008333333333,1.0,84.0,1.0,1758.0
2014-09-11 11:09:54+00:00,2099.991666666667,1.0,0.0,1.0,2060.0
2014-09-11 11:10:00+00:00,2248.475,1.0,0.0,1.0,1752.0
2014-09-11 11:10:06+00:00,2099.978333333333,1.0,0.0,1.0,1909.0
2014-09-11 11:10:12+00:00,2254.4333333333334,1.0,0.0,0.0,1752.0
2014-09-11 11:10:18+00:00,2103.7616666666668,1.0,0.0,1.0,1948.0
2014-09-11 11:10:24+00:00,2236.5516666666667,1.0,0.0,1.0,1750.0
2014-09-11 11:10:30+00:00,2089.025,1.0,0.0,1.0,1745.0
2014-09-11 11:10:36+00:00,2253.72,1.0,0.0,0.0,1757.0
2014-09-11 11:10:42+00:00,2095.1,1.0,0.0,1.0,1743.0
2014-09-11 11:10:48+00:00,2248.193333333333,1.0,0.0,1.0,1786.0
2014-09-11 11:10:54+00:00,2090.84,0.0,0.0,1.0,0.0
2014-09-11 11:11:00+00:00,2237.3633333333332,1.0,0.0,1.0,1738.0
2014-09-11 11:11:06+00:00,2104.315,1.0,0.0,1.0,1997.0
2014-09-11 11:11:12+00:00,2244.68,1.0,17.0,1.0,1752.0
2014-09-11 11:11:18+00:00,2090.7533333333336,1.0,17.0,1.0,2013.0
2014-09-11 11:11:24+00:00,2236.8133333333335,1.0,0.0,1.0,1753.0
2014-09-11 11:11:30+00:00,2097.2116666666666,1.0,0.0,1.0,2005.0
2014-09-11 11:11:36+00:00,2242.8633333333332,1.0,0.0,0.0,0.0
2014-09-11 11:11:42+00:00,2092.9183333333335,1.0,0.0,1.0,1751.0
2014-09-11 11:11:48+00:00,2248.9683333333332,0.0,0.0,1.0,0.0
2014-09-11 11:11:54+00:00,2100.835,1.0,0.0,1.0,1982.0
2014-09-11 11:12:00+00:00,2269.87,1.0,0.0,1.0,1760.0
2014-09-11 11:12:06+00:00,3164.4083333333333,1.0,0.0,0.0,0.0
2014-09-11 11:12:12+00:00,3847.2216666666664,1.0,0.0,1499.0,1752.0
2014-09-11 11:12:18+00:00,3694.7033333333334,1.0,0.0,1606.0,1871.0
2014-09-11 11:12:24+00:00,3832.691666666667,1.0,0.0,1587.0,1723.0
2014-09-11 11:12:30+00:00,3688.295,0.0,0.0,1597.0,1769.0
2014-09-11 11:12:36+00:00,3825.2766666666666,1.0,0.0,1584.0,1728.0
2014-09-11 11:12:42+00:00,3697.365,1.0,0.0,1594.0,1993.0
2014-09-11 11:12:48+00:00,3834.3933333333334,1.0,0.0,1588.0,1726.0
2014-09-11 11:12:54+00:00,3712.3266666666664,1.0,0.0,1591.0,1853.0
2014-09-11 11:13:00+00:00,3850.985,1.0,17.0,1596.0,1743.0
2014-09-11 11:13:06+00:00,3707.08,1.0,17.0,1582.0,1871.0
2014-09-11 11:13:12+00:00,3827.133333333333,1.0,0.0,0.0,0.0
2014-09-11 11:13:18+00:00,3698.435,1.0,0.0,1580.0,2018.0
2014-09-11 11:13:24+00:00,3824.16,1.0,0.0,1575.0,0.0
2014-09-11 11:13:30+00:00,3685.1983333333337,1.0,0.0,1558.0,1966.0
2014-09-11 11:13:36+00:00,3811.8033333333333,1.0,0.0,1559.0,1740.0
2014-09-11 11:13:42+00:00,3666.8233333333333,1.0,0.0,1555.0,1890.0
2014-09-11 11:13:48+00:00,3799.735,1.0,0.0,1568.0,1728.0
2014-09-11 11:13:54+00:00,3664.101666666667,1.0,0.0,1563.0,1828.0
2014-09-11 11:14:00+00:00,3773.6014285714286,0.0,0.0,1553.0,1732.0
2014-09-11 11:14:06+00:00,2115.154,1.0,0.0,1546.0,1969.0
2014-09-11 11:14:12+00:00,2230.7214285714285,1.0,0.0,214.0,1752.0
2014-09-11 11:14:18+00:00,2084.2133333333336,1.0,0.0,0.0,1765.0
2014-09-11 11:14:24+00:00,2272.0533333333333,1.0,0.0,1.0,1767.0
2014-09-11 11:14:30+00:00,2074.3733333333334,1.0,0.0,0.0,0.0
2014-09-11 11:14:36+00:00,2249.3483333333334,1.0,0.0,1.0,1756.0
2014-09-11 11:14:42+00:00,2073.8849999999998,1.0,0.0,1.0,1741.0
2014-09-11 11:14:48+00:00,2265.846666666667,1.0,0.0,1.0,1750.0
2014-09-11 11:14:54+00:00,2078.186666666667,1.0,0.0,1.0,2034.0
2014-09-11 11:15:00+00:00,2255.6183333333333,1.0,0.0,1.0,1742.0
2014-09-11 11:15:06+00:00,2076.35,0.0,0.0,1.0,2037.0
2014-09-11 11:15:12+00:00,2252.17,1.0,0.0,1.0,1760.0
2014-09-11 11:15:18+00:00,2067.6716666666666,1.0,0.0,1.0,1890.0
2014-09-11 11:15:24+00:00,2260.595,1.0,0.0,1.0,1748.0
2014-09-11 11:15:30+00:00,2078.965,1.0,0.0,1.0,1920.0
2014-09-11 11:15:36+00:00,2277.0750000000003,1.0,0.0,1.0,1745.0
2014-09-11 11:15:42+00:00,2082.82,1.0,0.0,0.0,0.0
2014-09-11 11:15:48+00:00,2272.3333333333335,0.0,0.0,1.0,1750.0
2014-09-11 11:15:54+00:00,2089.971666666667,1.0,0.0,1.0,2036.0
2014-09-11 11:16:00+00:00,2267.0833333333335,1.0,17.0,1.0,1747.0
2014-09-11 11:16:06+00:00,2088.5583333333334,1.0,18.0,1.0,2014.0
2014-09-11 11:16:12+00:00,2284.565,1.0,0.0,1.0,1753.0
2014-09-11 11:16:18+00:00,2091.205,1.0,0.0,1.0,1887.0
2014-09-11 11:16:24+00:00,2278.4616666666666,1.0,0.0,1.0,1760.0
2014-09-11 11:16:30+00:00,2086.225,1.0,0.0,0.0,0.0
2014-09-11 11:16:36+00:00,2284.285,0.0,0.0,1.0,1753.0
2014-09-11 11:16:42+00:00,2095.9283333333333,1.0,0.0,1.0,1960.0
2014-09-11 11:16:48+00:00,2277.2183333333337,1.0,0.0,1.0,1758.0
2014-09-11 11:16:54+00:00,1153.7283333333332,1.0,0.0,1.0,1963.0
2014-09-11 11:17:00+00:00,462.85833333333335,1.0,0.0,0.0,3.0
2014-09-11 11:17:06+00:00,566.1333333333333,0.0,0.0,1.0,0.0
2014-09-11 11:17:12+00:00,309.8066666666667,1.0,0.0,1.0,200.0
2014-09-11 11:17:18+00:00,580.5283333333333,1.0,0.0,1.0,4.0
2014-09-11 11:17:24+00:00,417.8,1.0,0.0,0.0,227.0
2014-09-11 11:17:30+00:00,467.27666666666664,0.0,0.0,1.0,0.0
2014-09-11 11:17:36+00:00,570.3066666666667,1.0,0.0,1.0,180.0
2014-09-11 11:17:42+00:00,308.4216666666667,1.0,0.0,1.0,235.0
2014-09-11 11:17:48+00:00,583.3283333333333,1.0,0.0,1.0,237.0
2014-09-11 11:17:54+00:00,418.23499999999996,1.0,0.0,0.0,226.0
2014-09-11 11:18:00+00:00,478.37833333333333,1.0,0.0,1.0,3.0
2014-09-11 11:18:06+00:00,558.1583333333333,1.0,0.0,1.0,237.0
2014-09-11 11:18:12+00:00,307.8466666666667,1.0,0.0,1.0,211.0
2014-09-11 11:18:18+00:00,583.9283333333334,1.0,0.0,1.0,250.0
2014-09-11 11:18:24+00:00,418.1566666666667,1.0,0.0,1.0,211.0
2014-09-11 11:18:30+00:00,467.195,0.0,0.0,1.0,0.0
2014-09-11 11:18:36+00:00,572.5283333333333,1.0,0.0,1.0,237.0
2014-09-11 11:18:42+00:00,308.3383333333333,1.0,0.0,1.0,225.0
2014-09-11 11:18:48+00:00,584.3633333333333,1.0,0.0,1.0,6.0
2014-09-11 11:18:54+00:00,418.9816666666666,1.0,0.0,1.0,215.0
2014-09-11 11:19:00+00:00,470.03833333333336,1.0,0.0,0.0,0.0
2014-09-11 11:19:06+00:00,574.0283333333333,1.0,0.0,1.0,21.0
2014-09-11 11:19:12+00:00,312.62833333333333,0.0,0.0,1.0,219.0
2014-09-11 11:19:18+00:00,586.6233333333333,1.0,17.0,1.0,6.0
2014-09-11 11:19:24+00:00,419.3833333333334,1.0,0.0,0.0,207.0
2014-09-11 11:19:30+00:00,474.2633333333333,1.0,0.0,1.0,2.0
2014-09-11 11:19:36+00:00,560.6683333333334,1.0,0.0,1.0,0.0
2014-09-11 11:19:42+00:00,310.2033333333333,1.0,0.0,1.0,220.0
2014-09-11 11:19:48+00:00,585.355,1.0,0.0,1.0,207.0
2014-09-11 11:19:54+00:00,418.2733333333333,0.0,0.0,1.0,237.0
2014-09-11 11:20:00+00:00,475.87166666666667,1.0,0.0,1.0,231.0
2014-09-11 11:20:06+00:00,572.92,1.0,0.0,0.0,239.0
2014-09-11 11:20:12+00:00,1123.745,1.0,0.0,1.0,227.0
2014-09-11 11:20:18+00:00,2120.7883333333334,1.0,0.0,247.0,235.0
2014-09-11 11:20:24+00:00,1956.8666666666668,1.0,0.0,1544.0,229.0
2014-09-11 11:20:30+00:00,2018.22,1.0,0.0,1523.0,3.0
2014-09-11 11:20:36+00:00,2101.508333333333,1.0,0.0,1531.0,0.0
2014-09-11 11:20:42+00:00,1853.3516666666667,1.0,0.0,1545.0,197.0
2014-09-11 11:20:48+00:00,2110.5433333333335,1.0,0.0,1523.0,2.0
2014-09-11 11:20:54+00:00,1610.2216666666666,1.0,0.0,1546.0,263.0
2014-09-11 11:21:00+00:00,475.15166666666664,1.0,0.0,1519.0,217.0
2014-09-11 11:21:06+00:00,563.3883333333333,1.0,0.0,0.0,7.0
2014-09-11 11:21:12+00:00,310.57166666666666,0.0,0.0,1.0,230.0
2014-09-11 11:21:18+00:00,573.5849999999999,1.0,0.0,1.0,3.0
2014-09-11 11:21:24+00:00,416.1433333333334,1.0,0.0,0.0,215.0
2014-09-11 11:21:30+00:00,477.57,1.0,0.0,1.0,0.0
2014-09-11 11:21:36+00:00,574.6216666666667,0.0,0.0,1.0,243.0
2014-09-11 11:21:42+00:00,303.51,1.0,0.0,1.0,225.0
2014-09-11 11:21:48+00:00,589.6133333333333,1.0,0.0,0.0,301.0
2014-09-11 11:21:54+00:00,410.62833333333333,1.0,0.0,1.0,225.0
2014-09-11 11:22:00+00:00,478.865,0.0,0.0,1.0,0.0
2014-09-11 11:22:06+00:00,569.0533333333334,1.0,0.0,1.0,259.0
2014-09-11 11:22:12+00:00,847.2916666666666,1.0,0.0,1.0,209.0
2014-09-11 11:22:18+00:00,2447.025,1.0,0.0,0.0,0.0
2014-09-11 11:22:24+00:00,2266.1916666666666,1.0,0.0,1.0,2021.0
2014-09-11 11:22:30+00:00,2295.5699999999997,1.0,0.0,1.0,2016.0
2014-09-11 11:22:36+00:00,2376.9866666666667,0.0,0.0,1.0,1917.0
2014-09-11 11:22:42+00:00,2137.0816666666665,1.0,0.0,1.0,1956.0
2014-09-11 11:22:48+00:00,2393.9133333333334,1.0,0.0,1.0,1772.0
2014-09-11 11:22:54+00:00,2242.3316666666665,1.0,0.0,0.0,1961.0
2014-09-11 11:23:00+00:00,2274.715,1.0,0.0,1.0,1750.0
2014-09-11 11:23:06+00:00,2369.04,1.0,0.0,1.0,1947.0
2014-09-11 11:23:12+00:00,1912.49,1.0,0.0,1.0,1782.0
2014-09-11 11:23:18+00:00,586.4566666666666,0.0,0.0,1.0,0.0
2014-09-11 11:23:24+00:00,423.69666666666666,1.0,0.0,1.0,234.0
2014-09-11 11:23:30+00:00,448.0916666666667,0.0,0.0,1.0,210.0
2014-09-11 11:23:36+00:00,568.61,1.0,0.0,1.0,260.0
2014-09-11 11:23:42+00:00,303.37166666666667,1.0,0.0,1.0,206.0
2014-09-11 11:23:48+00:00,575.7816666666666,1.0,0.0,0.0,233.0
2014-09-11 11:23:54+00:00,430.45,1.0,0.0,1.0,214.0
2014-09-11 11:24:00+00:00,449.59666666666664,1.0,0.0,1.0,0.0
2014-09-11 11:24:06+00:00,560.01,0.0,0.0,1.0,5.0
2014-09-11 11:24:12+00:00,303.01,1.0,0.0,1.0,204.0
2014-09-11 11:24:18+00:00,574.1999999999999,1.0,0.0,0.0,228.0
2014-09-11 11:24:24+00:00,433.2383333333333,1.0,0.0,1.0,228.0
2014-09-11 11:24:30+00:00,448.59833333333336,1.0,0.0,1.0,120.0
2014-09-11 11:24:36+00:00,568.7633333333333,1.0,0.0,0.0,0.0
2014-09-11 11:24:42+00:00,304.83,0.0,0.0,1.0,221.0
2014-09-11 11:24:48+00:00,575.755,1.0,0.0,1.0,6.0
2014-09-11 11:24:54+00:00,436.93,1.0,0.0,1.0,194.0
2014-09-11 11:25:00+00:00,450.79333333333335,1.0,0.0,0.0,3.0
2014-09-11 11:25:06+00:00,567.34,1.0,0.0,1.0,238.0
2014-09-11 11:25:12+00:00,298.94166666666666,1.0,0.0,0.0,0.0
2014-09-11 11:25:18+00:00,586.43,0.0,0.0,1.0,223.0
2014-09-11 11:25:24+00:00,444.99,1.0,0.0,1.0,236.0
2014-09-11 11:25:30+00:00,443.4216666666666,1.0,0.0,1.0,217.0
2014-09-11 11:25:36+00:00,569.8133333333334,1.0,0.0,1.0,208.0
2014-09-11 11:25:42+00:00,307.2683333333334,1.0,0.0,1.0,229.0
2014-09-11 11:25:48+00:00,582.2566666666667,1.0,0.0,1.0,11.0
2014-09-11 11:25:54+00:00,445.78999999999996,1.0,0.0,1.0,208.0
2014-09-11 11:26:00+00:00,440.5933333333333,1.0,0.0,0.0,0.0
2014-09-11 11:26:06+00:00,569.455,1.0,0.0,1.0,3.0
2014-09-11 11:26:12+00:00,304.425,1.0,0.0,1.0,250.0
2014-09-11 11:26:18+00:00,576.8933333333333,1.0,0.0,1.0,3.0
2014-09-11 11:26:24+00:00,446.27666666666664,1.0,0.0,1.0,248.0
2014-09-11 11:26:30+00:00,443.1766666666667,1.0,0.0,1.0,210.0
2014-09-11 11:26:36+00:00,571.7900000000001,1.0,0.0,1.0,5.0
2014-09-11 11:26:42+00:00,307.41333333333336,1.0,0.0,1.0,233.0
2014-09-11 11:26:48+00:00,579.2683333333333,0.0,0.0,1.0,3.0
2014-09-11 11:26:54+00:00,451.705,1.0,0.0,1.0,212.0
2014-09-11 11:27:00+00:00,437.35999999999996,1.0,0.0,1.0,223.0
2014-09-11 11:27:06+00:00,577.6983333333334,1.0,0.0,1.0,256.0
2014-09-11 11:27:12+00:00,309.18833333333333,1.0,0.0,1.0,224.0
2014-09-11 11:27:18+00:00,574.3966666666666,1.0,0.0,0.0,0.0
2014-09-11 11:27:24+00:00,447.125,1.0,0.0,1.0,227.0
2014-09-11 11:27:30+00:00,425.62999999999994,1.0,0.0,1.0,202.0
2014-09-11 11:27:36+00:00,568.2883333333333,1.0,0.0,1.0,23.0
2014-09-11 11:27:42+00:00,307.6366666666667,0.0,0.0,1.0,225.0
2014-09-11 11:27:48+00:00,569.04,1.0,0.0,1.0,8.0
2014-09-11 11:27:54+00:00,452.0216666666667,1.0,0.0,1.0,226.0
2014-09-11 11:28:00+00:00,431.4583333333333,1.0,0.0,1.0,214.0
2014-09-11 11:28:06+00:00,573.2733333333334,1.0,0.0,1.0,253.0
2014-09-11 11:28:12+00:00,307.9883333333333,1.0,0.0,0.0,0.0
2014-09-11 11:28:18+00:00,572.9050000000001,0.0,0.0,1.0,214.0
2014-09-11 11:28:24+00:00,456.95,1.0,0.0,1.0,241.0
2014-09-11 11:28:30+00:00,427.8066666666667,1.0,0.0,1.0,219.0
2014-09-11 11:28:36+00:00,564.0533333333333,1.0,0.0,1.0,219.0
2014-09-11 11:28:42+00:00,567.215,1.0,0.0,0.0,0.0
2014-09-11 11:28:48+00:00,2412.0783333333334,1.0,0.0,1.0,27.0
2014-09-11 11:28:54+00:00,2289.145,0.0,0.0,1.0,2032.0
2014-09-11 11:29:00+00:00,2239.4516666666664,1.0,0.0,1.0,1974.0
2014-09-11 11:29:06+00:00,2369.96,0.0,0.0,1.0,2062.0
2014-09-11 11:29:12+00:00,2125.94,1.0,0.0,1.0,1955.0
2014-09-11 11:29:18+00:00,2364.83,1.0,0.0,1.0,1832.0
2014-09-11 11:29:24+00:00,2262.375,1.0,0.0,1.0,1959.0
2014-09-11 11:29:30+00:00,772.2783333333333,1.0,0.0,1.0,1752.0
2014-09-11 11:29:36+00:00,571.055,0.0,0.0,1.0,259.0
2014-09-11 11:29:42+00:00,314.89,1.0,0.0,1.0,220.0
2014-09-11 11:29:48+00:00,571.4066666666666,1.0,0.0,1.0,182.0
2014-09-11 11:29:54+00:00,465.5233333333333,1.0,0.0,1.0,221.0
2014-09-11 11:30:00+00:00,412.93,1.0,0.0,0.0,6.0
2014-09-11 11:30:06+00:00,558.6283333333333,0.0,0.0,1.0,0.0
2014-09-11 11:30:12+00:00,316.8433333333333,1.0,0.0,1.0,210.0
2014-09-11 11:30:18+00:00,562.3316666666666,1.0,0.0,1.0,4.0
2014-09-11 11:30:24+00:00,470.88166666666666,1.0,0.0,0.0,0.0
2014-09-11 11:30:30+00:00,414.1783333333333,1.0,0.0,1.0,227.0
2014-09-11 11:30:36+00:00,564.125,1.0,0.0,1.0,124.0
2014-09-11 11:30:42+00:00,316.705,1.0,0.0,1.0,233.0
2014-09-11 11:30:48+00:00,565.1383333333333,1.0,0.0,1.0,234.0
2014-09-11 11:30:54+00:00,478.33666666666664,1.0,0.0,1.0,266.0
2014-09-11 11:31:00+00:00,412.02500000000003,1.0,0.0,1.0,211.0
2014-09-11 11:31:06+00:00,575.005,1.0,0.0,1.0,144.0
2014-09-11 11:31:12+00:00,320.56166666666667,1.0,0.0,1.0,232.0
2014-09-11 11:31:18+00:00,560.6083333333333,0.0,0.0,1.0,221.0
2014-09-11 11:31:24+00:00,472.66,1.0,0.0,1.0,235.0
2014-09-11 11:31:30+00:00,410.0083333333334,1.0,0.0,1.0,224.0
2014-09-11 11:31:36+00:00,565.6533333333333,1.0,0.0,1.0,241.0
2014-09-11 11:31:42+00:00,319.39500000000004,1.0,0.0,0.0,0.0
2014-09-11 11:31:48+00:00,551.8100000000001,1.0,0.0,1.0,29.0
2014-09-11 11:31:54+00:00,476.53666666666663,1.0,0.0,1.0,233.0
2014-09-11 11:32:00+00:00,405.2283333333333,1.0,0.0,1.0,215.0
2014-09-11 11:32:06+00:00,559.0983333333332,0.0,0.0,1.0,5.0
2014-09-11 11:32:12+00:00,323.81666666666666,1.0,0.0,1.0,225.0
2014-09-11 11:32:18+00:00,552.9233333333333,1.0,0.0,0.0,125.0
2014-09-11 11:32:24+00:00,479.77833333333336,1.0,0.0,1.0,216.0
2014-09-11 11:32:30+00:00,402.3866666666666,1.0,0.0,1.0,6.0
2014-09-11 11:32:36+00:00,566.7566666666667,1.0,0.0,1.0,210.0
2014-09-11 11:32:42+00:00,326.9066666666667,0.0,0.0,1.0,0.0
2014-09-11 11:32:48+00:00,553.5066666666667,1.0,0.0,1.0,3.0
2014-09-11 11:32:54+00:00,484.14000000000004,1.0,0.0,1.0,205.0
2014-09-11 11:33:00+00:00,402.56666666666666,1.0,0.0,1.0,151.0
2014-09-11 11:33:06+00:00,562.1616666666667,1.0,0.0,0.0,0.0
2014-09-11 11:33:12+00:00,334.6766666666667,1.0,0.0,1.0,236.0
2014-09-11 11:33:18+00:00,559.195,1.0,0.0,1.0,220.0
2014-09-11 11:33:24+00:00,494.1383333333333,1.0,0.0,0.0,228.0
2014-09-11 11:33:30+00:00,399.49333333333334,0.0,0.0,1.0,208.0
2014-09-11 11:33:36+00:00,567.005,1.0,0.0,1.0,248.0
2014-09-11 11:33:42+00:00,337.675,1.0,0.0,1.0,213.0
2014-09-11 11:33:48+00:00,549.6083333333333,1.0,0.0,1.0,3.0
2014-09-11 11:33:54+00:00,493.1233333333333,1.0,0.0,1.0,219.0
2014-09-11 11:34:00+00:00,387.7266666666667,1.0,0.0,0.0,0.0
2014-09-11 11:34:06+00:00,567.4166666666666,1.0,0.0,1.0,3.0
2014-09-11 11:34:12+00:00,339.54333333333335,1.0,0.0,1.0,227.0
2014-09-11 11:34:18+00:00,545.7116666666667,0.0,0.0,1.0,218.0
2014-09-11 11:34:24+00:00,494.92333333333335,1.0,0.0,1.0,233.0
2014-09-11 11:34:30+00:00,381.89166666666665,1.0,0.0,1.0,235.0
2014-09-11 11:34:36+00:00,558.2283333333334,1.0,0.0,0.0,0.0
2014-09-11 11:34:42+00:00,350.07666666666665,0.0,0.0,1.0,197.0
2014-09-11 11:34:48+00:00,2385.5499999999997,1.0,0.0,1.0,173.0
2014-09-11 11:34:54+00:00,2334.695,1.0,0.0,1.0,1966.0
2014-09-11 11:35:00+00:00,2198.025,1.0,0.0,1.0,1772.0
2014-09-11 11:35:06+00:00,2372.845,1.0,0.0,1.0,1989.0
2014-09-11 11:35:12+00:00,2162.616666666667,1.0,0.0,1.0,1938.0
2014-09-11 11:35:18+00:00,810.7933333333334,1.0,0.0,1.0,494.0
2014-09-11 11:35:24+00:00,514.4516666666667,1.0,0.0,0.0,0.0
2014-09-11 11:35:30+00:00,365.14333333333326,1.0,0.0,1.0,208.0
2014-09-11 11:35:36+00:00,571.6516666666666,1.0,0.0,1.0,5.0
2014-09-11 11:35:42+00:00,356.9216666666667,1.0,0.0,1.0,215.0
2014-09-11 11:35:48+00:00,523.5583333333333,1.0,0.0,1.0,219.0
2014-09-11 11:35:54+00:00,520.2266666666667,1.0,0.0,1.0,207.0
2014-09-11 11:36:00+00:00,375.1933333333333,0.0,0.0,1.0,227.0
2014-09-11 11:36:06+00:00,576.3716666666667,1.0,0.0,1.0,260.0
2014-09-11 11:36:12+00:00,360.52,1.0,0.0,1.0,233.0
2014-09-11 11:36:18+00:00,529.1366666666667,1.0,0.0,1.0,5.0
2014-09-11 11:36:24+00:00,513.3416666666667,1.0,0.0,1.0,243.0
2014-09-11 11:36:30+00:00,365.82,1.0,0.0,1.0,198.0
2014-09-11 11:36:36+00:00,568.5814285714285,1.0,0.0,1.0,239.0
2014-09-11 11:36:42+00:00,320.222,1.0,0.0,0.0,241.0
2014-09-11 11:36:48+00:00,528.1485714285715,1.0,0.0,1.0,7.0
2014-09-11 11:36:54+00:00,508.36199999999997,1.0,0.0,1.0,214.0
2014-09-11 11:37:00+00:00,371.91833333333335,1.0,0.0,1.0,0.0
2014-09-11 11:37:06+00:00,573.5157142857144,1.0,0.0,1.0,4.0
2014-09-11 11:37:12+00:00,321.966,1.0,0.0,1.0,218.0
2014-09-11 11:37:18+00:00,525.16,0.0,0.0,1.0,211.0
2014-09-11 11:37:24+00:00,467.7083333333333,1.0,0.0,1.0,212.0
2014-09-11 11:37:30+00:00,419.6433333333334,1.0,0.0,1.0,249.0
2014-09-11 11:37:36+00:00,569.7483333333333,1.0,0.0,1.0,267.0
2014-09-11 11:37:42+00:00,315.035,1.0,0.0,1.0,225.0
2014-09-11 11:37:48+00:00,560.2933333333334,1.0,0.0,0.0,0.0
2014-09-11 11:37:54+00:00,466.38166666666666,1.0,0.0,1.0,86.0
2014-09-11 11:38:00+00:00,413.1016666666667,0.0,0.0,1.0,208.0
2014-09-11 11:38:06+00:00,582.98,1.0,0.0,1.0,258.0
2014-09-11 11:38:12+00:00,342.7633333333333,1.0,0.0,1.0,217.0
2014-09-11 11:38:18+00:00,588.5983333333334,1.0,17.0,1.0,4.0
2014-09-11 11:38:24+00:00,467.3283333333334,1.0,17.0,0.0,205.0
2014-09-11 11:38:30+00:00,411.99,0.0,0.0,1.0,0.0
2014-09-11 11:38:36+00:00,568.125,1.0,0.0,3.0,269.0
2014-09-11 11:38:42+00:00,320.1566666666667,1.0,0.0,1.0,228.0
2014-09-11 11:38:48+00:00,560.9816666666667,1.0,0.0,1.0,3.0
2014-09-11 11:38:54+00:00,471.105,1.0,0.0,1.0,221.0
2014-09-11 11:39:00+00:00,413.6466666666667,1.0,0.0,1.0,5.0
2014-09-11 11:39:06+00:00,562.095,0.0,0.0,0.0,0.0
2014-09-11 11:39:12+00:00,319.585,1.0,0.0,1.0,245.0
2014-09-11 11:39:18+00:00,554.1233333333333,1.0,0.0,1.0,217.0
2014-09-11 11:39:24+00:00,467.7283333333333,1.0,0.0,1.0,225.0
2014-09-11 11:39:30+00:00,406.9266666666667,1.0,0.0,1.0,202.0
2014-09-11 11:39:36+00:00,568.1983333333334,1.0,0.0,0.0,0.0
2014-09-11 11:39:42+00:00,320.33,1.0,0.0,1.0,234.0
2014-09-11 11:39:48+00:00,557.6783333333333,1.0,0.0,1.0,232.0
2014-09-11 11:39:54+00:00,474.17,0.0,0.0,1.0,256.0
2014-09-11 11:40:00+00:00,411.16166666666663,1.0,0.0,1.0,221.0
2014-09-11 11:40:06+00:00,567.1333333333333,1.0,0.0,0.0,219.0
2014-09-11 11:40:12+00:00,324.935,1.0,0.0,1.0,239.0
2014-09-11 11:40:18+00:00,566.1583333333333,1.0,0.0,1.0,0.0
2014-09-11 11:40:24+00:00,476.5416666666667,1.0,0.0,1.0,62.0
2014-09-11 11:40:30+00:00,410.3833333333334,1.0,0.0,1.0,247.0
2014-09-11 11:40:36+00:00,564.2566666666667,1.0,0.0,1.0,4.0
2014-09-11 11:40:42+00:00,322.2733333333333,1.0,0.0,1.0,216.0
2014-09-11 11:40:48+00:00,557.8933333333333,0.0,0.0,1.0,225.0
2014-09-11 11:40:54+00:00,475.7416666666666,1.0,0.0,1.0,229.0
2014-09-11 11:41:00+00:00,410.9883333333333,1.0,0.0,1.0,216.0
2014-09-11 11:41:06+00:00,574.2833333333333,1.0,0.0,0.0,214.0
2014-09-11 11:41:12+00:00,324.9683333333333,0.0,0.0,1.0,0.0
2014-09-11 11:41:18+00:00,561.3633333333333,1.0,0.0,1.0,215.0
2014-09-11 11:41:24+00:00,479.91499999999996,1.0,0.0,1.0,208.0
2014-09-11 11:41:30+00:00,409.78666666666663,1.0,0.0,1.0,225.0
2014-09-11 11:41:36+00:00,562.365,1.0,0.0,1.0,12.0
2014-09-11 11:41:42+00:00,325.4633333333333,1.0,0.0,1.0,210.0
2014-09-11 11:41:48+00:00,561.2683333333333,1.0,0.0,0.0,284.0
2014-09-11 11:41:54+00:00,481.65333333333336,1.0,0.0,1.0,227.0
2014-09-11 11:42:00+00:00,411.93666666666667,0.0,0.0,1.0,0.0
2014-09-11 11:42:06+00:00,569.8316666666666,1.0,0.0,1.0,143.0
2014-09-11 11:42:12+00:00,323.4633333333333,1.0,0.0,1.0,206.0
2014-09-11 11:42:18+00:00,561.8033333333333,1.0,0.0,1.0,222.0
2014-09-11 11:42:24+00:00,471.84166666666664,1.0,0.0,1.0,242.0
2014-09-11 11:42:30+00:00,408.33,1.0,0.0,1.0,211.0
2014-09-11 11:42:36+00:00,570.4616666666667,0.0,0.0,1.0,199.0
2014-09-11 11:42:42+00:00,325.1716666666667,1.0,0.0,1.0,222.0
2014-09-11 11:42:48+00:00,569.6999999999999,1.0,0.0,0.0,5.0
2014-09-11 11:42:54+00:00,473.67333333333335,0.0,0.0,1.0,0.0
2014-09-11 11:43:00+00:00,407.6066666666666,1.0,0.0,1.0,222.0
2014-09-11 11:43:06+00:00,371.7633333333333,1.0,0.0,1.0,262.0
2014-09-11 11:43:12+00:00,255.73499999999999,1.0,0.0,1.0,2.0
2014-09-11 11:43:18+00:00,564.9566666666666,1.0,0.0,0.0,0.0
2014-09-11 11:43:24+00:00,472.12999999999994,1.0,0.0,1.0,133.0
2014-09-11 11:43:30+00:00,407.73333333333335,1.0,0.0,1.0,217.0
2014-09-11 11:43:36+00:00,369.18666666666667,1.0,0.0,1.0,6.0
2014-09-11 11:43:42+00:00,256.46999999999997,0.0,0.0,1.0,205.0
2014-09-11 11:43:48+00:00,557.875,1.0,0.0,1.0,30.0
2014-09-11 11:43:54+00:00,472.3433333333333,1.0,0.0,0.0,218.0
2014-09-11 11:44:00+00:00,405.9883333333334,0.0,0.0,1.0,0.0
2014-09-11 11:44:06+00:00,565.6616666666666,1.0,0.0,1.0,81.0
2014-09-11 11:44:12+00:00,322.32666666666665,1.0,0.0,1.0,218.0
2014-09-11 11:44:18+00:00,558.155,1.0,0.0,1.0,5.0
2014-09-11 11:44:24+00:00,478.57,1.0,0.0,1.0,210.0
2014-09-11 11:44:30+00:00,408.43833333333333,1.0,0.0,0.0,0.0
2014-09-11 11:44:36+00:00,373.75333333333333,1.0,0.0,1.0,3.0
2014-09-11 11:44:42+00:00,256.73833333333334,1.0,0.0,1.0,160.0
2014-09-11 11:44:48+00:00,569.2383333333333,1.0,0.0,1.0,2.0
2014-09-11 11:44:54+00:00,472.55833333333334,0.0,0.0,1.0,247.0
2014-09-11 11:45:00+00:00,407.09666666666664,1.0,0.0,1.0,205.0
2014-09-11 11:45:06+00:00,562.7066666666666,1.0,0.0,0.0,200.0
2014-09-11 11:45:12+00:00,318.47666666666663,0.0,0.0,1.0,0.0
2014-09-11 11:45:18+00:00,557.1999999999999,1.0,0.0,1.0,6.0
2014-09-11 11:45:24+00:00,472.06333333333333,1.0,0.0,1.0,247.0
2014-09-11 11:45:30+00:00,403.26666666666665,1.0,0.0,0.0,0.0
2014-09-11 11:45:36+00:00,573.6066666666667,1.0,0.0,1.0,5.0
2014-09-11 11:45:42+00:00,321.115,0.0,0.0,1.0,223.0
2014-09-11 11:45:48+00:00,568.6816666666667,1.0,0.0,1.0,3.0
2014-09-11 11:45:54+00:00,469.7716666666667,1.0,0.0,1.0,212.0
2014-09-11 11:46:00+00:00,410.705,1.0,0.0,1.0,206.0
2014-09-11 11:46:06+00:00,566.1183333333333,1.0,0.0,0.0,0.0
2014-09-11 11:46:12+00:00,319.37,0.0,0.0,1.0,216.0
2014-09-11 11:46:18+00:00,558.885,1.0,0.0,1.0,3.0
2014-09-11 11:46:24+00:00,473.95,1.0,0.0,1.0,233.0
2014-09-11 11:46:30+00:00,365.9433333333333,1.0,0.0,1.0,69.0
2014-09-11 11:46:36+00:00,521.88,1.0,0.0,1.0,254.0
2014-09-11 11:46:42+00:00,278.5316666666667,1.0,0.0,0.0,233.0
2014-09-11 11:46:48+00:00,518.3433333333334,1.0,0.0,1.0,281.0
2014-09-11 11:46:54+00:00,430.3516666666667,1.0,0.0,1.0,224.0
2014-09-11 11:47:00+00:00,367.05,0.0,0.0,1.0,0.0
2014-09-11 11:47:06+00:00,328.8483333333333,1.0,0.0,1.0,116.0
2014-09-11 11:47:12+00:00,211.4,1.0,0.0,1.0,144.0
2014-09-11 11:47:18+00:00,523.695,1.0,0.0,1.0,2.0
2014-09-11 11:47:24+00:00,432.43666666666667,1.0,0.0,1.0,217.0
2014-09-11 11:47:30+00:00,364.81333333333333,1.0,0.0,1.0,218.0
2014-09-11 11:47:36+00:00,508.2266666666667,1.0,0.0,1.0,229.0
2014-09-11 11:47:42+00:00,274.54333333333335,1.0,0.0,0.0,0.0
2014-09-11 11:47:48+00:00,510.92333333333335,1.0,0.0,1.0,4.0
2014-09-11 11:47:54+00:00,422.20666666666665,0.0,0.0,1.0,222.0
2014-09-11 11:48:00+00:00,366.43666666666667,1.0,0.0,1.0,206.0
2014-09-11 11:48:06+00:00,512.5866666666667,1.0,0.0,0.0,205.0
2014-09-11 11:48:12+00:00,275.84999999999997,0.0,0.0,1.0,0.0
2014-09-11 11:48:18+00:00,514.2883333333333,1.0,0.0,1.0,3.0
2014-09-11 11:48:24+00:00,427.9316666666667,1.0,0.0,1.0,239.0
2014-09-11 11:48:30+00:00,365.39000000000004,1.0,0.0,1.0,223.0
2014-09-11 11:48:36+00:00,522.8083333333333,1.0,0.0,1.0,225.0
2014-09-11 11:48:42+00:00,275.5,1.0,0.0,1.0,208.0
2014-09-11 11:48:48+00:00,515.8866666666667,1.0,0.0,0.0,0.0
2014-09-11 11:48:54+00:00,423.37166666666667,0.0,0.0,1.0,253.0
2014-09-11 11:49:00+00:00,371.60833333333335,1.0,0.0,1.0,209.0
2014-09-11 11:49:06+00:00,514.15,1.0,0.0,1.0,238.0
2014-09-11 11:49:12+00:00,272.7916666666667,1.0,0.0,1.0,221.0
2014-09-11 11:49:18+00:00,519.8716666666667,1.0,0.0,1.0,3.0
2014-09-11 11:49:24+00:00,420.7866666666667,1.0,0.0,0.0,191.0
2014-09-11 11:49:30+00:00,368.37000000000006,1.0,0.0,1.0,3.0
2014-09-11 11:49:36+00:00,519.7783333333333,0.0,0.0,1.0,0.0
2014-09-11 11:49:42+00:00,273.945,1.0,0.0,1.0,210.0
2014-09-11 11:49:48+00:00,528.01,1.0,0.0,1.0,10.0
2014-09-11 11:49:54+00:00,424.29833333333335,1.0,0.0,0.0,0.0
2014-09-11 11:50:00+00:00,372.5883333333333,0.0,0.0,1.0,220.0
2014-09-11 11:50:06+00:00,531.51,1.0,0.0,1.0,241.0
2014-09-11 11:50:12+00:00,273.5133333333333,1.0,0.0,1.0,226.0
2014-09-11 11:50:18+00:00,524.0983333333334,1.0,0.0,1.0,3.0
2014-09-11 11:50:24+00:00,414.59999999999997,1.0,0.0,1.0,224.0
2014-09-11 11:50:30+00:00,374.21000000000004,1.0,0.0,1.0,201.0
2014-09-11 11:50:36+00:00,525.6766666666666,1.0,0.0,1.0,254.0
2014-09-11 11:50:42+00:00,267.4866666666667,1.0,0.0,0.0,232.0
2014-09-11 11:50:48+00:00,240.62833333333333,0.0,0.0,1.0,0.0
2014-09-11 11:50:54+00:00,242.01666666666665,1.0,0.0,1.0,28.0
2014-09-11 11:51:00+00:00,237.51,1.0,0.0,1.0,29.0
2014-09-11 11:51:06+00:00,231.725,1.0,0.0,1.0,18.0
2014-09-11 11:51:12+00:00,231.5533333333333,1.0,0.0,0.0,0.0
2014-09-11 11:51:18+00:00,232.06833333333336,1.0,0.0,1.0,19.0
2014-09-11 11:51:24+00:00,231.61666666666667,0.0,0.0,1.0,19.0
2014-09-11 11:51:30+00:00,210.27,1.0,0.0,1.0,19.0
2014-09-11 11:51:36+00:00,257.98499999999996,1.0,0.0,0.0,2.0
2014-09-11 11:51:42+00:00,390.52666666666664,0.0,0.0,1.0,0.0
2014-09-11 11:51:48+00:00,296.31666666666666,1.0,0.0,1.0,123.0
2014-09-11 11:51:54+00:00,285.005,1.0,0.0,1.0,53.0
2014-09-11 11:52:00+00:00,283.7633333333333,1.0,0.0,1.0,53.0
2014-09-11 11:52:06+00:00,550.2633333333333,1.0,1718.0,1.0,52.0
2014-09-11 11:52:12+00:00,405.5883333333333,1.0,0.0,1.0,52.0
2014-09-11 11:52:18+00:00,606.4416666666667,1.0,101.0,1.0,123.0
2014-09-11 11:52:24+00:00,458.56333333333333,1.0,98.0,0.0,0.0
2014-09-11 11:52:30+00:00,442.98333333333335,0.0,95.0,1.0,124.0
2014-09-11 11:52:36+00:00,366.5566666666667,1.0,95.0,1.0,106.0
2014-09-11 11:52:42+00:00,326.6616666666667,1.0,0.0,1.0,18.0
2014-09-11 11:52:48+00:00,325.97499999999997,1.0,94.0,1.0,19.0
2014-09-11 11:52:54+00:00,321.24333333333334,1.0,93.0,1.0,20.0
2014-09-11 11:53:00+00:00,301.1433333333334,1.0,92.0,0.0,2.0
2014-09-11 11:53:06+00:00,309.8616666666667,0.0,89.0,1.0,0.0
2014-09-11 11:53:12+00:00,320.8283333333333,1.0,88.0,1.0,3.0
2014-09-11 11:53:18+00:00,320.27166666666665,1.0,88.0,1.0,18.0
2014-09-11 11:53:24+00:00,320.18333333333334,1.0,0.0,1.0,18.0
2014-09-11 11:53:30+00:00,320.24333333333334,1.0,89.0,1.0,18.0
2014-09-11 11:53:36+00:00,320.72499999999997,0.0,88.0,0.0,18.0
2014-09-11 11:53:42+00:00,320.97499999999997,1.0,89.0,1.0,0.0
2014-09-11 11:53:48+00:00,307.5266666666667,1.0,89.0,1.0,18.0
2014-09-11 11:53:54+00:00,299.9116666666667,1.0,90.0,1.0,18.0
2014-09-11 11:54:00+00:00,435.02833333333336,1.0,0.0,1.0,5.0
2014-09-11 11:54:06+00:00,395.05333333333334,1.0,89.0,1.0,98.0
2014-09-11 11:54:12+00:00,387.07,1.0,90.0,0.0,0.0
2014-09-11 11:54:18+00:00,409.8,1.0,89.0,1.0,24.0
2014-09-11 11:54:24+00:00,631.0216666666666,1.0,90.0,1.0,55.0
2014-09-11 11:54:30+00:00,323.215,1.0,90.0,1.0,384.0
2014-09-11 11:54:36+00:00,322.5466666666667,0.0,90.0,1.0,20.0
2014-09-11 11:54:42+00:00,322.6166666666667,1.0,90.0,1.0,19.0
2014-09-11 11:54:48+00:00,322.1716666666667,0.0,0.0,1.0,19.0
2014-09-11 11:54:54+00:00,300.5516666666667,1.0,89.0,1.0,19.0
2014-09-11 11:55:00+00:00,306.18,1.0,90.0,1.0,2.0
2014-09-11 11:55:06+00:00,321.97166666666664,1.0,89.0,1.0,19.0
2014-09-11 11:55:12+00:00,322.27333333333337,1.0,89.0,1.0,19.0
2014-09-11 11:55:18+00:00,321.93,1.0,90.0,0.0,0.0
2014-09-11 11:55:24+00:00,322.19666666666666,1.0,89.0,1.0,18.0
2014-09-11 11:55:30+00:00,321.5733333333333,1.0,89.0,1.0,0.0
2014-09-11 11:55:36+00:00,321.7616666666667,0.0,88.0,1.0,18.0
2014-09-11 11:55:42+00:00,311.6433333333333,1.0,89.0,1.0,18.0
2014-09-11 11:55:48+00:00,299.425,1.0,89.0,1.0,18.0
2014-09-11 11:55:54+00:00,405.7633333333333,1.0,0.0,1.0,2.0
2014-09-11 11:56:00+00:00,407.5566666666667,1.0,89.0,1.0,109.0
2014-09-11 11:56:06+00:00,404.27833333333336,1.0,89.0,0.0,0.0
2014-09-11 11:56:12+00:00,524.8149999999999,1.0,88.0,1.0,60.0
2014-09-11 11:56:18+00:00,331.0216666666667,0.0,0.0,1.0,332.0
2014-09-11 11:56:24+00:00,330.6383333333333,1.0,89.0,1.0,19.0
2014-09-11 11:56:30+00:00,366.9783333333333,1.0,89.0,0.0,19.0
2014-09-11 11:56:36+00:00,378.40166666666664,1.0,88.0,1.0,0.0
2014-09-11 11:56:42+00:00,378.4283333333333,1.0,88.0,1.0,51.0
2014-09-11 11:56:48+00:00,377.3283333333334,0.0,88.0,1.0,49.0
2014-09-11 11:56:54+00:00,406.535,1.0,0.0,1.0,48.0
2014-09-11 11:57:00+00:00,631.8383333333333,1.0,88.0,1.0,97.0
2014-09-11 11:57:06+00:00,423.13166666666666,1.0,88.0,0.0,154.0
2014-09-11 11:57:12+00:00,329.7416666666667,1.0,88.0,1.0,20.0
2014-09-11 11:57:18+00:00,329.75,1.0,87.0,1.0,0.0
2014-09-11 11:57:24+00:00,344.2183333333333,0.0,88.0,1.0,20.0
2014-09-11 11:57:30+00:00,376.84999999999997,1.0,87.0,1.0,20.0
2014-09-11 11:57:36+00:00,377.87166666666667,1.0,88.0,1.0,49.0
2014-09-11 11:57:42+00:00,516.9883333333333,1.0,0.0,1.0,51.0
2014-09-11 11:57:48+00:00,651.8933333333333,1.0,87.0,1.0,396.0
2014-09-11 11:57:54+00:00,379.37999999999994,1.0,87.0,1.0,73.0
2014-09-11 11:58:00+00:00,353.7183333333333,1.0,87.0,0.0,0.0
2014-09-11 11:58:06+00:00,299.22333333333336,1.0,87.0,1.0,22.0
2014-09-11 11:58:12+00:00,282.645,0.0,0.0,1.0,20.0
2014-09-11 11:58:18+00:00,314.9816666666667,1.0,87.0,1.0,57.0
2014-09-11 11:58:24+00:00,433.66499999999996,1.0,87.0,0.0,57.0
2014-09-11 11:58:30+00:00,593.9133333333333,1.0,87.0,1.0,0.0
2014-09-11 11:58:36+00:00,444.03999999999996,1.0,87.0,1.0,405.0
2014-09-11 11:58:42+00:00,435.0366666666667,0.0,86.0,1.0,183.0
2014-09-11 11:58:48+00:00,431.0883333333333,1.0,0.0,1.0,157.0
2014-09-11 11:58:54+00:00,428.425,1.0,87.0,1.0,156.0
2014-09-11 11:59:00+00:00,426.5083333333334,1.0,86.0,0.0,0.0
2014-09-11 11:59:06+00:00,425.5466666666667,0.0,87.0,1.0,156.0
2014-09-11 11:59:12+00:00,424.06166666666667,1.0,0.0,1.0,152.0
2014-09-11 11:59:18+00:00,423.2316666666666,1.0,86.0,1.0,152.0
2014-09-11 11:59:24+00:00,369.855,1.0,87.0,0.0,152.0
2014-09-11 11:59:30+00:00,265.77500000000003,0.0,86.0,1.0,0.0
2014-09-11 11:59:36+00:00,265.38,1.0,86.0,1.0,19.0
2014-09-11 11:59:42+00:00,265.786,0.0,0.0,1.0,19.0
2014-09-11 11:59:48+00:00,265.7528571428571,1.0,86.0,1.0,19.0
2014-09-11 11:59:54+00:00,242.564,1.0,87.0,1.0,19.0
2014-09-11 12:00:00+00:00,242.93666666666664,1.0,86.0,1.0,4.0
2014-09-11 12:00:06+00:00,313.98333333333335,1.0,86.0,0.0,0.0
2014-09-11 12:00:12+00:00,291.09999999999997,1.0,86.0,1.0,5.0
2014-09-11 12:00:18+00:00,353.54833333333335,1.0,86.0,1.0,72.0
2014-09-11 12:00:24+00:00,334.86,0.0,86.0,1.0,81.0
2014-09-11 12:00:30+00:00,318.726,1.0,86.0,1.0,78.0
2014-09-11 12:00:36+00:00,324.45166666666665,1.0,0.0,1.0,104.0
2014-09-11 12:00:42+00:00,367.8666666666666,1.0,89.0,1.0,9.0
2014-09-11 12:00:48+00:00,426.715,1.0,89.0,0.0,0.0
2014-09-11 12:00:54+00:00,322.52714285714285,1.0,90.0,1.0,125.0
2014-09-11 12:01:00+00:00,372.97799999999995,1.0,90.0,1.0,27.0
2014-09-11 12:01:06+00:00,379.29,1.0,91.0,1.0,146.0
2014-09-11 12:01:12+00:00,488.03285714285715,1.0,91.0,1.0,191.0
2014-09-11 12:01:18+00:00,305.50666666666666,0.0,0.0,1.0,160.0
2014-09-11 12:01:24+00:00,428.9483333333333,1.0,92.0,1.0,6.0
2014-09-11 12:01:30+00:00,403.09,1.0,94.0,1.0,180.0
2014-09-11 12:01:36+00:00,526.03,1.0,94.0,0.0,179.0
2014-09-11 12:01:42+00:00,338.5642857142857,1.0,94.0,1.0,9.0
2014-09-11 12:01:48+00:00,533.79,1.0,94.0,1.0,0.0
2014-09-11 12:01:54+00:00,346.1685714285714,1.0,94.0,1.0,99.5
2014-09-11 12:02:00+00:00,547.3666666666667,0.0,94.0,1.0,0.0
2014-09-11 12:02:06+00:00,341.2966666666667,1.0,0.0,1.0,196.0
2014-09-11 12:02:12+00:00,516.1083333333333,1.0,94.0,1.0,5.0
2014-09-11 12:02:18+00:00,313.99,1.0,94.0,1.0,216.0
2014-09-11 12:02:24+00:00,553.1166666666667,1.0,94.0,1.0,215.0
2014-09-11 12:02:30+00:00,396.27500000000003,1.0,95.0,0.0,0.0
2014-09-11 12:02:36+00:00,470.97499999999997,0.0,0.0,1.0,221.0
2014-09-11 12:02:42+00:00,304.935,1.0,94.0,1.0,211.0
2014-09-11 12:02:48+00:00,556.3116666666666,1.0,95.0,1.0,5.0
2014-09-11 12:02:54+00:00,440.7816666666667,1.0,94.0,1.0,186.0
2014-09-11 12:03:00+00:00,428.875,1.0,94.0,1.0,201.0
2014-09-11 12:03:06+00:00,382.8666666666666,1.0,95.0,1.0,231.0
2014-09-11 12:03:12+00:00,443.355,1.0,95.0,1.0,9.0
2014-09-11 12:03:18+00:00,389.7183333333333,1.0,95.0,0.0,208.0
2014-09-11 12:03:24+00:00,448.84833333333336,0.0,95.0,1.0,0.0
2014-09-11 12:03:30+00:00,415.73,1.0,0.0,1.0,94.0
2014-09-11 12:03:36+00:00,482.32666666666665,1.0,96.0,1.0,9.0
2014-09-11 12:03:42+00:00,418.6583333333333,1.0,95.0,0.0,0.0
2014-09-11 12:03:48+00:00,505.15000000000003,1.0,96.0,1.0,217.0
2014-09-11 12:03:54+00:00,399.175,1.0,95.0,1.0,33.0
2014-09-11 12:04:00+00:00,509.16833333333335,0.0,96.0,1.0,10.0
2014-09-11 12:04:06+00:00,469.41,1.0,96.0,1.0,33.0
2014-09-11 12:04:12+00:00,520.7733333333334,1.0,0.0,1.0,21.0
2014-09-11 12:04:18+00:00,493.605,1.0,96.0,1.0,369.0
2014-09-11 12:04:24+00:00,527.875,1.0,96.0,1.0,9.0
2014-09-11 12:04:30+00:00,508.36833333333334,1.0,96.0,1.0,398.0
2014-09-11 12:04:36+00:00,509.3666666666666,1.0,96.0,1.0,418.0
2014-09-11 12:04:42+00:00,509.0516666666667,0.0,97.0,0.0,439.0
2014-09-11 12:04:48+00:00,512.9883333333333,1.0,96.0,1.0,3.0
2014-09-11 12:04:54+00:00,509.74500000000006,1.0,97.0,1.0,445.0
2014-09-11 12:05:00+00:00,520.7733333333333,0.0,97.0,1.0,3.0
2014-09-11 12:05:06+00:00,506.99,1.0,96.0,1.0,0.0
2014-09-11 12:05:12+00:00,514.265,0.0,97.0,1.0,414.0
2014-09-11 12:05:18+00:00,505.8766666666667,1.0,97.0,1.0,68.0
2014-09-11 12:05:24+00:00,523.4066666666666,0.0,0.0,1.0,398.0
2014-09-11 12:05:30+00:00,505.79,1.0,97.0,1.0,448.0
2014-09-11 12:05:36+00:00,522.1383333333333,1.0,0.0,1.0,454.0
2014-09-11 12:05:42+00:00,509.73499999999996,1.0,96.0,0.0,407.0
2014-09-11 12:05:48+00:00,509.4433333333333,1.0,97.0,1.0,37.0
2014-09-11 12:05:54+00:00,508.0566666666667,1.0,97.0,1.0,444.0
2014-09-11 12:06:00+00:00,506.42333333333335,0.0,96.0,1.0,0.0
2014-09-11 12:06:06+00:00,511.7866666666667,1.0,96.0,1.0,335.0
2014-09-11 12:06:12+00:00,272.255,1.0,0.0,1.0,423.0
2014-09-11 12:06:18+00:00,285.74666666666667,1.0,97.0,1.0,29.0
2014-09-11 12:06:24+00:00,284.96666666666664,1.0,95.0,0.0,0.0
2014-09-11 12:06:30+00:00,528.4483333333334,1.0,96.0,1.0,29.0
2014-09-11 12:06:36+00:00,434.3633333333333,1.0,95.0,1.0,51.0
2014-09-11 12:06:42+00:00,512.4066666666666,1.0,96.0,1.0,149.0
2014-09-11 12:06:48+00:00,669.4833333333333,0.0,95.0,1.0,120.0
2014-09-11 12:06:54+00:00,406.25333333333333,1.0,0.0,1.0,755.0
2014-09-11 12:07:00+00:00,367.97166666666664,1.0,94.0,1.0,111.0
2014-09-11 12:07:06+00:00,340.2866666666667,1.0,95.0,1.0,77.0
2014-09-11 12:07:12+00:00,326.54333333333335,1.0,95.0,1.0,60.0
2014-09-11 12:07:18+00:00,323.44666666666666,1.0,93.0,0.0,0.0
2014-09-11 12:07:24+00:00,323.32,1.0,94.0,1.0,50.0
2014-09-11 12:07:30+00:00,348.70666666666665,0.0,94.0,1.0,51.0
2014-09-11 12:07:36+00:00,445.705,1.0,0.0,1.0,52.0
2014-09-11 12:07:42+00:00,278.3,1.0,94.0,1.0,23.0
2014-09-11 12:07:48+00:00,279.52500000000003,1.0,94.0,0.0,0.0
2014-09-11 12:07:54+00:00,321.1816666666667,0.0,0.0,1.0,20.0
2014-09-11 12:08:00+00:00,322.51,1.0,93.0,1.0,51.0
2014-09-11 12:08:06+00:00,325.7716666666667,1.0,93.0,0.0,49.0
2014-09-11 12:08:12+00:00,528.7033333333333,1.0,93.0,1.0,124.0
2014-09-11 12:08:18+00:00,274.7183333333333,0.0,93.0,1.0,0.0
2014-09-11 12:08:24+00:00,273.19666666666666,1.0,93.0,1.0,22.0
2014-09-11 12:08:30+00:00,291.85999999999996,1.0,93.0,1.0,20.0
2014-09-11 12:08:36+00:00,321.38,1.0,92.0,1.0,60.0
2014-09-11 12:08:42+00:00,320.81333333333333,1.0,0.0,1.0,51.0
2014-09-11 12:08:48+00:00,321.04333333333335,1.0,92.0,1.0,49.0
2014-09-11 12:08:54+00:00,321.33,1.0,92.0,0.0,0.0
2014-09-11 12:09:00+00:00,585.68,0.0,92.0,1.0,50.0
2014-09-11 12:09:06+00:00,523.76,1.0,0.0,1.0,391.0
2014-09-11 12:09:12+00:00,457.04,1.0,92.0,0.0,163.0
2014-09-11 12:09:18+00:00,446.5083333333334,1.0,92.0,1.0,168.0
2014-09-11 12:09:24+00:00,444.5733333333333,1.0,92.0,1.0,164.0
2014-09-11 12:09:30+00:00,442.75333333333333,1.0,92.0,1.0,162.0
2014-09-11 12:09:36+00:00,441.20166666666665,0.0,92.0,1.0,0.0
2014-09-11 12:09:42+00:00,487.7683333333334,1.0,91.0,1.0,161.0
2014-09-11 12:09:48+00:00,513.3866666666667,1.0,0.0,1.0,207.0
2014-09-11 12:09:54+00:00,533.7466666666666,1.0,92.0,1.0,238.0
2014-09-11 12:10:00+00:00,559.76,1.0,92.0,0.0,0.0
2014-09-11 12:10:06+00:00,583.1466666666666,1.0,92.0,1.0,265.0
2014-09-11 12:10:12+00:00,607.2783333333333,0.0,92.0,1.0,291.0
2014-09-11 12:10:18+00:00,626.3683333333333,1.0,91.0,1.0,318.0
2014-09-11 12:10:24+00:00,572.8416666666667,1.0,92.0,1.0,345.0
2014-09-11 12:10:30+00:00,571.69,1.0,0.0,1.0,260.0
2014-09-11 12:10:36+00:00,571.0466666666666,1.0,91.0,1.0,295.0
2014-09-11 12:10:42+00:00,566.1766666666666,1.0,91.0,0.0,285.0
2014-09-11 12:10:48+00:00,566.72,1.0,91.0,1.0,299.0
2014-09-11 12:10:54+00:00,559.445,1.0,91.0,1.0,0.0
2014-09-11 12:11:00+00:00,559.5183333333333,1.0,92.0,1.0,285.5
2014-09-11 12:11:06+00:00,554.8000000000001,0.0,92.0,1.0,0.0
2014-09-11 12:11:12+00:00,554.3616666666667,1.0,0.0,1.0,281.0
2014-09-11 12:11:18+00:00,501.31166666666667,1.0,91.0,1.0,277.0
2014-09-11 12:11:24+00:00,261.68333333333334,1.0,91.0,0.0,20.0
2014-09-11 12:11:30+00:00,261.8666666666667,0.0,91.0,1.0,0.0
2014-09-11 12:11:36+00:00,262.79,1.0,0.0,1.0,20.0
2014-09-11 12:11:42+00:00,263.02333333333337,1.0,91.0,1.0,20.0
2014-09-11 12:11:48+00:00,262.24,1.0,90.0,1.0,20.0
2014-09-11 12:11:54+00:00,262.035,1.0,91.5,1.0,20.0
2014-09-11 12:12:00+00:00,242.96666666666667,1.0,0.0,1.0,20.0
2014-09-11 12:12:06+00:00,241.59166666666667,1.0,91.0,1.0,20.0
2014-09-11 12:12:12+00:00,344.33,1.0,91.0,0.0,0.0
2014-09-11 12:12:18+00:00,291.1533333333333,0.0,0.0,1.0,76.0
2014-09-11 12:12:24+00:00,358.55833333333334,1.0,91.0,1.0,22.0
2014-09-11 12:12:30+00:00,289.7,1.0,91.0,0.0,76.0
2014-09-11 12:12:36+00:00,361.67333333333335,1.0,91.0,1.0,96.0
2014-09-11 12:12:42+00:00,284.8616666666667,1.0,91.0,1.0,17.0
2014-09-11 12:12:48+00:00,405.0116666666667,1.0,91.0,1.0,111.0
2014-09-11 12:12:54+00:00,339.74333333333334,1.0,91.0,1.0,109.0
2014-09-11 12:13:00+00:00,381.4533333333334,0.0,91.0,1.0,0.0
2014-09-11 12:13:06+00:00,292.9116666666667,1.0,0.0,1.0,129.0
2014-09-11 12:13:12+00:00,471.925,1.0,91.0,1.0,16.0
2014-09-11 12:13:18+00:00,406.69,1.0,91.0,0.0,0.0
2014-09-11 12:13:24+00:00,367.48333333333335,1.0,91.0,1.0,161.0
2014-09-11 12:13:30+00:00,325.81666666666666,0.0,91.0,1.0,6.0
2014-09-11 12:13:36+00:00,458.4883333333334,1.0,0.0,1.0,160.0
2014-09-11 12:13:42+00:00,463.24666666666667,1.0,91.0,1.0,172.0
2014-09-11 12:13:48+00:00,325.61,1.0,90.0,0.0,194.0
2014-09-11 12:13:54+00:00,375.3983333333333,1.0,91.0,1.0,176.0
2014-09-11 12:14:00+00:00,418.19166666666666,1.0,91.0,1.0,86.0
2014-09-11 12:14:06+00:00,514.29,1.0,90.0,1.0,191.0
2014-09-11 12:14:12+00:00,299.09,1.0,91.0,1.0,16.0
2014-09-11 12:14:18+00:00,434.81,0.0,91.0,1.0,0.0
2014-09-11 12:14:24+00:00,380.1433333333334,1.0,91.0,1.0,185.0
2014-09-11 12:14:30+00:00,527.1216666666667,1.0,91.0,1.0,185.0
2014-09-11 12:14:36+00:00,300.375,1.0,91.0,1.0,190.0
2014-09-11 12:14:42+00:00,455.2366666666667,1.0,0.0,1.0,64.0
2014-09-11 12:14:48+00:00,284.57666666666665,1.0,91.0,0.0,194.0
2014-09-11 12:14:54+00:00,488.4666666666667,0.0,92.0,1.0,0.0
2014-09-11 12:15:00+00:00,300.01,1.0,91.0,1.0,192.0
2014-09-11 12:15:06+00:00,422.155,1.0,0.0,1.0,181.0
2014-09-11 12:15:12+00:00,263.9116666666667,1.0,91.0,1.0,198.0
2014-09-11 12:15:18+00:00,452.56,1.0,91.0,1.0,16.0
2014-09-11 12:15:24+00:00,264.19166666666666,1.0,91.0,0.0,0.0
2014-09-11 12:15:30+00:00,477.65500000000003,0.0,91.0,1.0,16.0
2014-09-11 12:15:36+00:00,272.6383333333333,1.0,91.0,1.0,316.0
2014-09-11 12:15:42+00:00,506.955,1.0,0.0,1.0,16.0
2014-09-11 12:15:48+00:00,271.00166666666667,1.0,90.0,0.0,226.0
2014-09-11 12:15:54+00:00,535.005,0.0,91.0,1.0,0.0
2014-09-11 12:16:00+00:00,286.4783333333333,1.0,91.0,1.0,373.0
2014-09-11 12:16:06+00:00,554.0033333333333,1.0,91.0,1.0,16.0
2014-09-11 12:16:12+00:00,296.22499999999997,1.0,91.0,1.0,318.0
2014-09-11 12:16:18+00:00,820.475,1.0,91.0,1.0,15.0
2014-09-11 12:16:24+00:00,1873.5316666666668,1.0,90.0,237.0,403.0
2014-09-11 12:16:30+00:00,776.8416666666667,1.0,91.0,1581.0,16.0
2014-09-11 12:16:36+00:00,1884.96,1.0,0.0,37.0,378.0
2014-09-11 12:16:42+00:00,2189.32,1.0,91.0,1573.0,3.0
2014-09-11 12:16:48+00:00,1907.8766666666668,1.0,90.0,1600.0,410.0
2014-09-11 12:16:54+00:00,2167.815,1.0,91.0,1589.0,4.0
2014-09-11 12:17:00+00:00,1898.8016666666665,1.0,90.0,1581.0,383.0
2014-09-11 12:17:06+00:00,2169.8416666666667,1.0,91.0,1563.0,3.0
2014-09-11 12:17:12+00:00,1882.1499999999999,1.0,90.0,0.0,0.0
2014-09-11 12:17:18+00:00,2145.8700000000003,1.0,91.0,1560.0,402.0
2014-09-11 12:17:24+00:00,1869.835,1.0,91.0,1555.0,392.0
2014-09-11 12:17:30+00:00,2141.58,1.0,91.0,1564.0,413.0
2014-09-11 12:17:36+00:00,1867.99,0.0,91.0,1547.0,379.0
2014-09-11 12:17:42+00:00,2114.135,1.0,91.0,1537.0,402.0
2014-09-11 12:17:48+00:00,1862.4333333333334,1.0,91.0,1540.0,406.0
2014-09-11 12:17:54+00:00,2140.568333333333,1.0,92.0,1536.0,214.0
2014-09-11 12:18:00+00:00,1865.7283333333332,1.0,91.0,1558.0,425.0
2014-09-11 12:18:06+00:00,2111.5766666666664,1.0,0.0,1538.0,421.0
2014-09-11 12:18:12+00:00,1849.0616666666667,1.0,91.0,1538.0,411.0
2014-09-11 12:18:18+00:00,1725.0249999999999,1.0,92.0,1528.0,389.0
2014-09-11 12:18:24+00:00,1756.381666666667,1.0,92.0,1504.0,30.0
2014-09-11 12:18:30+00:00,1741.1033333333332,1.0,91.0,1509.0,30.0
2014-09-11 12:18:36+00:00,2031.03,1.0,91.0,0.0,0.0
2014-09-11 12:18:42+00:00,1875.6266666666668,1.0,91.0,1510.0,415.0
2014-09-11 12:18:48+00:00,1838.8733333333332,1.0,90.0,1500.0,168.0
2014-09-11 12:18:54+00:00,1815.76,0.0,91.0,1499.0,116.0
2014-09-11 12:19:00+00:00,1774.8983333333333,1.0,91.0,1503.0,86.0
2014-09-11 12:19:06+00:00,1827.6683333333333,1.0,0.0,1468.0,64.0
2014-09-11 12:19:12+00:00,1878.3533333333332,1.0,91.0,1490.0,230.0
2014-09-11 12:19:18+00:00,1694.0783333333331,1.0,91.0,0.0,24.0
2014-09-11 12:19:24+00:00,1724.2,1.0,91.0,1463.0,42.0
2014-09-11 12:19:30+00:00,1720.8999999999999,1.0,91.0,1467.0,51.0
2014-09-11 12:19:36+00:00,1716.4533333333331,1.0,90.0,1453.0,52.0
2014-09-11 12:19:42+00:00,1724.2316666666666,1.0,91.0,1458.0,50.0
2014-09-11 12:19:48+00:00,2090.185,0.0,91.0,1454.0,0.0
2014-09-11 12:19:54+00:00,1806.2233333333334,1.0,91.0,1442.0,425.0
2014-09-11 12:20:00+00:00,1656.8633333333335,1.0,91.0,1453.0,165.0
2014-09-11 12:20:06+00:00,1642.2983333333332,1.0,91.0,1427.0,20.0
2014-09-11 12:20:12+00:00,1645.2383333333335,1.0,90.0,1424.0,20.0
2014-09-11 12:20:18+00:00,1678.3,1.0,91.0,1424.0,20.0
2014-09-11 12:20:24+00:00,1664.256666666667,1.0,91.0,1401.0,53.0
2014-09-11 12:20:30+00:00,1605.1883333333335,1.0,91.0,1415.0,51.0
2014-09-11 12:20:36+00:00,1657.9466666666667,1.0,91.0,1403.0,2.0
2014-09-11 12:20:42+00:00,1623.4366666666667,1.0,0.0,1401.0,147.0
2014-09-11 12:20:48+00:00,1651.8149999999998,1.0,91.0,1407.0,2.0
2014-09-11 12:20:54+00:00,1609.3866666666665,1.0,91.0,1381.0,109.0
2014-09-11 12:21:00+00:00,1644.9133333333332,1.0,91.0,1399.0,2.0
2014-09-11 12:21:06+00:00,1600.493333333333,1.0,91.0,1380.0,52.0
2014-09-11 12:21:12+00:00,1635.5366666666666,1.0,91.0,1386.0,52.0
2014-09-11 12:21:18+00:00,1599.1716666666669,1.0,91.0,1382.0,66.0
2014-09-11 12:21:24+00:00,1632.1066666666666,1.0,91.0,1385.0,2.0
2014-09-11 12:21:30+00:00,1592.8666666666668,1.0,91.0,1369.0,77.0
2014-09-11 12:21:36+00:00,1615.2483333333332,1.0,91.0,1363.0,2.0
2014-09-11 12:21:42+00:00,1577.1233333333332,0.0,91.0,0.0,0.0
2014-09-11 12:21:48+00:00,1614.43,1.0,0.0,1358.0,2.0
2014-09-11 12:21:54+00:00,1575.095,1.0,91.0,1359.0,89.0
2014-09-11 12:22:00+00:00,1607.6416666666667,1.0,91.0,1350.0,3.0
2014-09-11 12:22:06+00:00,1572.265,1.0,91.0,1356.0,99.0
2014-09-11 12:22:12+00:00,1614.8666666666668,1.0,91.0,0.0,0.0
2014-09-11 12:22:18+00:00,1650.7283333333335,1.0,91.0,1363.0,3.0
2014-09-11 12:22:24+00:00,1622.5600000000002,0.0,91.0,1351.0,61.0
2014-09-11 12:22:30+00:00,1947.0833333333333,1.0,0.0,1357.0,53.0
2014-09-11 12:22:36+00:00,1730.7583333333332,1.0,91.0,1346.0,557.0
2014-09-11 12:22:42+00:00,1934.0083333333332,1.0,91.0,1347.0,129.0
2014-09-11 12:22:48+00:00,2029.8866666666665,1.0,91.0,1353.0,441.0
2014-09-11 12:22:54+00:00,1974.24,1.0,91.0,0.0,410.0
2014-09-11 12:23:00+00:00,1554.1233333333332,0.0,91.0,1328.0,0.0
2014-09-11 12:23:06+00:00,527.295,1.0,0.0,1344.0,196.0
2014-09-11 12:23:12+00:00,516.87,1.0,91.0,0.0,329.0
2014-09-11 12:23:18+00:00,511.01,1.0,91.0,1.0,258.0
2014-09-11 12:23:24+00:00,519.1933333333333,1.0,91.0,0.0,292.0
2014-09-11 12:23:30+00:00,517.6633333333333,1.0,91.0,1.0,290.0
2014-09-11 12:23:36+00:00,511.0933333333333,1.0,91.0,1.0,0.0
2014-09-11 12:23:42+00:00,509.34833333333336,0.0,91.0,1.0,284.0
2014-09-11 12:23:48+00:00,503.9316666666667,1.0,91.0,1.0,284.0
2014-09-11 12:23:54+00:00,504.52500000000003,1.0,92.0,1.0,275.0
2014-09-11 12:24:00+00:00,500.0,1.0,0.0,1.0,281.0
2014-09-11 12:24:06+00:00,499.385,1.0,91.0,1.0,274.0
2014-09-11 12:24:12+00:00,497.07,1.0,91.0,0.0,0.0
2014-09-11 12:24:18+00:00,497.92,0.0,91.0,1.0,270.0
2014-09-11 12:24:24+00:00,495.81,1.0,91.0,1.0,267.0
2014-09-11 12:24:30+00:00,495.50666666666666,1.0,92.0,1.0,269.0
2014-09-11 12:24:36+00:00,497.16833333333335,1.0,0.0,1.0,268.0
2014-09-11 12:24:42+00:00,495.04333333333335,1.0,93.0,1.0,266.0
2014-09-11 12:24:48+00:00,495.105,1.0,94.0,1.0,266.0
2014-09-11 12:24:54+00:00,494.77833333333336,1.0,93.0,0.0,265.0
2014-09-11 12:25:00+00:00,492.72166666666664,0.0,92.0,1.0,0.0
2014-09-11 12:25:06+00:00,493.5216666666667,1.0,93.0,1.0,267.0
2014-09-11 12:25:12+00:00,492.215,1.0,92.0,1.0,265.0
2014-09-11 12:25:18+00:00,490.7528571428571,1.0,0.0,1.0,267.0
2014-09-11 12:25:24+00:00,492.13800000000003,1.0,91.0,1.0,264.0
2014-09-11 12:25:30+00:00,490.13571428571424,1.0,91.0,1.0,263.0
2014-09-11 12:25:36+00:00,502.412,1.0,91.0,1.0,266.0
2014-09-11 12:25:42+00:00,504.2571428571428,1.0,90.0,0.0,0.0
2014-09-11 12:25:48+00:00,504.74,0.0,90.0,1.0,265.0
2014-09-11 12:25:54+00:00,378.464,1.0,89.0,1.0,264.0
2014-09-11 12:26:00+00:00,242.8457142857143,1.0,0.0,1.0,73.0
2014-09-11 12:26:06+00:00,239.39000000000001,1.0,90.0,0.0,26.0
2014-09-11 12:26:12+00:00,350.7616666666667,1.0,89.0,1.0,37.0
2014-09-11 12:26:18+00:00,359.0133333333333,1.0,88.0,1.0,113.0
2014-09-11 12:26:24+00:00,358.87833333333333,1.0,88.0,1.0,126.0
2014-09-11 12:26:30+00:00,360.425,1.0,87.0,1.0,127.0
2014-09-11 12:26:36+00:00,311.52833333333336,1.0,87.0,1.0,128.0
2014-09-11 12:26:42+00:00,271.045,1.0,87.0,1.0,125.0
2014-09-11 12:26:48+00:00,320.3016666666667,0.0,0.0,1.0,0.0
2014-09-11 12:26:54+00:00,320.1166666666667,1.0,0.0,1.0,174.0
2014-09-11 12:27:00+00:00,294.21,1.0,0.0,1.0,183.0
2014-09-11 12:27:06+00:00,295.6816666666667,1.0,0.0,1.0,147.0
2014-09-11 12:27:12+00:00,294.535,1.0,0.0,1.0,149.0
2014-09-11 12:27:18+00:00,295.4883333333333,1.0,0.0,0.0,148.0
2014-09-11 12:27:24+00:00,355.3883333333333,1.0,0.0,1.0,149.0
2014-09-11 12:27:30+00:00,554.4233333333333,0.0,0.0,1.0,0.0
2014-09-11 12:27:36+00:00,552.385,1.0,0.0,1.0,379.0
2014-09-11 12:27:42+00:00,348.53,1.0,0.0,1.0,346.0
2014-09-11 12:27:48+00:00,449.4983333333333,1.0,0.0,0.0,0.0
2014-09-11 12:27:54+00:00,402.9433333333333,1.0,0.0,1.0,273.0
2014-09-11 12:28:00+00:00,422.92333333333335,1.0,0.0,1.0,250.0
2014-09-11 12:28:06+00:00,423.715,0.0,0.0,1.0,267.0
2014-09-11 12:28:12+00:00,522.3183333333333,1.0,0.0,1.0,262.0
2014-09-11 12:28:18+00:00,571.8716666666666,1.0,0.0,1.0,382.0
2014-09-11 12:28:24+00:00,584.9683333333334,1.0,0.0,1.0,362.0
2014-09-11 12:28:30+00:00,557.1683333333334,1.0,0.0,0.0,395.0
2014-09-11 12:28:36+00:00,571.5416666666666,1.0,0.0,1.0,347.0
2014-09-11 12:28:42+00:00,568.9583333333334,1.0,0.0,1.0,354.0
2014-09-11 12:28:48+00:00,566.9716666666667,1.0,0.0,1.0,352.0
2014-09-11 12:28:54+00:00,566.6166666666667,0.0,0.0,1.0,0.0
2014-09-11 12:29:00+00:00,564.6683333333334,1.0,0.0,1.0,352.0
2014-09-11 12:29:06+00:00,563.8233333333334,1.0,0.0,1.0,351.0
2014-09-11 12:29:12+00:00,564.505,1.0,0.0,1.0,348.0
2014-09-11 12:29:18+00:00,563.4266666666666,1.0,0.0,0.0,0.0
2014-09-11 12:29:24+00:00,562.6366666666667,1.0,0.0,1.0,350.0
2014-09-11 12:29:30+00:00,564.2116666666667,1.0,0.0,1.0,347.0
2014-09-11 12:29:36+00:00,561.9266666666666,0.0,0.0,1.0,348.0
2014-09-11 12:29:42+00:00,562.9499999999999,1.0,0.0,1.0,347.0
2014-09-11 12:29:48+00:00,560.5666666666667,1.0,0.0,1.0,346.0
2014-09-11 12:29:54+00:00,561.6750000000001,1.0,0.0,1.0,346.0
2014-09-11 12:30:00+00:00,561.6333333333333,1.0,0.0,1.0,345.0
2014-09-11 12:30:06+00:00,561.1116666666667,1.0,0.0,0.0,0.0
2014-09-11 12:30:12+00:00,559.5883333333333,0.0,0.0,1.0,347.0
2014-09-11 12:30:18+00:00,560.025,1.0,0.0,1.0,344.0
2014-09-11 12:30:24+00:00,558.5783333333333,1.0,0.0,1.0,343.0
2014-09-11 12:30:30+00:00,559.35,1.0,0.0,1.0,345.0
2014-09-11 12:30:36+00:00,352.27500000000003,1.0,0.0,0.0,350.0
2014-09-11 12:30:42+00:00,188.95666666666668,1.0,0.0,1.0,21.0
2014-09-11 12:30:48+00:00,188.79999999999998,1.0,0.0,1.0,22.0
2014-09-11 12:30:54+00:00,188.60666666666665,1.0,0.0,1.0,21.0
2014-09-11 12:31:00+00:00,188.59166666666667,0.0,0.0,1.0,0.0
2014-09-11 12:31:06+00:00,189.18499999999997,1.0,0.0,1.0,20.0
2014-09-11 12:31:12+00:00,189.0533333333333,1.0,0.0,1.0,20.0
2014-09-11 12:31:18+00:00,179.46166666666667,1.0,0.0,1.0,20.0
2014-09-11 12:31:24+00:00,164.68499999999997,1.0,0.0,1.0,20.0
2014-09-11 12:31:30+00:00,248.11,1.0,0.0,1.0,2.0
2014-09-11 12:31:36+00:00,175.87166666666667,1.0,0.0,1.0,74.0
2014-09-11 12:31:42+00:00,245.76833333333332,1.0,0.0,1.0,74.0
2014-09-11 12:31:48+00:00,178.27833333333334,1.0,0.0,1.0,78.0
2014-09-11 12:31:54+00:00,246.33166666666668,1.0,0.0,0.0,0.0
2014-09-11 12:32:00+00:00,176.80166666666665,0.0,0.0,1.0,99.0
2014-09-11 12:32:06+00:00,219.915,1.0,0.0,1.0,2.0
2014-09-11 12:32:12+00:00,131.61833333333334,1.0,0.0,1.0,84.0
2014-09-11 12:32:18+00:00,197.73833333333334,1.0,0.0,1.0,84.0
2014-09-11 12:32:24+00:00,131.18833333333333,1.0,0.0,0.0,93.0
2014-09-11 12:32:30+00:00,200.71166666666667,1.0,0.0,1.0,3.0
2014-09-11 12:32:36+00:00,131.92499999999998,1.0,0.0,1.0,0.0
2014-09-11 12:32:42+00:00,196.535,0.0,0.0,1.0,5.0
2014-09-11 12:32:48+00:00,130.39833333333334,1.0,0.0,1.0,95.0
2014-09-11 12:32:54+00:00,198.215,1.0,0.0,0.0,38.0
2014-09-11 12:33:00+00:00,132.76166666666668,1.0,0.0,1.0,0.0
2014-09-11 12:33:06+00:00,116.755,1.0,0.0,1.0,85.0
2014-09-11 12:33:12+00:00,116.32,1.0,0.0,1.0,2.0
2014-09-11 12:33:18+00:00,116.17833333333334,1.0,0.0,1.0,2.0
2014-09-11 12:33:24+00:00,116.10333333333334,1.0,0.0,1.0,2.0
2014-09-11 12:33:30+00:00,116.06,1.0,0.0,1.0,1.0
2014-09-11 12:33:36+00:00,116.32,0.0,0.0,1.0,1.0
2014-09-11 12:33:42+00:00,115.79,1.0,0.0,1.0,1.0
2014-09-11 12:33:48+00:00,116.36333333333333,1.0,0.0,1.0,1.0
2014-09-11 12:33:54+00:00,115.96499999999999,1.0,0.0,1.0,1.0
2014-09-11 12:34:00+00:00,116.34833333333334,1.0,0.0,1.0,1.0
2014-09-11 12:34:06+00:00,116.23,1.0,0.0,0.0,0.0
2014-09-11 12:34:12+00:00,116.65166666666666,1.0,0.0,1.0,1.0
2014-09-11 12:34:18+00:00,116.12,0.0,0.0,1.0,1.0
2014-09-11 12:34:24+00:00,115.77,1.0,0.0,1.0,0.0
2014-09-11 12:34:30+00:00,115.81833333333333,1.0,0.0,1.0,0.0
2014-09-11 12:34:36+00:00,115.255,1.0,0.0,1.0,0.0
2014-09-11 12:34:42+00:00,115.62833333333333,1.0,0.0,0.0,0.0
2014-09-11 12:34:48+00:00,115.52666666666666,1.0,0.0,1.0,0.0
2014-09-11 12:34:54+00:00,115.60000000000001,0.0,0.0,1.0,0.0
2014-09-11 12:35:00+00:00,115.69666666666666,1.0,0.0,1.0,0.0
2014-09-11 12:35:06+00:00,115.93833333333333,0.0,0.0,1.0,0.0
2014-09-11 12:35:12+00:00,115.86333333333333,1.0,0.0,1.0,0.0
2014-09-11 12:35:18+00:00,115.66833333333334,1.0,0.0,0.0,0.0
2014-09-11 12:35:24+00:00,115.92833333333334,0.0,0.0,1.0,0.0
2014-09-11 12:35:30+00:00,116.07166666666666,1.0,0.0,1.0,0.0
2014-09-11 12:35:36+00:00,116.01333333333334,1.0,0.0,1.0,0.0
2014-09-11 12:35:42+00:00,115.39333333333333,1.0,0.0,1.0,0.0
2014-09-11 12:35:48+00:00,115.705,1.0,0.0,1.0,0.0
2014-09-11 12:35:54+00:00,115.58166666666666,1.0,0.0,0.0,0.0
2014-09-11 12:36:00+00:00,115.56833333333333,1.0,0.0,1.0,0.0
2014-09-11 12:36:06+00:00,116.05833333333334,1.0,0.0,1.0,0.0
2014-09-11 12:36:12+00:00,115.735,1.0,0.0,1.0,0.0
2014-09-11 12:36:18+00:00,115.57166666666667,1.0,0.0,1.0,0.0
2014-09-11 12:36:24+00:00,115.40500000000002,0.0,0.0,1.0,0.0
2014-09-11 12:36:30+00:00,115.62,1.0,0.0,1.0,0.0
2014-09-11 12:36:36+00:00,115.53666666666668,1.0,0.0,0.0,0.0
2014-09-11 12:36:42+00:00,115.87333333333333,1.0,0.0,1.0,0.0
2014-09-11 12:36:48+00:00,115.97833333333334,1.0,0.0,1.0,0.0
2014-09-11 12:36:54+00:00,115.80166666666668,0.0,0.0,1.0,0.0
2014-09-11 12:37:00+00:00,115.86833333333334,1.0,0.0,1.0,0.0
2014-09-11 12:37:06+00:00,115.63833333333334,1.0,0.0,1.0,0.0
2014-09-11 12:37:12+00:00,115.97833333333334,1.0,0.0,1.0,0.0
2014-09-11 12:37:18+00:00,115.71166666666666,1.0,0.0,1.0,0.0
2014-09-11 12:37:24+00:00,115.77666666666666,1.0,0.0,0.0,0.0
2014-09-11 12:37:30+00:00,115.54,1.0,0.0,1.0,0.0
2014-09-11 12:37:36+00:00,115.74833333333333,0.0,0.0,1.0,0.0
2014-09-11 12:37:42+00:00,115.38333333333333,1.0,0.0,1.0,0.0
2014-09-11 12:37:48+00:00,115.77333333333333,1.0,0.0,0.0,0.0
2014-09-11 12:37:54+00:00,115.57333333333334,1.0,0.0,1.0,0.0
2014-09-11 12:38:00+00:00,115.35166666666667,1.0,0.0,1.0,0.0
2014-09-11 12:38:06+00:00,115.125,0.0,0.0,1.0,0.0
2014-09-11 12:38:12+00:00,115.61666666666667,1.0,0.0,1.0,0.0
2014-09-11 12:38:18+00:00,115.485,1.0,0.0,1.0,0.0
2014-09-11 12:38:24+00:00,115.55833333333334,1.0,0.0,1.0,0.0
2014-09-11 12:38:30+00:00,115.69666666666667,1.0,0.0,1.0,0.0
2014-09-11 12:38:36+00:00,115.37,1.0,0.0,0.0,0.0
2014-09-11 12:38:42+00:00,115.33,1.0,0.0,1.0,0.0
2014-09-11 12:38:48+00:00,115.55833333333334,1.0,0.0,1.0,0.0
2014-09-11 12:38:54+00:00,115.47166666666665,1.0,0.0,1.0,0.0
2014-09-11 12:39:00+00:00,115.83,1.0,0.0,1.0,0.0
2014-09-11 12:39:06+00:00,115.78000000000002,1.0,0.0,1.0,0.0
2014-09-11 12:39:12+00:00,116.22333333333334,0.0,0.0,1.0,0.0
2014-09-11 12:39:18+00:00,115.25999999999999,1.0,0.0,1.0,0.0
2014-09-11 12:39:24+00:00,115.57,1.0,0.0,1.0,0.0
2014-09-11 12:39:30+00:00,115.73,0.0,0.0,0.0,0.0
2014-09-11 12:39:36+00:00,115.37666666666667,1.0,0.0,1.0,0.0
2014-09-11 12:39:42+00:00,115.46833333333332,1.0,0.0,1.0,0.0
2014-09-11 12:39:48+00:00,115.89333333333333,1.0,0.0,0.0,0.0
2014-09-11 12:39:54+00:00,115.43333333333334,0.0,0.0,1.0,0.0
2014-09-11 12:40:00+00:00,115.65666666666668,1.0,0.0,1.0,0.0
2014-09-11 12:40:06+00:00,115.755,1.0,0.0,1.0,0.0
2014-09-11 12:40:12+00:00,115.22500000000001,1.0,0.0,1.0,0.0
2014-09-11 12:40:18+00:00,115.91833333333334,1.0,0.0,0.0,0.0
2014-09-11 12:40:24+00:00,115.70333333333333,1.0,0.0,1.0,0.0
2014-09-11 12:40:30+00:00,116.2,1.0,0.0,1.0,0.0
2014-09-11 12:40:36+00:00,115.53666666666668,0.0,0.0,1.0,0.0
2014-09-11 12:40:42+00:00,115.895,1.0,0.0,1.0,0.0
2014-09-11 12:40:48+00:00,115.83333333333333,1.0,0.0,1.0,0.0
2014-09-11 12:40:54+00:00,115.85666666666667,1.0,0.0,1.0,0.0
2014-09-11 12:41:00+00:00,131.17166666666665,1.0,0.0,1.0,0.0
2014-09-11 12:41:06+00:00,162.19500000000002,1.0,0.0,0.0,0.0
2014-09-11 12:41:12+00:00,162.47,0.0,0.0,1.0,0.0
2014-09-11 12:41:18+00:00,162.60833333333332,1.0,0.0,1.0,0.0
2014-09-11 12:41:24+00:00,162.93666666666667,1.0,0.0,1.0,0.0
2014-09-11 12:41:30+00:00,162.96,1.0,0.0,1.0,0.0
2014-09-11 12:41:36+00:00,162.475,1.0,0.0,1.0,0.0
2014-09-11 12:41:42+00:00,162.71833333333333,1.0,0.0,1.0,0.0
2014-09-11 12:41:48+00:00,162.92999999999998,1.0,0.0,0.0,0.0
2014-09-11 12:41:54+00:00,162.9,1.0,0.0,1.0,0.0
2014-09-11 12:42:00+00:00,162.77333333333334,0.0,0.0,1.0,0.0
2014-09-11 12:42:06+00:00,162.75333333333333,1.0,0.0,1.0,0.0
2014-09-11 12:42:12+00:00,163.30333333333334,1.0,0.0,1.0,0.0
2014-09-11 12:42:18+00:00,163.12666666666667,1.0,0.0,0.0,0.0
2014-09-11 12:42:24+00:00,162.945,0.0,0.0,1.0,0.0
2014-09-11 12:42:30+00:00,163.26,1.0,0.0,1.0,0.0
2014-09-11 12:42:36+00:00,163.82666666666668,1.0,0.0,1.0,0.0
2014-09-11 12:42:42+00:00,163.30499999999998,1.0,0.0,1.0,0.0
2014-09-11 12:42:48+00:00,163.50833333333333,1.0,0.0,1.0,0.0
2014-09-11 12:42:54+00:00,163.54333333333332,1.0,0.0,1.0,0.0
2014-09-11 12:43:00+00:00,163.06166666666667,1.0,0.0,0.0,0.0
2014-09-11 12:43:06+00:00,162.6966666666667,0.0,0.0,1.0,0.0
2014-09-11 12:43:12+00:00,163.08666666666667,1.0,0.0,1.0,0.0
2014-09-11 12:43:18+00:00,162.86333333333332,1.0,0.0,1.0,0.0
2014-09-11 12:43:24+00:00,162.415,1.0,0.0,0.0,0.0
2014-09-11 12:43:30+00:00,162.46,0.0,0.0,1.0,0.0
2014-09-11 12:43:36+00:00,162.44166666666666,1.0,0.0,1.0,0.0
2014-09-11 12:43:42+00:00,162.42333333333332,1.0,0.0,1.0,0.0
2014-09-11 12:43:48+00:00,162.62166666666667,1.0,0.0,1.0,0.0
2014-09-11 12:43:54+00:00,162.09,1.0,0.0,1.0,0.0
2014-09-11 12:44:00+00:00,162.73333333333332,1.0,0.0,1.0,0.0
2014-09-11 12:44:06+00:00,162.29333333333332,1.0,0.0,1.0,0.0
2014-09-11 12:44:12+00:00,162.36166666666665,1.0,0.0,0.0,0.0
2014-09-11 12:44:18+00:00,162.41333333333333,0.0,0.0,1.0,0.0
2014-09-11 12:44:24+00:00,162.38,1.0,0.0,1.0,0.0
2014-09-11 12:44:30+00:00,162.6966666666667,1.0,0.0,1.0,0.0
2014-09-11 12:44:36+00:00,162.42999999999998,1.0,0.0,0.0,0.0
2014-09-11 12:44:42+00:00,162.23,1.0,0.0,1.0,0.0
2014-09-11 12:44:48+00:00,162.42,1.0,0.0,0.0,0.0
2014-09-11 12:44:54+00:00,162.46166666666667,0.0,0.0,1.0,0.0
2014-09-11 12:45:00+00:00,162.50333333333333,1.0,0.0,1.0,0.0
2014-09-11 12:45:06+00:00,162.54666666666665,1.0,0.0,0.0,0.0
2014-09-11 12:45:12+00:00,162.87833333333333,1.0,0.0,1.0,0.0
2014-09-11 12:45:18+00:00,163.03666666666666,1.0,0.0,1.0,0.0
2014-09-11 12:45:24+00:00,162.26500000000001,1.0,0.0,1.0,0.0
2014-09-11 12:45:30+00:00,162.57333333333332,0.0,0.0,1.0,0.0
2014-09-11 12:45:36+00:00,162.54999999999998,1.0,0.0,1.0,0.0
2014-09-11 12:45:42+00:00,162.44000000000003,1.0,0.0,1.0,0.0
2014-09-11 12:45:48+00:00,162.76166666666668,1.0,0.0,1.0,0.0
2014-09-11 12:45:54+00:00,163.09166666666667,1.0,0.0,1.0,0.0
2014-09-11 12:46:00+00:00,163.00833333333333,1.0,0.0,1.0,0.0
2014-09-11 12:46:06+00:00,163.39666666666668,1.0,0.0,0.0,0.0
2014-09-11 12:46:12+00:00,162.78833333333333,0.0,0.0,1.0,0.0
2014-09-11 12:46:18+00:00,163.20833333333334,1.0,0.0,1.0,0.0
2014-09-11 12:46:24+00:00,163.38666666666666,1.0,0.0,1.0,0.0
2014-09-11 12:46:30+00:00,163.345,1.0,0.0,0.0,0.0
2014-09-11 12:46:36+00:00,162.82000000000002,1.0,0.0,1.0,0.0
2014-09-11 12:46:42+00:00,162.72833333333332,0.0,0.0,1.0,0.0
2014-09-11 12:46:48+00:00,163.12333333333333,1.0,0.0,1.0,0.0
2014-09-11 12:46:54+00:00,162.78833333333333,1.0,0.0,1.0,0.0
2014-09-11 12:47:00+00:00,162.53833333333333,1.0,0.0,0.0,0.0
2014-09-11 12:47:06+00:00,162.30999999999997,0.0,0.0,1.0,0.0
2014-09-11 12:47:12+00:00,162.47166666666666,1.0,0.0,1.0,0.0
2014-09-11 12:47:18+00:00,162.50166666666667,1.0,0.0,1.0,0.0
2014-09-11 12:47:24+00:00,162.18333333333334,1.0,0.0,0.0,0.0
2014-09-11 12:47:30+00:00,162.59666666666666,0.0,0.0,1.0,0.0
2014-09-11 12:47:36+00:00,136.38500000000002,1.0,0.0,1.0,0.0
2014-09-11 12:47:42+00:00,115.82833333333333,1.0,0.0,0.0,0.0
2014-09-11 12:47:48+00:00,115.76166666666666,1.0,0.0,1.0,0.0
2014-09-11 12:47:54+00:00,115.79833333333333,0.0,0.0,1.0,0.0
2014-09-11 12:48:00+00:00,115.495,1.0,0.0,1.0,0.0
2014-09-11 12:48:06+00:00,115.39666666666666,1.0,0.0,1.0,0.0
2014-09-11 12:48:12+00:00,115.81666666666666,1.0,0.0,1.0,0.0
2014-09-11 12:48:18+00:00,116.04666666666667,1.0,0.0,1.0,0.0
2014-09-11 12:48:24+00:00,116.31,1.0,0.0,0.0,0.0
2014-09-11 12:48:30+00:00,115.75666666666666,0.0,0.0,1.0,0.0
2014-09-11 12:48:36+00:00,115.71166666666666,1.0,0.0,1.0,0.0
2014-09-11 12:48:42+00:00,115.86833333333334,1.0,0.0,1.0,0.0
2014-09-11 12:48:48+00:00,115.74666666666667,1.0,0.0,0.0,0.0
2014-09-11 12:48:54+00:00,115.755,1.0,0.0,1.0,0.0
2014-09-11 12:49:00+00:00,115.86833333333334,1.0,0.0,1.0,0.0
2014-09-11 12:49:06+00:00,115.78999999999999,1.0,0.0,1.0,0.0
2014-09-11 12:49:12+00:00,115.63600000000001,1.0,0.0,1.0,0.0
2014-09-11 12:49:18+00:00,115.47285714285714,0.0,0.0,1.0,0.0
2014-09-11 12:49:24+00:00,115.18599999999999,1.0,0.0,1.0,0.0
2014-09-11 12:49:30+00:00,115.14999999999999,1.0,0.0,1.0,0.0
2014-09-11 12:49:36+00:00,115.62428571428572,1.0,0.0,1.0,0.0
2014-09-11 12:49:42+00:00,115.53600000000002,1.0,0.0,0.0,0.0
2014-09-11 12:49:48+00:00,115.02571428571427,0.0,0.0,1.0,0.0
2014-09-11 12:49:54+00:00,114.87,1.0,0.0,1.0,0.0
2014-09-11 12:50:00+00:00,114.68166666666667,1.0,0.0,1.0,0.0
2014-09-11 12:50:06+00:00,114.805,1.0,0.0,1.0,0.0
2014-09-11 12:50:12+00:00,114.82,1.0,0.0,0.0,0.0
2014-09-11 12:50:18+00:00,114.87333333333333,1.0,0.0,1.0,0.0
2014-09-11 12:50:24+00:00,115.13166666666666,1.0,0.0,1.0,0.0
2014-09-11 12:50:30+00:00,115.03333333333335,0.0,0.0,1.0,0.0
2014-09-11 12:50:36+00:00,115.12666666666667,1.0,0.0,1.0,0.0
2014-09-11 12:50:42+00:00,115.41833333333334,1.0,0.0,1.0,0.0
2014-09-11 12:50:48+00:00,115.18,1.0,0.0,0.0,0.0
2014-09-11 12:50:54+00:00,115.145,0.0,0.0,1.0,0.0
2014-09-11 12:51:00+00:00,115.25,1.0,0.0,1.0,0.0
2014-09-11 12:51:06+00:00,115.13333333333333,1.0,0.0,1.0,0.0
2014-09-11 12:51:12+00:00,115.17333333333333,1.0,0.0,1.0,0.0
2014-09-11 12:51:18+00:00,115.27499999999999,1.0,0.0,0.0,0.0
2014-09-11 12:51:24+00:00,115.25999999999999,1.0,0.0,1.0,0.0
2014-09-11 12:51:30+00:00,115.36000000000001,0.0,0.0,1.0,0.0
2014-09-11 12:51:36+00:00,115.27333333333333,1.0,0.0,1.0,0.0
2014-09-11 12:51:42+00:00,115.64333333333333,1.0,0.0,1.0,0.0
2014-09-11 12:51:48+00:00,115.50833333333333,1.0,0.0,1.0,0.0
2014-09-11 12:51:54+00:00,115.93333333333334,1.0,0.0,1.0,0.0
2014-09-11 12:52:00+00:00,115.52833333333332,1.0,0.0,0.0,0.0
2014-09-11 12:52:06+00:00,115.195,0.0,0.0,1.0,0.0
2014-09-11 12:52:12+00:00,115.05333333333333,1.0,0.0,1.0,0.0
2014-09-11 12:52:18+00:00,115.52,1.0,0.0,1.0,0.0
2014-09-11 12:52:24+00:00,115.47833333333334,1.0,0.0,1.0,0.0
2014-09-11 12:52:30+00:00,115.31833333333333,1.0,0.0,1.0,0.0
2014-09-11 12:52:36+00:00,115.68,1.0,0.0,0.0,0.0
2014-09-11 12:52:42+00:00,115.63,0.0,0.0,1.0,0.0
2014-09-11 12:52:48+00:00,115.78166666666665,1.0,0.0,1.0,0.0
2014-09-11 12:52:54+00:00,115.855,1.0,0.0,1.0,0.0
2014-09-11 12:53:00+00:00,116.08833333333332,1.0,0.0,0.0,0.0
2014-09-11 12:53:06+00:00,115.83,1.0,0.0,1.0,0.0
2014-09-11 12:53:12+00:00,115.64166666666667,0.0,0.0,1.0,0.0
2014-09-11 12:53:18+00:00,115.29,1.0,0.0,1.0,0.0
2014-09-11 12:53:24+00:00,115.37166666666667,1.0,0.0,0.0,0.0
2014-09-11 12:53:30+00:00,115.37666666666667,1.0,0.0,1.0,0.0
2014-09-11 12:53:36+00:00,115.495,1.0,0.0,0.0,0.0
2014-09-11 12:53:42+00:00,115.89833333333333,0.0,0.0,1.0,0.0
2014-09-11 12:53:48+00:00,115.50666666666666,1.0,0.0,1.0,0.0
2014-09-11 12:53:54+00:00,115.46,1.0,0.0,1.0,0.0
2014-09-11 12:54:00+00:00,115.73833333333334,1.0,0.0,0.0,0.0
2014-09-11 12:54:06+00:00,116.12333333333333,0.0,0.0,1.0,0.0
2014-09-11 12:54:12+00:00,115.45666666666666,1.0,0.0,1.0,0.0
2014-09-11 12:54:18+00:00,115.55,1.0,0.0,1.0,0.0
2014-09-11 12:54:24+00:00,114.77333333333333,1.0,0.0,0.0,0.0
2014-09-11 12:54:30+00:00,115.08166666666666,0.0,0.0,1.0,0.0
2014-09-11 12:54:36+00:00,115.39999999999999,1.0,0.0,1.0,0.0
2014-09-11 12:54:42+00:00,114.67833333333334,1.0,0.0,1.0,0.0
2014-09-11 12:54:48+00:00,115.09166666666665,1.0,0.0,1.0,0.0
2014-09-11 12:54:54+00:00,114.85000000000001,1.0,0.0,1.0,0.0
2014-09-11 12:55:00+00:00,114.87333333333333,1.0,0.0,1.0,0.0
2014-09-11 12:55:06+00:00,114.96499999999999,1.0,0.0,0.0,0.0
2014-09-11 12:55:12+00:00,114.76833333333333,0.0,0.0,1.0,0.0
2014-09-11 12:55:18+00:00,114.61500000000001,1.0,0.0,1.0,0.0
2014-09-11 12:55:24+00:00,114.97333333333334,1.0,0.0,1.0,0.0
2014-09-11 12:55:30+00:00,114.75333333333333,1.0,0.0,1.0,0.0
2014-09-11 12:55:36+00:00,114.92,1.0,0.0,1.0,0.0
2014-09-11 12:55:42+00:00,115.03166666666668,1.0,0.0,1.0,0.0
2014-09-11 12:55:48+00:00,114.60833333333333,1.0,0.0,0.0,0.0
2014-09-11 12:55:54+00:00,114.58999999999999,0.0,0.0,1.0,0.0
2014-09-11 12:56:00+00:00,115.06166666666667,1.0,0.0,1.0,0.0
2014-09-11 12:56:06+00:00,115.20166666666667,1.0,0.0,1.0,0.0
2014-09-11 12:56:12+00:00,114.56,1.0,0.0,1.0,0.0
2014-09-11 12:56:18+00:00,114.60333333333334,1.0,0.0,1.0,0.0
2014-09-11 12:56:24+00:00,114.65666666666665,1.0,0.0,1.0,0.0
2014-09-11 12:56:30+00:00,114.57833333333333,1.0,0.0,1.0,0.0
2014-09-11 12:56:36+00:00,115.17833333333333,1.0,0.0,1.0,0.0
2014-09-11 12:56:42+00:00,114.60166666666667,0.0,0.0,1.0,0.0
2014-09-11 12:56:48+00:00,114.85000000000001,1.0,0.0,0.0,0.0
2014-09-11 12:56:54+00:00,114.78333333333335,1.0,0.0,1.0,0.0
2014-09-11 12:57:00+00:00,115.01333333333332,1.0,0.0,1.0,0.0
2014-09-11 12:57:06+00:00,114.52666666666666,1.0,0.0,1.0,0.0
2014-09-11 12:57:12+00:00,115.05333333333333,0.0,0.0,1.0,0.0
2014-09-11 12:57:18+00:00,115.28833333333334,1.0,0.0,1.0,0.0
2014-09-11 12:57:24+00:00,114.76333333333334,1.0,0.0,1.0,0.0
2014-09-11 12:57:30+00:00,115.195,1.0,0.0,1.0,0.0
2014-09-11 12:57:36+00:00,114.97500000000001,1.0,0.0,1.0,0.0
2014-09-11 12:57:42+00:00,115.295,1.0,0.0,0.0,0.0
2014-09-11 12:57:48+00:00,115.46,1.0,0.0,1.0,0.0
2014-09-11 12:57:54+00:00,115.36500000000001,0.0,0.0,1.0,0.0
2014-09-11 12:58:00+00:00,115.22666666666667,1.0,0.0,1.0,0.0
2014-09-11 12:58:06+00:00,115.17,1.0,0.0,0.0,0.0
2014-09-11 12:58:12+00:00,115.42333333333333,1.0,0.0,1.0,0.0
2014-09-11 12:58:18+00:00,115.42666666666666,0.0,0.0,1.0,0.0
2014-09-11 12:58:24+00:00,115.26166666666667,1.0,0.0,1.0,0.0
2014-09-11 12:58:30+00:00,115.05333333333334,1.0,0.0,1.0,0.0
2014-09-11 12:58:36+00:00,115.605,1.0,0.0,1.0,0.0
2014-09-11 12:58:42+00:00,115.08999999999999,1.0,0.0,1.0,0.0
2014-09-11 12:58:48+00:00,115.21499999999999,1.0,0.0,0.0,0.0
2014-09-11 12:58:54+00:00,115.56833333333333,1.0,0.0,1.0,0.0
2014-09-11 12:59:00+00:00,115.58666666666666,0.0,0.0,1.0,0.0
2014-09-11 12:59:06+00:00,115.68,1.0,0.0,1.0,0.0
2014-09-11 12:59:12+00:00,115.83999999999999,1.0,0.0,1.0,0.0
2014-09-11 12:59:18+00:00,115.50833333333333,1.0,0.0,1.0,0.0
2014-09-11 12:59:24+00:00,114.75166666666667,1.0,0.0,1.0,0.0
2014-09-11 12:59:30+00:00,115.44833333333332,1.0,0.0,1.0,0.0
2014-09-11 12:59:36+00:00,115.17333333333333,1.0,0.0,0.0,0.0
2014-09-11 12:59:42+00:00,115.08833333333332,0.0,0.0,1.0,0.0
2014-09-11 12:59:48+00:00,115.37333333333333,1.0,0.0,1.0,0.0
2014-09-11 12:59:54+00:00,115.28166666666668,1.0,0.0,1.0,0.0
2014-09-11 13:00:00+00:00,116.09333333333332,1.0,0.0,1.0,0.0
2014-09-11 13:00:06+00:00,116.41166666666668,1.0,0.0,1.0,0.0
2014-09-11 13:00:12+00:00,116.29166666666667,1.0,0.0,1.0,0.0
2014-09-11 13:00:18+00:00,116.20666666666666,1.0,0.0,0.0,0.0
2014-09-11 13:00:24+00:00,116.335,0.0,0.0,1.0,0.0
2014-09-11 13:00:30+00:00,116.64166666666667,1.0,0.0,1.0,0.0
2014-09-11 13:00:36+00:00,116.50166666666667,1.0,0.0,1.0,0.0
2014-09-11 13:00:42+00:00,116.63333333333333,1.0,0.0,0.0,0.0
2014-09-11 13:00:48+00:00,116.82833333333333,1.0,0.0,1.0,0.0
2014-09-11 13:00:54+00:00,116.49333333333334,1.0,0.0,1.0,0.0
2014-09-11 13:01:00+00:00,116.80833333333334,0.0,0.0,1.0,0.0
2014-09-11 13:01:06+00:00,116.91666666666667,1.0,0.0,1.0,0.0
2014-09-11 13:01:12+00:00,116.52999999999999,1.0,0.0,1.0,0.0
2014-09-11 13:01:18+00:00,116.41166666666668,1.0,0.0,1.0,0.0
2014-09-11 13:01:24+00:00,116.55833333333334,1.0,0.0,1.0,0.0
2014-09-11 13:01:30+00:00,116.47833333333334,1.0,0.0,0.0,0.0
2014-09-11 13:01:36+00:00,116.47833333333334,1.0,0.0,1.0,0.0
2014-09-11 13:01:42+00:00,376.18833333333333,0.0,462.0,1.0,0.0
2014-09-11 13:01:48+00:00,216.59833333333336,1.0,0.0,1.0,0.0
2014-09-11 13:01:54+00:00,215.84166666666667,1.0,98.0,0.0,0.0
2014-09-11 13:02:00+00:00,213.26166666666666,1.0,96.0,1.0,0.0
2014-09-11 13:02:06+00:00,211.595,0.0,95.0,1.0,0.0
2014-09-11 13:02:12+00:00,210.94500000000002,1.0,0.0,1.0,0.0
2014-09-11 13:02:18+00:00,239.295,1.0,94.0,1.0,0.0
2014-09-11 13:02:24+00:00,255.585,1.0,93.0,1.0,0.0
2014-09-11 13:02:30+00:00,255.30999999999997,1.0,92.0,1.0,0.0
2014-09-11 13:02:36+00:00,254.65166666666664,1.0,91.0,0.0,0.0
2014-09-11 13:02:42+00:00,252.70833333333334,1.0,90.0,1.0,0.0
2014-09-11 13:02:48+00:00,251.83166666666668,0.0,88.0,1.0,0.0
2014-09-11 13:02:54+00:00,251.37,1.0,88.0,1.0,0.0
2014-09-11 13:03:00+00:00,251.47666666666666,1.0,88.0,1.0,0.0
2014-09-11 13:03:06+00:00,251.65833333333333,1.0,88.0,1.0,0.0
2014-09-11 13:03:12+00:00,252.39333333333332,1.0,0.0,1.0,0.0
2014-09-11 13:03:18+00:00,253.25,1.0,89.0,1.0,0.0
2014-09-11 13:03:24+00:00,253.02333333333334,1.0,89.0,0.0,0.0
2014-09-11 13:03:30+00:00,253.535,0.0,0.0,1.0,0.0
2014-09-11 13:03:36+00:00,253.82833333333335,1.0,89.0,1.0,0.0
2014-09-11 13:03:42+00:00,253.48166666666665,1.0,90.0,0.0,0.0
2014-09-11 13:03:48+00:00,254.15,0.0,89.0,1.0,0.0
2014-09-11 13:03:54+00:00,253.355,1.0,89.0,1.0,0.0
2014-09-11 13:04:00+00:00,253.07333333333335,1.0,89.0,1.0,0.0
2014-09-11 13:04:06+00:00,253.18166666666664,1.0,0.0,1.0,0.0
2014-09-11 13:04:12+00:00,253.37,1.0,89.0,1.0,0.0
2014-09-11 13:04:18+00:00,253.9433333333333,1.0,89.0,1.0,0.0
2014-09-11 13:04:24+00:00,254.21833333333333,1.0,89.0,1.0,0.0
2014-09-11 13:04:30+00:00,254.21666666666667,1.0,89.0,1.0,0.0
2014-09-11 13:04:36+00:00,254.1833333333333,1.0,89.0,0.0,0.0
2014-09-11 13:04:42+00:00,254.1,1.0,89.0,1.0,0.0
2014-09-11 13:04:48+00:00,253.63333333333333,0.0,0.0,1.0,0.0
2014-09-11 13:04:54+00:00,253.88333333333333,1.0,88.0,1.0,0.0
2014-09-11 13:05:00+00:00,253.64,1.0,89.0,0.0,0.0
2014-09-11 13:05:06+00:00,253.59,1.0,88.0,1.0,0.0
2014-09-11 13:05:12+00:00,253.4,1.0,88.0,1.0,0.0
2014-09-11 13:05:18+00:00,253.08333333333334,1.0,89.0,0.0,0.0
2014-09-11 13:05:24+00:00,252.345,1.0,88.0,1.0,0.0
2014-09-11 13:05:30+00:00,251.95166666666668,1.0,88.0,1.0,0.0
2014-09-11 13:05:36+00:00,251.45333333333335,1.0,88.0,1.0,0.0
2014-09-11 13:05:42+00:00,251.45333333333335,0.0,0.0,1.0,0.0
2014-09-11 13:05:48+00:00,251.76166666666666,1.0,88.0,1.0,0.0
2014-09-11 13:05:54+00:00,251.24666666666667,1.0,88.0,1.0,0.0
2014-09-11 13:06:00+00:00,251.04333333333332,1.0,87.0,1.0,0.0
2014-09-11 13:06:06+00:00,251.05999999999997,1.0,87.0,0.0,0.0
2014-09-11 13:06:12+00:00,249.66666666666666,1.0,88.0,1.0,0.0
2014-09-11 13:06:18+00:00,249.67333333333332,0.0,87.0,1.0,0.0
2014-09-11 13:06:24+00:00,249.92166666666665,1.0,87.0,1.0,0.0
2014-09-11 13:06:30+00:00,249.96833333333333,1.0,87.0,1.0,0.0
2014-09-11 13:06:36+00:00,249.78666666666666,1.0,87.0,1.0,0.0
2014-09-11 13:06:42+00:00,249.99333333333334,1.0,86.0,1.0,0.0
2014-09-11 13:06:48+00:00,249.49166666666667,1.0,0.0,1.0,0.0
2014-09-11 13:06:54+00:00,249.9283333333333,1.0,87.0,1.0,0.0
2014-09-11 13:07:00+00:00,250.23000000000002,1.0,87.0,1.0,0.0
2014-09-11 13:07:06+00:00,250.10333333333332,1.0,87.0,0.0,0.0
2014-09-11 13:07:12+00:00,249.78666666666666,0.0,0.0,1.0,0.0
2014-09-11 13:07:18+00:00,249.58,1.0,87.0,1.0,0.0
2014-09-11 13:07:24+00:00,249.93499999999997,1.0,87.0,1.0,0.0
2014-09-11 13:07:30+00:00,249.82333333333335,1.0,86.0,1.0,0.0
2014-09-11 13:07:36+00:00,249.635,1.0,86.0,1.0,0.0
2014-09-11 13:07:42+00:00,250.05499999999998,1.0,86.0,0.0,0.0
2014-09-11 13:07:48+00:00,249.52666666666664,0.0,86.0,1.0,0.0
2014-09-11 13:07:54+00:00,249.38666666666666,1.0,86.0,1.0,0.0
2014-09-11 13:08:00+00:00,249.64,1.0,0.0,1.0,0.0
2014-09-11 13:08:06+00:00,249.48666666666668,1.0,86.0,1.0,0.0
2014-09-11 13:08:12+00:00,249.58833333333334,1.0,86.0,1.0,0.0
2014-09-11 13:08:18+00:00,249.20000000000002,1.0,86.0,0.0,0.0
2014-09-11 13:08:24+00:00,248.9,1.0,86.0,1.0,0.0
2014-09-11 13:08:30+00:00,249.60333333333332,1.0,86.0,1.0,0.0
2014-09-11 13:08:36+00:00,249.21833333333333,0.0,85.0,1.0,0.0
2014-09-11 13:08:42+00:00,249.53,1.0,0.0,1.0,0.0
2014-09-11 13:08:48+00:00,248.985,1.0,85.0,1.0,0.0
2014-09-11 13:08:54+00:00,248.9,1.0,86.0,1.0,0.0
2014-09-11 13:09:00+00:00,249.23333333333335,1.0,86.0,1.0,0.0
2014-09-11 13:09:06+00:00,218.76333333333332,1.0,85.0,1.0,0.0
2014-09-11 13:09:12+00:00,202.2266666666667,1.0,85.0,1.0,0.0
2014-09-11 13:09:18+00:00,201.67333333333332,1.0,85.0,0.0,0.0
2014-09-11 13:09:24+00:00,201.74333333333334,1.0,85.0,1.0,0.0
2014-09-11 13:09:30+00:00,201.475,1.0,85.0,1.0,0.0
2014-09-11 13:09:36+00:00,201.27833333333334,0.0,0.0,1.0,0.0
2014-09-11 13:09:42+00:00,201.40833333333333,1.0,85.0,1.0,0.0
2014-09-11 13:09:48+00:00,201.34666666666666,1.0,85.0,1.0,0.0
2014-09-11 13:09:54+00:00,201.16666666666666,1.0,85.0,0.0,0.0
2014-09-11 13:10:00+00:00,201.75333333333333,1.0,86.0,1.0,0.0
2014-09-11 13:10:06+00:00,202.12333333333333,0.0,84.0,1.0,0.0
2014-09-11 13:10:12+00:00,201.13166666666666,1.0,0.0,1.0,0.0
2014-09-11 13:10:18+00:00,201.66666666666666,1.0,85.0,1.0,0.0
2014-09-11 13:10:24+00:00,201.61833333333334,1.0,85.0,1.0,0.0
2014-09-11 13:10:30+00:00,201.08333333333334,1.0,85.0,1.0,0.0
2014-09-11 13:10:36+00:00,201.21333333333334,1.0,84.0,1.0,0.0
2014-09-11 13:10:42+00:00,201.33333333333334,1.0,84.0,0.0,0.0
2014-09-11 13:10:48+00:00,201.0,0.0,0.0,1.0,0.0
2014-09-11 13:10:54+00:00,201.00833333333333,1.0,84.0,1.0,0.0
2014-09-11 13:11:00+00:00,200.68166666666664,1.0,84.0,1.0,0.0
2014-09-11 13:11:06+00:00,200.65833333333333,1.0,84.0,0.0,0.0
2014-09-11 13:11:12+00:00,200.28,0.0,83.0,1.0,0.0
2014-09-11 13:11:18+00:00,200.36666666666667,1.0,0.0,1.0,0.0
2014-09-11 13:11:24+00:00,200.865,1.0,84.0,1.0,0.0
2014-09-11 13:11:30+00:00,200.69500000000002,1.0,84.0,1.0,0.0
2014-09-11 13:11:36+00:00,200.64166666666665,1.0,84.0,1.0,0.0
2014-09-11 13:11:42+00:00,201.07833333333335,1.0,84.0,1.0,0.0
2014-09-11 13:11:48+00:00,200.75833333333333,1.0,84.0,1.0,0.0
2014-09-11 13:11:54+00:00,200.43833333333336,1.0,84.0,1.0,0.0
2014-09-11 13:12:00+00:00,200.34666666666666,1.0,83.0,0.0,0.0
2014-09-11 13:12:06+00:00,200.77833333333334,0.0,116.0,1.0,0.0
2014-09-11 13:12:12+00:00,200.71333333333334,1.0,84.0,1.0,0.0
2014-09-11 13:12:18+00:00,200.95000000000002,1.0,0.0,1.0,0.0
2014-09-11 13:12:24+00:00,201.29999999999998,1.0,84.0,1.0,0.0
2014-09-11 13:12:30+00:00,201.29833333333332,1.0,84.0,1.0,0.0
2014-09-11 13:12:36+00:00,200.92,1.0,84.0,0.0,0.0
2014-09-11 13:12:42+00:00,200.51666666666665,1.0,83.0,1.0,0.0
2014-09-11 13:12:48+00:00,200.38,0.0,83.0,1.0,0.0
2014-09-11 13:12:54+00:00,159.77857142857144,1.0,83.0,1.0,0.0
2014-09-11 13:13:00+00:00,115.7,1.0,83.0,1.0,0.0
2014-09-11 13:13:06+00:00,115.81333333333333,1.0,0.0,1.0,0.0
2014-09-11 13:13:12+00:00,116.08166666666666,1.0,0.0,1.0,0.0
2014-09-11 13:13:18+00:00,116.14333333333333,1.0,0.0,1.0,0.0
2014-09-11 13:13:24+00:00,115.74142857142859,1.0,0.0,1.0,0.0
2014-09-11 13:13:30+00:00,116.20599999999999,1.0,0.0,1.0,0.0
2014-09-11 13:13:36+00:00,115.72142857142856,1.0,0.0,0.0,0.0
2014-09-11 13:13:42+00:00,115.86333333333334,0.0,0.0,1.0,0.0
2014-09-11 13:13:48+00:00,115.79,1.0,0.0,1.0,0.0
2014-09-11 13:13:54+00:00,116.14166666666667,1.0,0.0,1.0,0.0
2014-09-11 13:14:00+00:00,116.13166666666666,1.0,0.0,1.0,0.0
2014-09-11 13:14:06+00:00,115.415,1.0,0.0,1.0,0.0
2014-09-11 13:14:12+00:00,115.74333333333334,1.0,0.0,1.0,0.0
2014-09-11 13:14:18+00:00,115.97833333333334,1.0,0.0,0.0,0.0
2014-09-11 13:14:24+00:00,116.06,1.0,0.0,1.0,0.0
2014-09-11 13:14:30+00:00,116.08333333333333,1.0,0.0,1.0,0.0
2014-09-11 13:14:36+00:00,116.23,1.0,0.0,1.0,0.0
2014-09-11 13:14:42+00:00,116.08333333333333,0.0,0.0,1.0,0.0
2014-09-11 13:14:48+00:00,115.81833333333333,1.0,0.0,1.0,0.0
2014-09-11 13:14:54+00:00,116.08833333333332,1.0,0.0,1.0,0.0
2014-09-11 13:15:00+00:00,115.82,1.0,0.0,0.0,0.0
2014-09-11 13:15:06+00:00,115.95666666666666,1.0,0.0,1.0,0.0
2014-09-11 13:15:12+00:00,115.95833333333333,1.0,0.0,1.0,0.0
2014-09-11 13:15:18+00:00,116.325,1.0,0.0,1.0,0.0
2014-09-11 13:15:24+00:00,115.87166666666667,0.0,0.0,1.0,0.0
2014-09-11 13:15:30+00:00,116.10833333333333,1.0,0.0,1.0,0.0
2014-09-11 13:15:36+00:00,116.33999999999999,1.0,0.0,1.0,0.0
2014-09-11 13:15:42+00:00,116.23833333333333,1.0,0.0,1.0,0.0
2014-09-11 13:15:48+00:00,116.085,1.0,0.0,1.0,0.0
2014-09-11 13:15:54+00:00,116.04166666666667,1.0,0.0,1.0,0.0
2014-09-11 13:16:00+00:00,115.92166666666667,1.0,0.0,0.0,0.0
2014-09-11 13:16:06+00:00,115.96666666666665,1.0,0.0,1.0,0.0
2014-09-11 13:16:12+00:00,115.72500000000001,1.0,0.0,1.0,0.0
2014-09-11 13:16:18+00:00,115.83833333333332,0.0,0.0,1.0,0.0
2014-09-11 13:16:24+00:00,116.29833333333333,1.0,0.0,1.0,0.0
2014-09-11 13:16:30+00:00,116.15499999999999,1.0,0.0,1.0,0.0
2014-09-11 13:16:36+00:00,116.35666666666667,1.0,0.0,1.0,0.0
2014-09-11 13:16:42+00:00,115.68833333333333,1.0,0.0,0.0,0.0
2014-09-11 13:16:48+00:00,116.02,1.0,0.0,1.0,0.0
2014-09-11 13:16:54+00:00,116.15333333333332,0.0,0.0,1.0,0.0
2014-09-11 13:17:00+00:00,116.19,1.0,0.0,1.0,0.0
2014-09-11 13:17:06+00:00,115.90666666666668,1.0,0.0,1.0,0.0
2014-09-11 13:17:12+00:00,115.89833333333333,1.0,0.0,1.0,0.0
2014-09-11 13:17:18+00:00,115.94999999999999,1.0,0.0,1.0,0.0
2014-09-11 13:17:24+00:00,116.12666666666667,1.0,0.0,0.0,0.0
2014-09-11 13:17:30+00:00,116.32,0.0,0.0,1.0,0.0
2014-09-11 13:17:36+00:00,115.90499999999999,1.0,0.0,1.0,0.0
2014-09-11 13:17:42+00:00,116.15500000000002,1.0,0.0,1.0,0.0
2014-09-11 13:17:48+00:00,116.45666666666666,1.0,0.0,1.0,0.0
2014-09-11 13:17:54+00:00,116.13833333333334,1.0,0.0,0.0,0.0
2014-09-11 13:18:00+00:00,116.09499999999998,0.0,0.0,1.0,0.0
2014-09-11 13:18:06+00:00,116.075,1.0,0.0,1.0,0.0
2014-09-11 13:18:12+00:00,116.36666666666667,1.0,0.0,1.0,0.0
2014-09-11 13:18:18+00:00,116.015,1.0,0.0,1.0,0.0
2014-09-11 13:18:24+00:00,115.91000000000001,1.0,0.0,1.0,0.0
2014-09-11 13:18:30+00:00,115.455,1.0,0.0,1.0,0.0
2014-09-11 13:18:36+00:00,116.245,1.0,0.0,0.0,0.0
2014-09-11 13:18:42+00:00,116.11333333333333,0.0,0.0,1.0,0.0
2014-09-11 13:18:48+00:00,115.94666666666666,1.0,0.0,1.0,0.0
2014-09-11 13:18:54+00:00,115.78000000000002,1.0,0.0,1.0,0.0
2014-09-11 13:19:00+00:00,115.63666666666667,1.0,0.0,0.0,0.0
2014-09-11 13:19:06+00:00,115.46166666666666,0.0,0.0,1.0,0.0
2014-09-11 13:19:12+00:00,116.07166666666666,1.0,0.0,1.0,0.0
2014-09-11 13:19:18+00:00,115.75333333333333,1.0,0.0,1.0,0.0
2014-09-11 13:19:24+00:00,115.78833333333334,1.0,0.0,0.0,0.0
2014-09-11 13:19:30+00:00,115.76166666666666,0.0,0.0,1.0,0.0
2014-09-11 13:19:36+00:00,115.43166666666667,1.0,0.0,1.0,0.0
2014-09-11 13:19:42+00:00,116.01333333333332,1.0,0.0,1.0,0.0
2014-09-11 13:19:48+00:00,115.85333333333334,1.0,0.0,1.0,0.0
2014-09-11 13:19:54+00:00,116.08666666666666,1.0,0.0,1.0,0.0
2014-09-11 13:20:00+00:00,115.95833333333333,1.0,0.0,1.0,0.0
2014-09-11 13:20:06+00:00,115.85333333333334,1.0,0.0,1.0,0.0
2014-09-11 13:20:12+00:00,115.79666666666667,1.0,0.0,0.0,0.0
2014-09-11 13:20:18+00:00,115.265,1.0,0.0,1.0,0.0
2014-09-11 13:20:24+00:00,115.85833333333333,0.0,0.0,1.0,0.0
2014-09-11 13:20:30+00:00,115.94666666666666,1.0,0.0,1.0,0.0
2014-09-11 13:20:36+00:00,115.67333333333333,1.0,0.0,0.0,0.0
2014-09-11 13:20:42+00:00,115.95,0.0,0.0,1.0,0.0
2014-09-11 13:20:48+00:00,115.89999999999999,1.0,0.0,1.0,0.0
2014-09-11 13:20:54+00:00,115.585,1.0,0.0,1.0,0.0
2014-09-11 13:21:00+00:00,115.92666666666666,1.0,0.0,1.0,0.0
2014-09-11 13:21:06+00:00,115.92,1.0,0.0,1.0,0.0
2014-09-11 13:21:12+00:00,115.555,1.0,0.0,0.0,0.0
2014-09-11 13:21:18+00:00,115.69333333333333,1.0,0.0,1.0,0.0
2014-09-11 13:21:24+00:00,115.74666666666667,1.0,0.0,1.0,0.0
2014-09-11 13:21:30+00:00,115.85833333333333,0.0,0.0,1.0,0.0
2014-09-11 13:21:36+00:00,115.87166666666667,1.0,0.0,1.0,0.0
2014-09-11 13:21:42+00:00,116.125,1.0,0.0,0.0,0.0
2014-09-11 13:21:48+00:00,115.955,0.0,0.0,1.0,0.0
2014-09-11 13:21:54+00:00,115.49000000000001,1.0,0.0,1.0,0.0
2014-09-11 13:22:00+00:00,115.125,1.0,0.0,1.0,0.0
2014-09-11 13:22:06+00:00,115.22500000000001,1.0,0.0,1.0,0.0
2014-09-11 13:22:12+00:00,115.565,1.0,0.0,1.0,0.0
2014-09-11 13:22:18+00:00,115.515,1.0,0.0,0.0,0.0
2014-09-11 13:22:24+00:00,115.99000000000001,1.0,0.0,1.0,0.0
2014-09-11 13:22:30+00:00,116.05,0.0,0.0,1.0,0.0
2014-09-11 13:22:36+00:00,115.77666666666666,1.0,0.0,1.0,0.0
2014-09-11 13:22:42+00:00,115.98166666666667,1.0,0.0,1.0,0.0
2014-09-11 13:22:48+00:00,116.27166666666666,1.0,0.0,1.0,0.0
2014-09-11 13:22:54+00:00,116.29666666666667,1.0,0.0,1.0,0.0
2014-09-11 13:23:00+00:00,115.97000000000001,1.0,0.0,1.0,0.0
2014-09-11 13:23:06+00:00,115.7,1.0,0.0,0.0,0.0
2014-09-11 13:23:12+00:00,115.58999999999999,1.0,0.0,1.0,0.0
2014-09-11 13:23:18+00:00,139.37833333333333,0.0,0.0,1.0,0.0
2014-09-11 13:23:24+00:00,162.47666666666666,1.0,0.0,1.0,0.0
2014-09-11 13:23:30+00:00,162.38833333333332,1.0,0.0,1.0,0.0
2014-09-11 13:23:36+00:00,162.155,1.0,0.0,0.0,0.0
2014-09-11 13:23:42+00:00,162.65333333333334,0.0,0.0,1.0,0.0
2014-09-11 13:23:48+00:00,162.06166666666667,1.0,0.0,1.0,0.0
2014-09-11 13:23:54+00:00,162.13833333333335,1.0,0.0,1.0,0.0
2014-09-11 13:24:00+00:00,162.64000000000001,1.0,0.0,1.0,0.0
2014-09-11 13:24:06+00:00,162.90666666666667,1.0,0.0,0.0,0.0
2014-09-11 13:24:12+00:00,163.44333333333333,1.0,0.0,1.0,0.0
2014-09-11 13:24:18+00:00,162.625,0.0,0.0,1.0,0.0
2014-09-11 13:24:24+00:00,162.62833333333333,1.0,0.0,1.0,0.0
2014-09-11 13:24:30+00:00,162.9283333333333,1.0,0.0,1.0,0.0
2014-09-11 13:24:36+00:00,163.04333333333332,1.0,0.0,0.0,0.0
2014-09-11 13:24:42+00:00,163.05333333333334,1.0,0.0,1.0,0.0
2014-09-11 13:24:48+00:00,163.04,1.0,0.0,1.0,0.0
2014-09-11 13:24:54+00:00,163.05333333333334,0.0,0.0,1.0,0.0
2014-09-11 13:25:00+00:00,162.4,1.0,0.0,1.0,0.0
2014-09-11 13:25:06+00:00,163.29666666666665,1.0,0.0,0.0,0.0
2014-09-11 13:25:12+00:00,163.36,0.0,0.0,1.0,0.0
2014-09-11 13:25:18+00:00,162.95000000000002,1.0,0.0,1.0,0.0
2014-09-11 13:25:24+00:00,163.035,1.0,0.0,1.0,0.0
2014-09-11 13:25:30+00:00,163.01500000000001,1.0,0.0,0.0,0.0
2014-09-11 13:25:36+00:00,162.84833333333333,1.0,0.0,1.0,0.0
2014-09-11 13:25:42+00:00,163.21833333333333,0.0,0.0,1.0,0.0
2014-09-11 13:25:48+00:00,163.34,1.0,0.0,1.0,0.0
2014-09-11 13:25:54+00:00,163.45666666666668,1.0,0.0,0.0,0.0
2014-09-11 13:26:00+00:00,163.1,1.0,0.0,1.0,0.0
2014-09-11 13:26:06+00:00,163.165,0.0,0.0,1.0,0.0
2014-09-11 13:26:12+00:00,162.53333333333333,1.0,0.0,1.0,0.0
2014-09-11 13:26:18+00:00,162.88166666666666,1.0,0.0,1.0,0.0
2014-09-11 13:26:24+00:00,163.14833333333334,1.0,0.0,0.0,0.0
2014-09-11 13:26:30+00:00,163.49,1.0,0.0,1.0,0.0
2014-09-11 13:26:36+00:00,163.20166666666668,1.0,0.0,1.0,0.0
2014-09-11 13:26:42+00:00,163.13833333333332,0.0,0.0,1.0,0.0
2014-09-11 13:26:48+00:00,162.42499999999998,1.0,0.0,1.0,0.0
2014-09-11 13:26:54+00:00,163.28,1.0,0.0,1.0,0.0
2014-09-11 13:27:00+00:00,163.62833333333333,1.0,0.0,1.0,0.0
2014-09-11 13:27:06+00:00,163.45000000000002,1.0,0.0,1.0,0.0
2014-09-11 13:27:12+00:00,163.145,1.0,0.0,1.0,0.0
2014-09-11 13:27:18+00:00,163.26333333333335,1.0,0.0,1.0,0.0
2014-09-11 13:27:24+00:00,162.64833333333334,1.0,0.0,0.0,0.0
2014-09-11 13:27:30+00:00,163.40166666666667,1.0,0.0,1.0,0.0
2014-09-11 13:27:36+00:00,163.38,1.0,0.0,1.0,0.0
2014-09-11 13:27:42+00:00,163.355,1.0,0.0,1.0,0.0
2014-09-11 13:27:48+00:00,163.355,0.0,0.0,1.0,0.0
2014-09-11 13:27:54+00:00,163.43166666666667,1.0,0.0,1.0,0.0
2014-09-11 13:28:00+00:00,162.94166666666666,1.0,0.0,0.0,0.0
2014-09-11 13:28:06+00:00,162.60666666666665,0.0,0.0,1.0,0.0
2014-09-11 13:28:12+00:00,163.03666666666666,1.0,0.0,1.0,0.0
2014-09-11 13:28:18+00:00,163.07,1.0,0.0,1.0,0.0
2014-09-11 13:28:24+00:00,162.97833333333332,1.0,0.0,1.0,0.0
2014-09-11 13:28:30+00:00,162.62833333333333,1.0,0.0,1.0,0.0
2014-09-11 13:28:36+00:00,162.755,1.0,0.0,1.0,0.0
2014-09-11 13:28:42+00:00,162.22666666666666,1.0,0.0,1.0,0.0
2014-09-11 13:28:48+00:00,162.205,1.0,0.0,0.0,0.0
2014-09-11 13:28:54+00:00,162.61666666666667,0.0,0.0,1.0,0.0
2014-09-11 13:29:00+00:00,162.91166666666666,1.0,0.0,1.0,0.0
2014-09-11 13:29:06+00:00,162.52333333333334,1.0,0.0,0.0,0.0
2014-09-11 13:29:12+00:00,162.43166666666664,1.0,0.0,1.0,0.0
2014-09-11 13:29:18+00:00,161.54666666666665,0.0,0.0,1.0,0.0
2014-09-11 13:29:24+00:00,161.80833333333334,1.0,0.0,1.0,0.0
2014-09-11 13:29:30+00:00,162.56333333333333,1.0,0.0,0.0,0.0
2014-09-11 13:29:36+00:00,162.70666666666668,0.0,0.0,1.0,0.0
2014-09-11 13:29:42+00:00,163.05833333333334,1.0,0.0,1.0,0.0
2014-09-11 13:29:48+00:00,163.0533333333333,1.0,0.0,1.0,0.0
2014-09-11 13:29:54+00:00,162.39000000000001,1.0,0.0,1.0,0.0
2014-09-11 13:30:00+00:00,162.85,1.0,0.0,1.0,0.0
2014-09-11 13:30:06+00:00,163.045,1.0,0.0,1.0,0.0
2014-09-11 13:30:12+00:00,163.04,1.0,0.0,0.0,0.0
2014-09-11 13:30:18+00:00,162.72166666666666,0.0,0.0,1.0,0.0
2014-09-11 13:30:24+00:00,162.92,1.0,0.0,1.0,0.0
2014-09-11 13:30:30+00:00,162.855,1.0,0.0,1.0,0.0
2014-09-11 13:30:36+00:00,162.905,1.0,0.0,0.0,0.0
2014-09-11 13:30:42+00:00,162.74,0.0,0.0,1.0,0.0
2014-09-11 13:30:48+00:00,162.21,1.0,0.0,1.0,0.0
2014-09-11 13:30:54+00:00,162.13333333333333,1.0,0.0,0.0,0.0
2014-09-11 13:31:00+00:00,162.98999999999998,1.0,0.0,1.0,0.0
2014-09-11 13:31:06+00:00,163.09166666666667,0.0,0.0,1.0,0.0
2014-09-11 13:31:12+00:00,162.67333333333332,1.0,0.0,1.0,0.0
2014-09-11 13:31:18+00:00,162.01333333333332,1.0,0.0,0.0,0.0
2014-09-11 13:31:24+00:00,163.0716666666667,1.0,0.0,1.0,0.0
2014-09-11 13:31:30+00:00,162.94166666666666,1.0,0.0,1.0,0.0
2014-09-11 13:31:36+00:00,162.83333333333334,1.0,0.0,1.0,0.0
2014-09-11 13:31:42+00:00,162.48166666666665,0.0,0.0,1.0,0.0
2014-09-11 13:31:48+00:00,162.55833333333334,1.0,0.0,1.0,0.0
2014-09-11 13:31:54+00:00,162.42166666666665,1.0,0.0,1.0,0.0
2014-09-11 13:32:00+00:00,162.28833333333333,1.0,0.0,0.0,0.0
2014-09-11 13:32:06+00:00,162.29666666666665,1.0,0.0,1.0,0.0
2014-09-11 13:32:12+00:00,162.58333333333334,1.0,0.0,1.0,0.0
2014-09-11 13:32:18+00:00,162.38333333333333,1.0,0.0,1.0,0.0
2014-09-11 13:32:24+00:00,162.37833333333333,1.0,0.0,1.0,0.0
2014-09-11 13:32:30+00:00,163.10333333333332,1.0,0.0,1.0,0.0
2014-09-11 13:32:36+00:00,163.75333333333333,1.0,0.0,1.0,0.0
2014-09-11 13:32:42+00:00,163.23499999999999,0.0,0.0,1.0,0.0
2014-09-11 13:32:48+00:00,163.44166666666666,1.0,0.0,1.0,0.0
2014-09-11 13:32:54+00:00,163.70833333333334,1.0,0.0,1.0,0.0
2014-09-11 13:33:00+00:00,163.61166666666665,1.0,0.0,0.0,0.0
2014-09-11 13:33:06+00:00,163.28833333333333,0.0,0.0,1.0,0.0
2014-09-11 13:33:12+00:00,163.74666666666667,1.0,0.0,1.0,0.0
2014-09-11 13:33:18+00:00,164.08666666666667,1.0,0.0,1.0,0.0
2014-09-11 13:33:24+00:00,163.36833333333334,1.0,0.0,1.0,0.0
2014-09-11 13:33:30+00:00,163.26666666666668,1.0,0.0,1.0,0.0
2014-09-11 13:33:36+00:00,163.34,1.0,0.0,1.0,0.0
2014-09-11 13:33:42+00:00,163.125,1.0,0.0,0.0,0.0
2014-09-11 13:33:48+00:00,163.16,0.0,0.0,1.0,0.0
2014-09-11 13:33:54+00:00,126.27499999999999,1.0,0.0,1.0,0.0
2014-09-11 13:34:00+00:00,115.80333333333334,1.0,0.0,1.0,0.0
2014-09-11 13:34:06+00:00,115.99333333333334,1.0,0.0,0.0,0.0
2014-09-11 13:34:12+00:00,115.51666666666667,1.0,0.0,1.0,0.0
2014-09-11 13:34:18+00:00,115.80666666666667,0.0,0.0,1.0,0.0
2014-09-11 13:34:24+00:00,115.98,1.0,0.0,1.0,0.0
2014-09-11 13:34:30+00:00,116.29666666666667,1.0,0.0,1.0,0.0
2014-09-11 13:34:36+00:00,116.19,1.0,0.0,1.0,0.0
2014-09-11 13:34:42+00:00,115.81666666666666,1.0,0.0,1.0,0.0
2014-09-11 13:34:48+00:00,115.64666666666666,1.0,0.0,0.0,0.0
2014-09-11 13:34:54+00:00,115.95166666666667,0.0,0.0,1.0,0.0
2014-09-11 13:35:00+00:00,115.77999999999999,1.0,0.0,1.0,0.0
2014-09-11 13:35:06+00:00,116.01333333333334,1.0,0.0,1.0,0.0
2014-09-11 13:35:12+00:00,115.67,1.0,0.0,1.0,0.0
2014-09-11 13:35:18+00:00,115.72333333333334,1.0,0.0,1.0,0.0
2014-09-11 13:35:24+00:00,115.675,1.0,0.0,0.0,0.0
2014-09-11 13:35:30+00:00,115.55333333333334,0.0,0.0,1.0,0.0
2014-09-11 13:35:36+00:00,115.44,1.0,0.0,1.0,0.0
2014-09-11 13:35:42+00:00,116.25999999999999,1.0,0.0,0.0,0.0
2014-09-11 13:35:48+00:00,115.90666666666668,1.0,0.0,1.0,0.0
2014-09-11 13:35:54+00:00,115.58166666666666,0.0,0.0,1.0,0.0
2014-09-11 13:36:00+00:00,115.97666666666667,1.0,0.0,1.0,0.0
2014-09-11 13:36:06+00:00,115.66142857142857,1.0,0.0,1.0,0.0
2014-09-11 13:36:12+00:00,116.242,0.0,0.0,1.0,0.0
2014-09-11 13:36:18+00:00,116.46571428571428,1.0,0.0,1.0,0.0
2014-09-11 13:36:24+00:00,116.35833333333333,1.0,0.0,1.0,0.0
2014-09-11 13:36:30+00:00,116.18,1.0,0.0,1.0,0.0
2014-09-11 13:36:36+00:00,115.83666666666666,1.0,0.0,1.0,0.0
2014-09-11 13:36:42+00:00,116.11666666666667,1.0,0.0,0.0,0.0
2014-09-11 13:36:48+00:00,116.12166666666667,0.0,0.0,1.0,0.0
2014-09-11 13:36:54+00:00,116.625,1.0,0.0,1.0,0.0
2014-09-11 13:37:00+00:00,116.30833333333334,1.0,0.0,1.0,0.0
2014-09-11 13:37:06+00:00,115.99166666666667,1.0,0.0,0.0,0.0
2014-09-11 13:37:12+00:00,116.675,0.0,0.0,1.0,0.0
2014-09-11 13:37:18+00:00,116.05333333333334,1.0,0.0,1.0,0.0
2014-09-11 13:37:24+00:00,116.52333333333333,1.0,0.0,1.0,0.0
2014-09-11 13:37:30+00:00,116.64999999999999,1.0,0.0,1.0,0.0
2014-09-11 13:37:36+00:00,116.18166666666667,1.0,0.0,0.0,0.0
2014-09-11 13:37:42+00:00,116.24166666666667,0.0,0.0,1.0,0.0
2014-09-11 13:37:48+00:00,116.14,1.0,0.0,1.0,0.0
2014-09-11 13:37:54+00:00,116.14166666666667,1.0,0.0,1.0,0.0
2014-09-11 13:38:00+00:00,116.59166666666665,1.0,0.0,0.0,0.0
2014-09-11 13:38:06+00:00,116.09500000000001,1.0,0.0,1.0,0.0
2014-09-11 13:38:12+00:00,116.86166666666666,1.0,0.0,1.0,0.0
2014-09-11 13:38:18+00:00,116.12833333333333,1.0,0.0,1.0,0.0
2014-09-11 13:38:24+00:00,116.07166666666667,0.0,0.0,1.0,0.0
2014-09-11 13:38:30+00:00,116.09666666666668,1.0,0.0,1.0,0.0
2014-09-11 13:38:36+00:00,116.35833333333333,0.0,0.0,1.0,0.0
2014-09-11 13:38:42+00:00,116.09499999999998,1.0,0.0,0.0,0.0
2014-09-11 13:38:48+00:00,115.69333333333333,1.0,0.0,1.0,0.0
2014-09-11 13:38:54+00:00,115.82,1.0,0.0,1.0,0.0
2014-09-11 13:39:00+00:00,115.88666666666666,0.0,0.0,1.0,0.0
2014-09-11 13:39:06+00:00,115.86666666666667,1.0,0.0,1.0,0.0
2014-09-11 13:39:12+00:00,116.50666666666666,1.0,0.0,1.0,0.0
2014-09-11 13:39:18+00:00,116.21166666666666,1.0,0.0,0.0,0.0
2014-09-11 13:39:24+00:00,116.07666666666667,1.0,0.0,1.0,0.0
2014-09-11 13:39:30+00:00,116.16166666666668,0.0,0.0,1.0,0.0
2014-09-11 13:39:36+00:00,115.94833333333334,1.0,0.0,1.0,0.0
2014-09-11 13:39:42+00:00,116.21333333333332,1.0,0.0,1.0,0.0
2014-09-11 13:39:48+00:00,116.57666666666667,1.0,0.0,1.0,0.0
2014-09-11 13:39:54+00:00,115.82166666666667,1.0,0.0,0.0,0.0
2014-09-11 13:40:00+00:00,115.75666666666666,0.0,0.0,1.0,0.0
2014-09-11 13:40:06+00:00,115.95166666666667,1.0,0.0,1.0,0.0
2014-09-11 13:40:12+00:00,116.08666666666666,1.0,0.0,1.0,0.0
2014-09-11 13:40:18+00:00,116.30166666666666,1.0,0.0,1.0,0.0
2014-09-11 13:40:24+00:00,116.66666666666667,1.0,0.0,1.0,0.0
2014-09-11 13:40:30+00:00,116.27833333333332,1.0,0.0,1.0,0.0
2014-09-11 13:40:36+00:00,116.20333333333333,1.0,0.0,1.0,0.0
2014-09-11 13:40:42+00:00,116.25166666666667,1.0,0.0,0.0,0.0
2014-09-11 13:40:48+00:00,116.12333333333333,0.0,0.0,1.0,0.0
2014-09-11 13:40:54+00:00,116.39333333333333,1.0,0.0,1.0,0.0
2014-09-11 13:41:00+00:00,116.265,1.0,0.0,1.0,0.0
2014-09-11 13:41:06+00:00,115.96,1.0,0.0,1.0,0.0
2014-09-11 13:41:12+00:00,116.12166666666667,1.0,0.0,1.0,0.0
2014-09-11 13:41:18+00:00,115.90833333333335,1.0,0.0,1.0,0.0
2014-09-11 13:41:24+00:00,116.12833333333333,1.0,0.0,0.0,0.0
2014-09-11 13:41:30+00:00,116.26333333333334,1.0,0.0,1.0,0.0
2014-09-11 13:41:36+00:00,116.10166666666667,1.0,0.0,1.0,0.0
2014-09-11 13:41:42+00:00,116.00333333333333,0.0,0.0,1.0,0.0
2014-09-11 13:41:48+00:00,115.75833333333333,1.0,0.0,1.0,0.0
2014-09-11 13:41:54+00:00,115.85666666666667,1.0,0.0,1.0,0.0
2014-09-11 13:42:00+00:00,116.01166666666666,1.0,0.0,0.0,0.0
2014-09-11 13:42:06+00:00,116.09833333333334,0.0,0.0,1.0,0.0
2014-09-11 13:42:12+00:00,115.81333333333333,1.0,0.0,1.0,0.0
2014-09-11 13:42:18+00:00,116.11666666666667,1.0,0.0,0.0,0.0
2014-09-11 13:42:24+00:00,116.50666666666666,1.0,0.0,1.0,0.0
2014-09-11 13:42:30+00:00,116.42166666666667,1.0,0.0,1.0,0.0
2014-09-11 13:42:36+00:00,116.67833333333334,1.0,0.0,1.0,0.0
2014-09-11 13:42:42+00:00,116.69,1.0,0.0,1.0,0.0
2014-09-11 13:42:48+00:00,116.14,1.0,0.0,1.0,0.0
2014-09-11 13:42:54+00:00,116.28500000000001,1.0,0.0,1.0,0.0
2014-09-11 13:43:00+00:00,116.06333333333333,1.0,0.0,1.0,0.0
2014-09-11 13:43:06+00:00,116.19,1.0,0.0,1.0,0.0
2014-09-11 13:43:12+00:00,359.24333333333334,0.0,478.0,1.0,0.0
2014-09-11 13:43:18+00:00,214.70666666666668,1.0,0.0,1.0,0.0
2014-09-11 13:43:24+00:00,213.63833333333332,1.0,97.0,1.0,0.0
2014-09-11 13:43:30+00:00,211.37666666666667,1.0,97.0,1.0,0.0
2014-09-11 13:43:36+00:00,211.25333333333333,1.0,94.0,0.0,0.0
2014-09-11 13:43:42+00:00,211.57500000000002,1.0,93.0,1.0,0.0
2014-09-11 13:43:48+00:00,211.23666666666668,1.0,94.0,1.0,0.0
2014-09-11 13:43:54+00:00,210.385,1.0,94.0,1.0,0.0
2014-09-11 13:44:00+00:00,209.42666666666665,0.0,0.0,1.0,0.0
2014-09-11 13:44:06+00:00,209.545,1.0,92.0,1.0,0.0
2014-09-11 13:44:12+00:00,210.095,1.0,0.0,1.0,0.0
2014-09-11 13:44:18+00:00,210.19333333333336,1.0,93.0,1.0,0.0
2014-09-11 13:44:24+00:00,207.505,1.0,91.0,0.0,0.0
2014-09-11 13:44:30+00:00,205.25833333333333,1.0,89.0,1.0,0.0
2014-09-11 13:44:36+00:00,202.67,1.0,88.0,1.0,0.0
2014-09-11 13:44:42+00:00,201.31833333333336,0.0,0.0,1.0,0.0
2014-09-11 13:44:48+00:00,201.62,1.0,84.0,1.0,0.0
2014-09-11 13:44:54+00:00,201.4466666666667,1.0,0.0,1.0,0.0
2014-09-11 13:45:00+00:00,201.53833333333333,1.0,84.0,1.0,0.0
2014-09-11 13:45:06+00:00,202.54333333333332,1.0,84.0,1.0,0.0
2014-09-11 13:45:12+00:00,202.795,1.0,85.0,0.0,0.0
2014-09-11 13:45:18+00:00,204.07500000000002,1.0,87.0,1.0,0.0
2014-09-11 13:45:24+00:00,204.65833333333333,0.0,0.0,1.0,0.0
2014-09-11 13:45:30+00:00,204.85333333333332,1.0,87.0,1.0,0.0
2014-09-11 13:45:36+00:00,204.76333333333332,1.0,88.0,1.0,0.0
2014-09-11 13:45:42+00:00,205.05499999999998,1.0,88.0,0.0,0.0
2014-09-11 13:45:48+00:00,204.90333333333334,1.0,88.0,1.0,0.0
2014-09-11 13:45:54+00:00,205.635,1.0,89.0,1.0,0.0
2014-09-11 13:46:00+00:00,206.48000000000002,1.0,89.0,1.0,0.0
2014-09-11 13:46:06+00:00,205.87,1.0,89.0,1.0,0.0
2014-09-11 13:46:12+00:00,206.36166666666668,1.0,89.0,1.0,0.0
2014-09-11 13:46:18+00:00,206.38333333333333,1.0,89.0,1.0,0.0
2014-09-11 13:46:24+00:00,206.94833333333335,0.0,90.0,1.0,0.0
2014-09-11 13:46:30+00:00,208.07000000000002,1.0,90.0,1.0,0.0
2014-09-11 13:46:36+00:00,207.43500000000003,1.0,0.0,1.0,0.0
2014-09-11 13:46:42+00:00,207.67,1.0,90.0,0.0,0.0
2014-09-11 13:46:48+00:00,207.885,1.0,90.0,1.0,0.0
2014-09-11 13:46:54+00:00,207.835,1.0,90.0,1.0,0.0
2014-09-11 13:47:00+00:00,208.23000000000002,1.0,90.0,1.0,0.0
2014-09-11 13:47:06+00:00,209.11333333333334,0.0,92.0,1.0,0.0
2014-09-11 13:47:12+00:00,209.01833333333335,1.0,0.0,1.0,0.0
2014-09-11 13:47:18+00:00,210.56499999999997,1.0,92.0,1.0,0.0
2014-09-11 13:47:24+00:00,209.97166666666666,1.0,94.0,0.0,0.0
2014-09-11 13:47:30+00:00,209.41,1.0,92.0,1.0,0.0
2014-09-11 13:47:36+00:00,209.395,1.0,92.0,1.0,0.0
2014-09-11 13:47:42+00:00,209.60166666666666,0.0,93.0,1.0,0.0
2014-09-11 13:47:48+00:00,209.46166666666667,1.0,0.0,1.0,0.0
2014-09-11 13:47:54+00:00,210.54333333333332,1.0,92.0,1.0,0.0
2014-09-11 13:48:00+00:00,210.61833333333334,1.0,93.0,1.0,0.0
2014-09-11 13:48:06+00:00,210.505,1.0,92.0,1.0,0.0
2014-09-11 13:48:12+00:00,211.21333333333334,1.0,93.0,1.0,0.0
2014-09-11 13:48:18+00:00,210.46166666666667,1.0,93.0,1.0,0.0
2014-09-11 13:48:24+00:00,210.44333333333336,1.0,93.0,0.0,0.0
2014-09-11 13:48:30+00:00,210.33166666666668,0.0,0.0,1.0,0.0
2014-09-11 13:48:36+00:00,210.73166666666668,1.0,93.0,1.0,0.0
2014-09-11 13:48:42+00:00,210.46,1.0,93.0,1.0,0.0
2014-09-11 13:48:48+00:00,210.61666666666667,1.0,93.0,1.0,0.0
2014-09-11 13:48:54+00:00,210.95666666666668,1.0,93.0,0.0,0.0
2014-09-11 13:49:00+00:00,211.09666666666666,1.0,93.0,1.0,0.0
2014-09-11 13:49:06+00:00,210.4466666666667,0.0,93.0,1.0,0.0
2014-09-11 13:49:12+00:00,227.22166666666666,1.0,94.0,1.0,0.0
2014-09-11 13:49:18+00:00,256.51500000000004,1.0,0.0,1.0,0.0
2014-09-11 13:49:24+00:00,255.505,1.0,93.0,1.0,0.0
2014-09-11 13:49:30+00:00,256.86333333333334,1.0,93.0,0.0,0.0
2014-09-11 13:49:36+00:00,257.06166666666667,0.0,94.0,1.0,0.0
2014-09-11 13:49:42+00:00,256.65333333333336,1.0,93.0,1.0,0.0
2014-09-11 13:49:48+00:00,256.36,1.0,93.0,1.0,0.0
2014-09-11 13:49:54+00:00,257.04833333333335,1.0,0.0,1.0,0.0
2014-09-11 13:50:00+00:00,256.7133333333333,1.0,94.0,1.0,0.0
2014-09-11 13:50:06+00:00,256.195,1.0,92.0,0.0,0.0
2014-09-11 13:50:12+00:00,257.48,1.0,93.0,1.0,0.0
2014-09-11 13:50:18+00:00,256.24666666666667,0.0,0.0,1.0,0.0
2014-09-11 13:50:24+00:00,256.14166666666665,1.0,93.0,1.0,0.0
2014-09-11 13:50:30+00:00,256.30833333333334,1.0,93.0,1.0,0.0
2014-09-11 13:50:36+00:00,257.43,1.0,93.0,1.0,0.0
2014-09-11 13:50:42+00:00,256.895,1.0,92.0,0.0,0.0
2014-09-11 13:50:48+00:00,257.18333333333334,0.0,91.0,1.0,0.0
2014-09-11 13:50:54+00:00,257.15333333333336,1.0,92.0,1.0,0.0
2014-09-11 13:51:00+00:00,256.40333333333336,1.0,0.0,1.0,0.0
2014-09-11 13:51:06+00:00,256.4883333333333,1.0,91.0,1.0,0.0
2014-09-11 13:51:12+00:00,256.2133333333333,1.0,92.0,1.0,0.0
2014-09-11 13:51:18+00:00,256.2416666666667,1.0,91.0,1.0,0.0
2014-09-11 13:51:24+00:00,256.49666666666667,1.0,91.0,1.0,0.0
2014-09-11 13:51:30+00:00,256.0883333333333,1.0,91.0,0.0,0.0
2014-09-11 13:51:36+00:00,255.67499999999998,0.0,91.0,1.0,0.0
2014-09-11 13:51:42+00:00,255.29166666666666,1.0,0.0,1.0,0.0
2014-09-11 13:51:48+00:00,255.37,1.0,91.0,0.0,0.0
2014-09-11 13:51:54+00:00,255.88333333333335,1.0,90.0,1.0,0.0
2014-09-11 13:52:00+00:00,255.20666666666668,1.0,91.0,0.0,0.0
2014-09-11 13:52:06+00:00,254.60500000000002,1.0,91.0,1.0,0.0
2014-09-11 13:52:12+00:00,254.45333333333335,0.0,0.0,1.0,0.0
2014-09-11 13:52:18+00:00,254.49666666666667,1.0,90.0,1.0,0.0
2014-09-11 13:52:24+00:00,254.73000000000002,1.0,90.0,1.0,0.0
2014-09-11 13:52:30+00:00,254.52166666666668,1.0,90.0,0.0,0.0
2014-09-11 13:52:36+00:00,253.94500000000002,1.0,90.0,1.0,0.0
2014-09-11 13:52:42+00:00,254.04166666666666,0.0,90.0,1.0,0.0
2014-09-11 13:52:48+00:00,254.54,1.0,0.0,1.0,0.0
2014-09-11 13:52:54+00:00,254.7266666666667,1.0,89.0,1.0,0.0
2014-09-11 13:53:00+00:00,253.93833333333336,1.0,89.0,1.0,0.0
2014-09-11 13:53:06+00:00,254.0666666666667,1.0,89.0,1.0,0.0
2014-09-11 13:53:12+00:00,253.72833333333332,1.0,89.0,1.0,0.0
2014-09-11 13:53:18+00:00,254.22,1.0,90.0,0.0,0.0
2014-09-11 13:53:24+00:00,254.41166666666666,1.0,90.0,1.0,0.0
2014-09-11 13:53:30+00:00,253.82000000000002,1.0,90.0,1.0,0.0
2014-09-11 13:53:36+00:00,253.67999999999998,0.0,89.0,1.0,0.0
2014-09-11 13:53:42+00:00,253.99166666666667,1.0,0.0,1.0,0.0
2014-09-11 13:53:48+00:00,254.465,1.0,90.0,1.0,0.0
2014-09-11 13:53:54+00:00,254.9416666666667,1.0,89.0,1.0,0.0
2014-09-11 13:54:00+00:00,254.87666666666667,1.0,90.0,0.0,0.0
2014-09-11 13:54:06+00:00,254.42499999999998,0.0,0.0,1.0,0.0
2014-09-11 13:54:12+00:00,254.265,1.0,90.0,1.0,0.0
2014-09-11 13:54:18+00:00,254.34333333333333,1.0,89.0,1.0,0.0
2014-09-11 13:54:24+00:00,255.16166666666666,1.0,90.0,1.0,0.0
2014-09-11 13:54:30+00:00,254.81166666666664,1.0,90.0,0.0,0.0
2014-09-11 13:54:36+00:00,254.38333333333333,1.0,89.0,1.0,0.0
2014-09-11 13:54:42+00:00,254.98833333333334,0.0,90.0,1.0,0.0
2014-09-11 13:54:48+00:00,254.14499999999998,1.0,89.0,1.0,0.0
2014-09-11 13:54:54+00:00,253.84333333333333,1.0,0.0,1.0,0.0
2014-09-11 13:55:00+00:00,254.13666666666666,1.0,90.0,1.0,0.0
2014-09-11 13:55:06+00:00,254.61333333333334,1.0,89.0,0.0,0.0
2014-09-11 13:55:12+00:00,254.16333333333333,1.0,90.0,1.0,0.0
2014-09-11 13:55:18+00:00,255.25166666666667,1.0,90.0,1.0,0.0
2014-09-11 13:55:24+00:00,253.70000000000002,1.0,90.0,1.0,0.0
2014-09-11 13:55:30+00:00,253.81833333333336,1.0,90.0,1.0,0.0
2014-09-11 13:55:36+00:00,254.31833333333336,1.0,90.0,1.0,0.0
2014-09-11 13:55:42+00:00,254.61333333333334,0.0,90.0,1.0,0.0
2014-09-11 13:55:48+00:00,254.53,1.0,90.0,1.0,0.0
2014-09-11 13:55:54+00:00,254.38833333333332,1.0,90.0,1.0,0.0
2014-09-11 13:56:00+00:00,253.85333333333332,1.0,90.0,1.0,0.0
2014-09-11 13:56:06+00:00,253.87333333333333,1.0,0.0,1.0,0.0
2014-09-11 13:56:12+00:00,254.11,1.0,90.0,1.0,0.0
2014-09-11 13:56:18+00:00,254.9283333333333,1.0,91.0,0.0,0.0
2014-09-11 13:56:24+00:00,254.52166666666668,1.0,90.0,1.0,0.0
2014-09-11 13:56:30+00:00,254.48166666666668,0.0,90.0,1.0,0.0
2014-09-11 13:56:36+00:00,253.8166666666667,1.0,89.0,1.0,0.0
2014-09-11 13:56:42+00:00,253.515,1.0,90.0,1.0,0.0
2014-09-11 13:56:48+00:00,253.78833333333333,1.0,90.0,1.0,0.0
2014-09-11 13:56:54+00:00,254.45666666666668,1.0,90.0,1.0,0.0
2014-09-11 13:57:00+00:00,254.03833333333333,1.0,90.0,1.0,0.0
2014-09-11 13:57:06+00:00,254.54333333333332,1.0,90.0,1.0,0.0
2014-09-11 13:57:12+00:00,254.30499999999998,1.0,0.0,1.0,0.0
2014-09-11 13:57:18+00:00,253.85333333333335,1.0,90.0,1.0,0.0
2014-09-11 13:57:24+00:00,254.20666666666668,1.0,89.0,0.0,0.0
2014-09-11 13:57:30+00:00,254.9283333333333,0.0,90.0,1.0,0.0
2014-09-11 13:57:36+00:00,254.61,1.0,0.0,1.0,0.0
2014-09-11 13:57:42+00:00,254.76,1.0,91.0,0.0,0.0
2014-09-11 13:57:48+00:00,254.33333333333334,1.0,90.0,1.0,0.0
2014-09-11 13:57:54+00:00,254.08666666666667,0.0,89.0,1.0,0.0
2014-09-11 13:58:00+00:00,254.01666666666665,1.0,90.0,1.0,0.0
2014-09-11 13:58:06+00:00,254.98000000000002,1.0,90.0,1.0,0.0
2014-09-11 13:58:12+00:00,255.10833333333335,1.0,90.0,1.0,0.0
2014-09-11 13:58:18+00:00,254.545,1.0,0.0,1.0,0.0
2014-09-11 13:58:24+00:00,255.22166666666666,1.0,90.0,1.0,0.0
2014-09-11 13:58:30+00:00,254.97000000000003,1.0,90.0,0.0,0.0
2014-09-11 13:58:36+00:00,254.95285714285714,0.0,90.0,1.0,0.0
2014-09-11 13:58:42+00:00,255.22200000000004,1.0,90.0,1.0,0.0
2014-09-11 13:58:48+00:00,255.41333333333333,1.0,0.0,1.0,0.0
2014-09-11 13:58:54+00:00,254.905,1.0,90.0,1.0,0.0
2014-09-11 13:59:00+00:00,255.01166666666666,1.0,89.0,0.0,0.0
2014-09-11 13:59:06+00:00,254.1442857142857,1.0,90.0,1.0,0.0
2014-09-11 13:59:12+00:00,253.89000000000001,1.0,91.0,1.0,0.0
2014-09-11 13:59:18+00:00,254.08571428571426,1.0,90.0,1.0,0.0
2014-09-11 13:59:24+00:00,253.84,0.0,0.0,1.0,0.0
2014-09-11 13:59:30+00:00,253.59833333333333,1.0,90.0,1.0,0.0
2014-09-11 13:59:36+00:00,253.96333333333334,1.0,91.0,1.0,0.0
2014-09-11 13:59:42+00:00,253.23833333333334,1.0,90.0,1.0,0.0
2014-09-11 13:59:48+00:00,254.11166666666668,1.0,90.0,1.0,0.0
2014-09-11 13:59:54+00:00,254.92999999999998,1.0,90.0,1.0,0.0
2014-09-11 14:00:00+00:00,254.59,1.0,90.0,1.0,0.0
2014-09-11 14:00:06+00:00,254.71833333333333,1.0,90.0,1.0,0.0
2014-09-11 14:00:12+00:00,254.83166666666668,1.0,90.0,1.0,0.0
2014-09-11 14:00:18+00:00,255.31833333333336,1.0,91.0,0.0,0.0
2014-09-11 14:00:24+00:00,255.20333333333335,1.0,90.0,1.0,0.0
2014-09-11 14:00:30+00:00,254.30999999999997,0.0,90.0,1.0,0.0
2014-09-11 14:00:36+00:00,254.75833333333333,1.0,0.0,1.0,0.0
2014-09-11 14:00:42+00:00,254.64166666666665,1.0,90.0,1.0,0.0
2014-09-11 14:00:48+00:00,254.70833333333334,1.0,90.0,0.0,0.0
2014-09-11 14:00:54+00:00,254.53666666666666,0.0,0.0,1.0,0.0
2014-09-11 14:01:00+00:00,254.92,1.0,90.0,1.0,0.0
2014-09-11 14:01:06+00:00,255.36833333333334,1.0,90.0,1.0,0.0
2014-09-11 14:01:12+00:00,254.86833333333334,1.0,90.0,0.0,0.0
2014-09-11 14:01:18+00:00,253.79666666666665,1.0,90.0,1.0,0.0
2014-09-11 14:01:24+00:00,254.02166666666665,1.0,90.0,1.0,0.0
2014-09-11 14:01:30+00:00,254.48166666666668,1.0,90.0,1.0,0.0
2014-09-11 14:01:36+00:00,254.28333333333333,0.0,0.0,1.0,0.0
2014-09-11 14:01:42+00:00,254.45666666666668,1.0,90.0,1.0,0.0
2014-09-11 14:01:48+00:00,254.70166666666668,1.0,90.0,1.0,0.0
2014-09-11 14:01:54+00:00,254.475,1.0,91.0,1.0,0.0
2014-09-11 14:02:00+00:00,254.30499999999998,1.0,90.0,1.0,0.0
2014-09-11 14:02:06+00:00,253.73333333333335,1.0,90.0,0.0,0.0
2014-09-11 14:02:12+00:00,253.98333333333335,1.0,90.0,1.0,0.0
2014-09-11 14:02:18+00:00,253.65166666666667,0.0,90.0,1.0,0.0
2014-09-11 14:02:24+00:00,254.10000000000002,1.0,0.0,1.0,0.0
2014-09-11 14:02:30+00:00,254.07833333333335,1.0,90.0,1.0,0.0
2014-09-11 14:02:36+00:00,253.98166666666665,1.0,90.0,0.0,0.0
2014-09-11 14:02:42+00:00,253.95333333333335,1.0,90.0,1.0,0.0
2014-09-11 14:02:48+00:00,253.95000000000002,1.0,90.0,1.0,0.0
2014-09-11 14:02:54+00:00,254.51333333333332,1.0,90.0,1.0,0.0
2014-09-11 14:03:00+00:00,254.52166666666668,1.0,90.0,1.0,0.0
2014-09-11 14:03:06+00:00,241.87833333333333,1.0,90.0,1.0,0.0
2014-09-11 14:03:12+00:00,208.15,0.0,90.0,1.0,0.0
2014-09-11 14:03:18+00:00,208.56166666666664,1.0,0.0,1.0,0.0
2014-09-11 14:03:24+00:00,208.48000000000002,1.0,90.0,1.0,0.0
2014-09-11 14:03:30+00:00,208.33666666666667,1.0,90.0,0.0,0.0
2014-09-11 14:03:36+00:00,208.40833333333333,0.0,90.0,1.0,0.0
2014-09-11 14:03:42+00:00,207.835,1.0,0.0,1.0,0.0
2014-09-11 14:03:48+00:00,207.495,1.0,90.0,0.0,0.0
2014-09-11 14:03:54+00:00,207.92666666666665,1.0,90.0,1.0,0.0
2014-09-11 14:04:00+00:00,207.51666666666665,0.0,0.0,1.0,0.0
2014-09-11 14:04:06+00:00,207.42333333333332,1.0,91.0,1.0,0.0
2014-09-11 14:04:12+00:00,207.74666666666667,1.0,90.0,1.0,0.0
2014-09-11 14:04:18+00:00,207.68166666666664,1.0,90.0,0.0,0.0
2014-09-11 14:04:24+00:00,207.46166666666667,0.0,90.0,1.0,0.0
2014-09-11 14:04:30+00:00,206.87333333333333,1.0,0.0,1.0,0.0
2014-09-11 14:04:36+00:00,207.53833333333333,1.0,90.0,1.0,0.0
2014-09-11 14:04:42+00:00,207.52833333333334,1.0,129.0,0.0,0.0
2014-09-11 14:04:48+00:00,207.70833333333334,0.0,0.0,1.0,0.0
2014-09-11 14:04:54+00:00,208.64166666666665,1.0,90.0,1.0,0.0
2014-09-11 14:05:00+00:00,208.00833333333333,1.0,90.0,0.0,0.0
2014-09-11 14:05:06+00:00,208.18666666666664,1.0,91.0,1.0,0.0
2014-09-11 14:05:12+00:00,207.20166666666668,1.0,89.0,1.0,0.0
2014-09-11 14:05:18+00:00,207.06833333333336,0.0,0.0,1.0,0.0
2014-09-11 14:05:24+00:00,207.21,1.0,90.0,1.0,0.0
2014-09-11 14:05:30+00:00,206.915,1.0,90.0,0.0,0.0
2014-09-11 14:05:36+00:00,207.725,0.0,90.0,1.0,0.0
2014-09-11 14:05:42+00:00,207.14166666666665,1.0,0.0,1.0,0.0
2014-09-11 14:05:48+00:00,207.83,1.0,90.0,1.0,0.0
2014-09-11 14:05:54+00:00,207.57000000000002,1.0,91.0,1.0,0.0
2014-09-11 14:06:00+00:00,207.375,1.0,90.0,0.0,0.0
2014-09-11 14:06:06+00:00,207.85,1.0,90.0,1.0,0.0
2014-09-11 14:06:12+00:00,207.70666666666668,1.0,91.0,1.0,0.0
2014-09-11 14:06:18+00:00,207.41666666666666,0.0,90.0,1.0,0.0
2014-09-11 14:06:24+00:00,207.545,1.0,0.0,1.0,0.0
2014-09-11 14:06:30+00:00,207.47,1.0,90.0,1.0,0.0
2014-09-11 14:06:36+00:00,207.995,1.0,90.0,0.0,0.0
2014-09-11 14:06:42+00:00,207.47333333333333,1.0,90.0,1.0,0.0
2014-09-11 14:06:48+00:00,207.5,0.0,91.0,1.0,0.0
2014-09-11 14:06:54+00:00,207.60500000000002,1.0,0.0,1.0,0.0
2014-09-11 14:07:00+00:00,207.91333333333333,1.0,90.0,1.0,0.0
2014-09-11 14:07:06+00:00,208.15,1.0,90.0,0.0,0.0
2014-09-11 14:07:12+00:00,207.92666666666665,0.0,91.0,1.0,0.0
2014-09-11 14:07:18+00:00,207.99166666666667,1.0,0.0,1.0,0.0
2014-09-11 14:07:24+00:00,208.215,1.0,91.0,1.0,0.0
2014-09-11 14:07:30+00:00,209.26333333333332,1.0,91.0,1.0,0.0
2014-09-11 14:07:36+00:00,209.76833333333335,1.0,91.0,0.0,0.0
2014-09-11 14:07:42+00:00,209.3033333333333,0.0,92.0,1.0,0.0
2014-09-11 14:07:48+00:00,209.73166666666668,1.0,0.0,1.0,0.0
2014-09-11 14:07:54+00:00,210.19000000000003,1.0,92.0,1.0,0.0
2014-09-11 14:08:00+00:00,211.5,1.0,93.0,1.0,0.0
2014-09-11 14:08:06+00:00,211.51666666666665,1.0,93.0,1.0,0.0
2014-09-11 14:08:12+00:00,210.58,1.0,93.0,0.0,0.0
2014-09-11 14:08:18+00:00,210.12666666666667,1.0,92.0,1.0,0.0
2014-09-11 14:08:24+00:00,209.66,0.0,0.0,1.0,0.0
2014-09-11 14:08:30+00:00,209.85000000000002,1.0,92.0,1.0,0.0
2014-09-11 14:08:36+00:00,209.96,1.0,92.0,1.0,0.0
2014-09-11 14:08:42+00:00,210.13,1.0,92.0,1.0,0.0
2014-09-11 14:08:48+00:00,209.45000000000002,1.0,92.0,1.0,0.0
2014-09-11 14:08:54+00:00,208.835,1.0,92.0,1.0,0.0
2014-09-11 14:09:00+00:00,208.35500000000002,1.0,92.0,0.0,0.0
2014-09-11 14:09:06+00:00,208.71833333333333,0.0,91.0,1.0,0.0
2014-09-11 14:09:12+00:00,207.6016666666667,1.0,91.0,1.0,0.0
2014-09-11 14:09:18+00:00,207.36,1.0,0.0,1.0,0.0
2014-09-11 14:09:24+00:00,207.10833333333335,1.0,91.0,1.0,0.0
2014-09-11 14:09:30+00:00,207.36333333333334,1.0,91.0,0.0,0.0
2014-09-11 14:09:36+00:00,206.965,1.0,90.0,1.0,0.0
2014-09-11 14:09:42+00:00,206.725,0.0,89.0,1.0,0.0
2014-09-11 14:09:48+00:00,206.13666666666666,1.0,90.0,1.0,0.0
2014-09-11 14:09:54+00:00,205.38,1.0,88.0,1.0,0.0
2014-09-11 14:10:00+00:00,205.35,1.0,89.0,1.0,0.0
2014-09-11 14:10:06+00:00,206.09333333333333,1.0,89.0,1.0,0.0
2014-09-11 14:10:12+00:00,206.07833333333335,1.0,89.0,1.0,0.0
2014-09-11 14:10:18+00:00,206.125,1.0,0.0,1.0,0.0
2014-09-11 14:10:24+00:00,205.60333333333332,1.0,89.0,1.0,0.0
2014-09-11 14:10:30+00:00,205.01666666666665,1.0,88.0,0.0,0.0
2014-09-11 14:10:36+00:00,204.92,0.0,0.0,1.0,0.0
2014-09-11 14:10:42+00:00,204.58666666666667,1.0,87.0,1.0,0.0
2014-09-11 14:10:48+00:00,204.58166666666668,1.0,87.0,1.0,0.0
2014-09-11 14:10:54+00:00,204.16833333333332,1.0,88.0,0.0,0.0
2014-09-11 14:11:00+00:00,204.50166666666667,1.0,87.0,1.0,0.0
2014-09-11 14:11:06+00:00,204.60833333333335,1.0,87.0,1.0,0.0
2014-09-11 14:11:12+00:00,204.45000000000002,1.0,87.0,1.0,0.0
2014-09-11 14:11:18+00:00,204.28166666666667,0.0,87.0,1.0,0.0
2014-09-11 14:11:24+00:00,203.70166666666668,1.0,0.0,1.0,0.0
2014-09-11 14:11:30+00:00,203.43500000000003,1.0,87.0,1.0,0.0
2014-09-11 14:11:36+00:00,203.82500000000002,1.0,86.0,0.0,0.0
2014-09-11 14:11:42+00:00,203.4283333333333,0.0,86.0,1.0,0.0
2014-09-11 14:11:48+00:00,203.375,1.0,87.0,1.0,0.0
2014-09-11 14:11:54+00:00,203.48166666666665,1.0,87.0,1.0,0.0
2014-09-11 14:12:00+00:00,203.11666666666667,1.0,0.0,1.0,0.0
2014-09-11 14:12:06+00:00,203.25,1.0,86.0,0.0,0.0
2014-09-11 14:12:12+00:00,203.39166666666665,1.0,85.0,1.0,0.0
2014-09-11 14:12:18+00:00,203.14666666666665,1.0,87.0,1.0,0.0
2014-09-11 14:12:24+00:00,203.455,1.0,86.0,1.0,0.0
2014-09-11 14:12:30+00:00,202.98000000000002,0.0,0.0,1.0,0.0
2014-09-11 14:12:36+00:00,203.11833333333334,1.0,86.0,1.0,0.0
2014-09-11 14:12:42+00:00,203.4283333333333,1.0,86.0,0.0,0.0
2014-09-11 14:12:48+00:00,202.73833333333334,0.0,86.0,1.0,0.0
2014-09-11 14:12:54+00:00,202.985,1.0,0.0,1.0,0.0
2014-09-11 14:13:00+00:00,203.12833333333333,1.0,85.0,1.0,0.0
2014-09-11 14:13:06+00:00,203.4,1.0,85.0,0.0,0.0
2014-09-11 14:13:12+00:00,203.63833333333332,0.0,85.0,1.0,0.0
2014-09-11 14:13:18+00:00,202.60666666666665,1.0,0.0,1.0,0.0
2014-09-11 14:13:24+00:00,202.09,1.0,86.0,1.0,0.0
2014-09-11 14:13:30+00:00,201.74,1.0,84.0,0.0,0.0
2014-09-11 14:13:36+00:00,201.81833333333336,0.0,85.0,1.0,0.0
2014-09-11 14:13:42+00:00,201.66833333333332,1.0,84.0,1.0,0.0
2014-09-11 14:13:48+00:00,201.54666666666665,1.0,85.0,1.0,0.0
2014-09-11 14:13:54+00:00,201.93833333333336,1.0,0.0,1.0,0.0
2014-09-11 14:14:00+00:00,201.41166666666666,1.0,85.0,1.0,0.0
2014-09-11 14:14:06+00:00,201.22833333333332,1.0,85.0,0.0,0.0
2014-09-11 14:14:12+00:00,201.85833333333335,1.0,84.0,1.0,0.0
2014-09-11 14:14:18+00:00,201.39166666666665,1.0,84.0,1.0,0.0
2014-09-11 14:14:24+00:00,201.25,1.0,84.0,1.0,0.0
2014-09-11 14:14:30+00:00,201.55666666666664,1.0,84.0,1.0,0.0
2014-09-11 14:14:36+00:00,201.21166666666667,0.0,0.0,1.0,0.0
2014-09-11 14:14:42+00:00,201.55166666666665,1.0,85.0,1.0,0.0
2014-09-11 14:14:48+00:00,201.41833333333332,1.0,84.0,1.0,0.0
2014-09-11 14:14:54+00:00,200.97,1.0,84.0,0.0,0.0
2014-09-11 14:15:00+00:00,200.865,0.0,84.0,1.0,0.0
2014-09-11 14:15:06+00:00,200.88333333333333,1.0,0.0,1.0,0.0
2014-09-11 14:15:12+00:00,199.22,1.0,84.0,1.0,0.0
2014-09-11 14:15:18+00:00,117.23666666666666,1.0,83.0,1.0,0.0
2014-09-11 14:15:24+00:00,117.19333333333333,1.0,0.0,0.0,0.0
2014-09-11 14:15:30+00:00,117.24166666666667,1.0,0.0,1.0,0.0
2014-09-11 14:15:36+00:00,116.96166666666666,0.0,0.0,1.0,0.0
2014-09-11 14:15:42+00:00,116.62166666666667,1.0,0.0,1.0,0.0
2014-09-11 14:15:48+00:00,116.73333333333333,1.0,0.0,1.0,0.0
2014-09-11 14:15:54+00:00,116.92666666666666,1.0,0.0,0.0,0.0
2014-09-11 14:16:00+00:00,116.88,1.0,0.0,1.0,0.0
2014-09-11 14:16:06+00:00,116.74666666666667,1.0,0.0,0.0,0.0
2014-09-11 14:16:12+00:00,117.02999999999999,1.0,0.0,1.0,0.0
2014-09-11 14:16:18+00:00,117.03166666666668,1.0,0.0,1.0,0.0
2014-09-11 14:16:24+00:00,116.52999999999999,0.0,0.0,1.0,0.0
2014-09-11 14:16:30+00:00,116.13666666666666,1.0,0.0,1.0,0.0
2014-09-11 14:16:36+00:00,116.42,1.0,0.0,0.0,0.0
2014-09-11 14:16:42+00:00,116.82333333333334,0.0,0.0,1.0,0.0
2014-09-11 14:16:48+00:00,116.95666666666666,1.0,0.0,1.0,0.0
2014-09-11 14:16:54+00:00,116.59166666666665,1.0,0.0,1.0,0.0
2014-09-11 14:17:00+00:00,116.35833333333333,1.0,0.0,1.0,0.0
2014-09-11 14:17:06+00:00,116.38,1.0,0.0,1.0,0.0
2014-09-11 14:17:12+00:00,116.36333333333334,1.0,0.0,1.0,0.0
2014-09-11 14:17:18+00:00,117.01333333333332,1.0,0.0,1.0,0.0
2014-09-11 14:17:24+00:00,116.875,1.0,0.0,1.0,0.0
2014-09-11 14:17:30+00:00,117.08666666666666,1.0,0.0,1.0,0.0
2014-09-11 14:17:36+00:00,116.605,1.0,0.0,1.0,0.0
2014-09-11 14:17:42+00:00,116.66833333333334,1.0,0.0,0.0,0.0
2014-09-11 14:17:48+00:00,116.43333333333334,1.0,0.0,1.0,0.0
2014-09-11 14:17:54+00:00,116.41666666666667,0.0,0.0,1.0,0.0
2014-09-11 14:18:00+00:00,116.46333333333332,1.0,0.0,1.0,0.0
2014-09-11 14:18:06+00:00,116.46833333333332,1.0,0.0,1.0,0.0
2014-09-11 14:18:12+00:00,116.47166666666668,1.0,0.0,1.0,0.0
2014-09-11 14:18:18+00:00,116.50666666666666,1.0,0.0,1.0,0.0
2014-09-11 14:18:24+00:00,116.18166666666667,1.0,0.0,0.0,0.0
2014-09-11 14:18:30+00:00,116.605,0.0,0.0,1.0,0.0
2014-09-11 14:18:36+00:00,116.42,1.0,0.0,1.0,0.0
2014-09-11 14:18:42+00:00,116.79666666666667,1.0,0.0,1.0,0.0
2014-09-11 14:18:48+00:00,116.37333333333333,1.0,0.0,0.0,0.0
2014-09-11 14:18:54+00:00,116.56333333333333,1.0,0.0,1.0,0.0
2014-09-11 14:19:00+00:00,116.33166666666666,1.0,0.0,1.0,0.0
2014-09-11 14:19:06+00:00,116.34666666666668,1.0,0.0,1.0,0.0
2014-09-11 14:19:12+00:00,116.72500000000001,0.0,0.0,1.0,0.0
2014-09-11 14:19:18+00:00,116.43,1.0,0.0,1.0,0.0
2014-09-11 14:19:24+00:00,116.20833333333333,1.0,0.0,1.0,0.0
2014-09-11 14:19:30+00:00,116.13833333333334,1.0,0.0,1.0,0.0
2014-09-11 14:19:36+00:00,116.16666666666667,1.0,0.0,0.0,0.0
2014-09-11 14:19:42+00:00,116.08999999999999,1.0,0.0,1.0,0.0
2014-09-11 14:19:48+00:00,116.20833333333333,1.0,0.0,1.0,0.0
2014-09-11 14:19:54+00:00,116.19833333333334,0.0,0.0,1.0,0.0
2014-09-11 14:20:00+00:00,116.29333333333334,1.0,0.0,1.0,0.0
2014-09-11 14:20:06+00:00,115.90833333333335,1.0,0.0,1.0,0.0
2014-09-11 14:20:12+00:00,115.89166666666667,1.0,0.0,0.0,0.0
2014-09-11 14:20:18+00:00,116.00333333333333,0.0,0.0,1.0,0.0
2014-09-11 14:20:24+00:00,116.54,1.0,0.0,1.0,0.0
2014-09-11 14:20:30+00:00,116.38,1.0,0.0,1.0,0.0
2014-09-11 14:20:36+00:00,116.23,1.0,0.0,1.0,0.0
2014-09-11 14:20:42+00:00,116.01666666666667,1.0,0.0,0.0,0.0
2014-09-11 14:20:48+00:00,116.64333333333333,1.0,0.0,1.0,0.0
2014-09-11 14:20:54+00:00,116.755,0.0,0.0,1.0,0.0
2014-09-11 14:21:00+00:00,116.74166666666667,1.0,0.0,1.0,0.0
2014-09-11 14:21:06+00:00,116.89666666666666,1.0,0.0,1.0,0.0
2014-09-11 14:21:12+00:00,116.92666666666666,1.0,0.0,1.0,0.0
2014-09-11 14:21:18+00:00,116.54166666666667,1.0,0.0,1.0,0.0
2014-09-11 14:21:24+00:00,116.35666666666667,1.0,0.0,1.0,0.0
2014-09-11 14:21:30+00:00,116.88666666666666,1.0,0.0,1.0,0.0
2014-09-11 14:21:36+00:00,116.52499999999999,1.0,0.0,0.0,0.0
2014-09-11 14:21:42+00:00,116.695,1.0,0.0,1.0,0.0
2014-09-11 14:21:48+00:00,116.65666666666668,0.0,0.0,1.0,0.0
2014-09-11 14:21:54+00:00,116.82833333333333,1.0,0.0,1.0,0.0
2014-09-11 14:22:00+00:00,116.38166666666666,1.0,0.0,1.0,0.0
2014-09-11 14:22:06+00:00,116.09833333333334,1.0,0.0,1.0,0.0
2014-09-11 14:22:12+00:00,116.50166666666667,1.0,0.0,1.0,0.0
2014-09-11 14:22:18+00:00,116.46499999999999,1.0,0.0,0.0,0.0
2014-09-11 14:22:24+00:00,116.66166666666668,1.0,0.0,1.0,0.0
2014-09-11 14:22:30+00:00,116.23333333333333,1.0,0.0,1.0,0.0
2014-09-11 14:22:36+00:00,116.38666666666666,1.0,0.0,1.0,0.0
2014-09-11 14:22:42+00:00,116.49833333333333,0.0,0.0,1.0,0.0
2014-09-11 14:22:48+00:00,116.85166666666667,1.0,0.0,1.0,0.0
2014-09-11 14:22:54+00:00,116.58166666666666,1.0,0.0,1.0,0.0
2014-09-11 14:23:00+00:00,116.55833333333334,1.0,0.0,0.0,0.0
2014-09-11 14:23:06+00:00,116.56,0.0,0.0,1.0,0.0
2014-09-11 14:23:12+00:00,116.58,1.0,0.0,1.0,0.0
2014-09-11 14:23:18+00:00,116.47500000000001,1.0,0.0,1.0,0.0
2014-09-11 14:23:24+00:00,116.20833333333333,1.0,0.0,1.0,0.0
2014-09-11 14:23:30+00:00,116.40333333333332,1.0,0.0,1.0,0.0
2014-09-11 14:23:36+00:00,116.35000000000001,1.0,0.0,1.0,0.0
2014-09-11 14:23:42+00:00,116.46833333333332,1.0,0.0,0.0,0.0
2014-09-11 14:23:48+00:00,116.695,1.0,0.0,1.0,0.0
2014-09-11 14:23:54+00:00,116.45333333333333,1.0,0.0,1.0,0.0
2014-09-11 14:24:00+00:00,116.70166666666667,0.0,0.0,1.0,0.0
2014-09-11 14:24:06+00:00,116.435,1.0,0.0,1.0,0.0
2014-09-11 14:24:12+00:00,116.61833333333334,1.0,0.0,1.0,0.0
2014-09-11 14:24:18+00:00,116.46333333333332,1.0,0.0,1.0,0.0
2014-09-11 14:24:24+00:00,116.315,1.0,0.0,0.0,0.0
2014-09-11 14:24:30+00:00,116.72333333333334,1.0,0.0,1.0,0.0
2014-09-11 14:24:36+00:00,116.35833333333333,1.0,0.0,1.0,0.0
2014-09-11 14:24:42+00:00,116.50333333333333,0.0,0.0,1.0,0.0
2014-09-11 14:24:48+00:00,116.58666666666666,1.0,0.0,1.0,0.0
2014-09-11 14:24:54+00:00,116.32333333333334,1.0,0.0,1.0,0.0
2014-09-11 14:25:00+00:00,116.78166666666668,1.0,0.0,1.0,0.0
2014-09-11 14:25:06+00:00,116.61,1.0,0.0,1.0,0.0
2014-09-11 14:25:12+00:00,116.34499999999998,1.0,0.0,0.0,0.0
2014-09-11 14:25:18+00:00,116.485,1.0,0.0,1.0,0.0
2014-09-11 14:25:24+00:00,116.26,1.0,0.0,1.0,0.0
2014-09-11 14:25:30+00:00,116.63499999999999,1.0,0.0,1.0,0.0
2014-09-11 14:25:36+00:00,116.23833333333334,0.0,0.0,1.0,0.0
2014-09-11 14:25:42+00:00,116.105,1.0,0.0,1.0,0.0
2014-09-11 14:25:48+00:00,116.02666666666666,1.0,0.0,1.0,0.0
2014-09-11 14:25:54+00:00,116.24285714285715,1.0,0.0,1.0,0.0
2014-09-11 14:26:00+00:00,116.21,1.0,0.0,1.0,0.0
2014-09-11 14:26:06+00:00,115.96000000000001,1.0,0.0,1.0,0.0
2014-09-11 14:26:12+00:00,116.32333333333334,1.0,0.0,0.0,0.0
2014-09-11 14:26:18+00:00,116.53333333333335,1.0,0.0,1.0,0.0
2014-09-11 14:26:24+00:00,116.15333333333332,1.0,0.0,1.0,0.0
2014-09-11 14:26:30+00:00,116.12333333333333,1.0,0.0,1.0,0.0
2014-09-11 14:26:36+00:00,116.07166666666666,0.0,0.0,1.0,0.0
2014-09-11 14:26:42+00:00,116.17333333333333,1.0,0.0,1.0,0.0
2014-09-11 14:26:48+00:00,116.57,1.0,0.0,1.0,0.0
2014-09-11 14:26:54+00:00,116.20833333333333,1.0,0.0,1.0,0.0
2014-09-11 14:27:00+00:00,116.44,1.0,0.0,0.0,0.0
2014-09-11 14:27:06+00:00,116.14166666666667,1.0,0.0,1.0,0.0
2014-09-11 14:27:12+00:00,137.08666666666667,0.0,0.0,1.0,0.0
2014-09-11 14:27:18+00:00,163.93166666666664,1.0,0.0,1.0,0.0
2014-09-11 14:27:24+00:00,163.40166666666667,1.0,0.0,1.0,0.0
2014-09-11 14:27:30+00:00,163.76166666666666,1.0,0.0,1.0,0.0
2014-09-11 14:27:36+00:00,163.89333333333335,1.0,0.0,1.0,0.0
2014-09-11 14:27:42+00:00,163.67,1.0,0.0,1.0,0.0
2014-09-11 14:27:48+00:00,163.1833333333333,1.0,0.0,1.0,0.0
2014-09-11 14:27:54+00:00,163.68166666666664,1.0,0.0,0.0,0.0
2014-09-11 14:28:00+00:00,163.775,1.0,0.0,1.0,0.0
2014-09-11 14:28:06+00:00,163.79999999999998,0.0,0.0,1.0,0.0
2014-09-11 14:28:12+00:00,163.96,1.0,0.0,1.0,0.0
2014-09-11 14:28:18+00:00,163.27166666666668,1.0,0.0,0.0,0.0
2014-09-11 14:28:24+00:00,163.57333333333332,1.0,0.0,1.0,0.0
2014-09-11 14:28:30+00:00,163.38666666666666,1.0,0.0,1.0,0.0
2014-09-11 14:28:36+00:00,163.36,1.0,0.0,1.0,0.0
2014-09-11 14:28:42+00:00,163.49833333333333,1.0,0.0,1.0,0.0
2014-09-11 14:28:48+00:00,163.53833333333333,0.0,0.0,1.0,0.0
2014-09-11 14:28:54+00:00,163.70666666666668,1.0,0.0,1.0,0.0
2014-09-11 14:29:00+00:00,164.00333333333333,1.0,0.0,1.0,0.0
2014-09-11 14:29:06+00:00,164.11833333333334,1.0,0.0,1.0,0.0
2014-09-11 14:29:12+00:00,163.92166666666665,1.0,0.0,1.0,0.0
2014-09-11 14:29:18+00:00,163.95000000000002,1.0,0.0,0.0,0.0
2014-09-11 14:29:24+00:00,163.81166666666667,1.0,0.0,1.0,0.0
2014-09-11 14:29:30+00:00,163.74,1.0,0.0,1.0,0.0
2014-09-11 14:29:36+00:00,163.58666666666667,0.0,0.0,1.0,0.0
2014-09-11 14:29:42+00:00,163.73499999999999,1.0,0.0,1.0,0.0
2014-09-11 14:29:48+00:00,163.81833333333333,1.0,0.0,1.0,0.0
2014-09-11 14:29:54+00:00,163.95000000000002,1.0,0.0,0.0,0.0
2014-09-11 14:30:00+00:00,164.05666666666667,1.0,0.0,1.0,0.0
2014-09-11 14:30:06+00:00,163.85833333333332,0.0,0.0,1.0,0.0
2014-09-11 14:30:12+00:00,162.68833333333333,1.0,0.0,1.0,0.0
2014-09-11 14:30:18+00:00,117.21166666666666,1.0,0.0,1.0,0.0
2014-09-11 14:30:24+00:00,117.19,1.0,0.0,1.0,0.0
2014-09-11 14:30:30+00:00,116.88166666666666,1.0,0.0,0.0,0.0
2014-09-11 14:30:36+00:00,116.72166666666668,1.0,0.0,1.0,0.0
2014-09-11 14:30:42+00:00,116.46499999999999,0.0,0.0,1.0,0.0
2014-09-11 14:30:48+00:00,116.55499999999999,1.0,0.0,1.0,0.0
2014-09-11 14:30:54+00:00,116.445,1.0,0.0,1.0,0.0
2014-09-11 14:31:00+00:00,116.61500000000001,1.0,0.0,1.0,0.0
2014-09-11 14:31:06+00:00,116.41666666666667,1.0,0.0,1.0,0.0
2014-09-11 14:31:12+00:00,116.56,1.0,0.0,0.0,0.0
2014-09-11 14:31:18+00:00,116.53166666666668,1.0,0.0,1.0,0.0
2014-09-11 14:31:24+00:00,117.07166666666667,0.0,0.0,1.0,0.0
2014-09-11 14:31:30+00:00,116.75166666666667,1.0,0.0,1.0,0.0
2014-09-11 14:31:36+00:00,116.53500000000001,1.0,0.0,1.0,0.0
2014-09-11 14:31:42+00:00,116.77,1.0,0.0,0.0,0.0
2014-09-11 14:31:48+00:00,116.76833333333333,1.0,0.0,1.0,0.0
2014-09-11 14:31:54+00:00,116.76833333333333,1.0,0.0,1.0,0.0
2014-09-11 14:32:00+00:00,116.49666666666667,1.0,0.0,1.0,0.0
2014-09-11 14:32:06+00:00,116.335,0.0,0.0,1.0,0.0
2014-09-11 14:32:12+00:00,116.53666666666668,1.0,0.0,1.0,0.0
2014-09-11 14:32:18+00:00,116.705,1.0,0.0,0.0,0.0
2014-09-11 14:32:24+00:00,116.27166666666666,0.0,0.0,1.0,0.0
2014-09-11 14:32:30+00:00,116.415,1.0,0.0,1.0,0.0
2014-09-11 14:32:36+00:00,116.36500000000001,1.0,0.0,1.0,0.0
2014-09-11 14:32:42+00:00,116.38166666666666,1.0,0.0,1.0,0.0
2014-09-11 14:32:48+00:00,116.21666666666665,1.0,0.0,0.0,0.0
2014-09-11 14:32:54+00:00,116.62833333333333,1.0,0.0,1.0,0.0
2014-09-11 14:33:00+00:00,116.33,0.0,0.0,1.0,0.0
2014-09-11 14:33:06+00:00,116.00166666666667,1.0,0.0,1.0,0.0
2014-09-11 14:33:12+00:00,116.29333333333334,1.0,0.0,1.0,0.0
2014-09-11 14:33:18+00:00,116.31666666666666,1.0,0.0,0.0,0.0
2014-09-11 14:33:24+00:00,116.23166666666667,0.0,0.0,1.0,0.0
2014-09-11 14:33:30+00:00,116.55,1.0,0.0,1.0,0.0
2014-09-11 14:33:36+00:00,116.31333333333333,1.0,0.0,1.0,0.0
2014-09-11 14:33:42+00:00,116.38166666666666,1.0,0.0,0.0,0.0
2014-09-11 14:33:48+00:00,116.38333333333333,1.0,0.0,1.0,0.0
2014-09-11 14:33:54+00:00,116.37333333333333,1.0,0.0,1.0,0.0
2014-09-11 14:34:00+00:00,116.305,1.0,0.0,1.0,0.0
2014-09-11 14:34:06+00:00,116.33,1.0,0.0,1.0,0.0
2014-09-11 14:34:12+00:00,116.00333333333333,0.0,0.0,1.0,0.0
2014-09-11 14:34:18+00:00,115.935,1.0,0.0,1.0,0.0
2014-09-11 14:34:24+00:00,116.26166666666666,1.0,0.0,1.0,0.0
2014-09-11 14:34:30+00:00,115.71499999999999,1.0,0.0,1.0,0.0
2014-09-11 14:34:36+00:00,116.39999999999999,1.0,0.0,1.0,0.0
2014-09-11 14:34:42+00:00,116.165,1.0,0.0,1.0,0.0
2014-09-11 14:34:48+00:00,116.185,1.0,0.0,0.0,0.0
2014-09-11 14:34:54+00:00,115.79333333333334,0.0,0.0,1.0,0.0
2014-09-11 14:35:00+00:00,116.16166666666668,1.0,0.0,1.0,0.0
2014-09-11 14:35:06+00:00,116.33333333333333,1.0,0.0,1.0,0.0
2014-09-11 14:35:12+00:00,116.37666666666667,1.0,0.0,0.0,0.0
2014-09-11 14:35:18+00:00,115.72666666666667,1.0,0.0,1.0,0.0
2014-09-11 14:35:24+00:00,115.835,0.0,0.0,1.0,0.0
2014-09-11 14:35:30+00:00,115.79166666666667,1.0,0.0,1.0,0.0
2014-09-11 14:35:36+00:00,115.78666666666668,1.0,0.0,1.0,0.0
2014-09-11 14:35:42+00:00,115.14999999999999,1.0,0.0,0.0,0.0
2014-09-11 14:35:48+00:00,114.95,1.0,0.0,1.0,0.0
2014-09-11 14:35:54+00:00,115.26333333333334,1.0,0.0,1.0,0.0
2014-09-11 14:36:00+00:00,115.37333333333333,1.0,0.0,1.0,0.0
2014-09-11 14:36:06+00:00,115.85000000000001,1.0,0.0,1.0,0.0
2014-09-11 14:36:12+00:00,115.31666666666666,0.0,0.0,1.0,0.0
2014-09-11 14:36:18+00:00,115.21833333333332,1.0,0.0,1.0,0.0
2014-09-11 14:36:24+00:00,115.39,1.0,0.0,0.0,0.0
2014-09-11 14:36:30+00:00,115.74166666666667,1.0,0.0,1.0,0.0
2014-09-11 14:36:36+00:00,115.81333333333333,0.0,0.0,1.0,0.0
2014-09-11 14:36:42+00:00,115.69666666666666,1.0,0.0,1.0,0.0
2014-09-11 14:36:48+00:00,115.88499999999999,1.0,0.0,1.0,0.0
2014-09-11 14:36:54+00:00,116.04833333333333,1.0,0.0,1.0,0.0
2014-09-11 14:37:00+00:00,115.89333333333333,1.0,0.0,1.0,0.0
2014-09-11 14:37:06+00:00,116.12333333333333,1.0,0.0,1.0,0.0
2014-09-11 14:37:12+00:00,116.11666666666667,1.0,0.0,1.0,0.0
2014-09-11 14:37:18+00:00,115.95833333333333,1.0,0.0,0.0,0.0
2014-09-11 14:37:24+00:00,115.80666666666667,0.0,0.0,1.0,0.0
2014-09-11 14:37:30+00:00,115.79,1.0,0.0,1.0,0.0
2014-09-11 14:37:36+00:00,115.62333333333333,1.0,0.0,0.0,0.0
2014-09-11 14:37:42+00:00,115.42833333333334,0.0,0.0,1.0,0.0
2014-09-11 14:37:48+00:00,115.935,1.0,0.0,1.0,0.0
2014-09-11 14:37:54+00:00,115.875,1.0,0.0,1.0,0.0
2014-09-11 14:38:00+00:00,115.65166666666666,1.0,0.0,1.0,0.0
2014-09-11 14:38:06+00:00,116.03833333333334,1.0,0.0,1.0,0.0
2014-09-11 14:38:12+00:00,115.77666666666666,1.0,0.0,1.0,0.0
2014-09-11 14:38:18+00:00,115.86,1.0,0.0,1.0,0.0
2014-09-11 14:38:24+00:00,115.855,1.0,0.0,1.0,0.0
2014-09-11 14:38:30+00:00,115.485,1.0,0.0,0.0,0.0
2014-09-11 14:38:36+00:00,115.40166666666666,1.0,0.0,1.0,0.0
2014-09-11 14:38:42+00:00,115.51333333333332,1.0,0.0,1.0,0.0
2014-09-11 14:38:48+00:00,115.25333333333333,1.0,0.0,1.0,0.0
2014-09-11 14:38:54+00:00,115.05333333333334,1.0,0.0,1.0,0.0
2014-09-11 14:39:00+00:00,115.085,1.0,0.0,1.0,0.0
2014-09-11 14:39:06+00:00,114.90499999999999,0.0,0.0,1.0,0.0
2014-09-11 14:39:12+00:00,115.20833333333333,1.0,0.0,1.0,0.0
2014-09-11 14:39:18+00:00,115.495,1.0,0.0,0.0,0.0
2014-09-11 14:39:24+00:00,115.44166666666666,1.0,0.0,1.0,0.0
2014-09-11 14:39:30+00:00,115.47500000000001,0.0,0.0,1.0,0.0
2014-09-11 14:39:36+00:00,115.75833333333333,1.0,0.0,1.0,0.0
2014-09-11 14:39:42+00:00,115.95666666666666,1.0,0.0,1.0,0.0
2014-09-11 14:39:48+00:00,115.46833333333332,1.0,0.0,1.0,0.0
2014-09-11 14:39:54+00:00,115.51333333333334,1.0,0.0,1.0,0.0
2014-09-11 14:40:00+00:00,115.63,0.0,0.0,1.0,0.0
2014-09-11 14:40:06+00:00,115.77666666666666,1.0,0.0,0.0,0.0
2014-09-11 14:40:12+00:00,116.31333333333333,1.0,0.0,1.0,0.0
2014-09-11 14:40:18+00:00,115.55,0.0,0.0,1.0,0.0
2014-09-11 14:40:24+00:00,115.68166666666667,1.0,0.0,1.0,0.0
2014-09-11 14:40:30+00:00,115.58333333333333,1.0,0.0,1.0,0.0
2014-09-11 14:40:36+00:00,115.665,1.0,0.0,1.0,0.0
2014-09-11 14:40:42+00:00,115.25833333333333,1.0,0.0,1.0,0.0
2014-09-11 14:40:48+00:00,115.45166666666667,1.0,0.0,1.0,0.0
2014-09-11 14:40:54+00:00,115.46,1.0,0.0,1.0,0.0
2014-09-11 14:41:00+00:00,115.71166666666666,1.0,0.0,0.0,0.0
2014-09-11 14:41:06+00:00,115.46833333333332,0.0,0.0,1.0,0.0
2014-09-11 14:41:12+00:00,116.26666666666667,1.0,0.0,1.0,0.0
2014-09-11 14:41:18+00:00,115.35333333333334,1.0,0.0,1.0,0.0
2014-09-11 14:41:24+00:00,114.82166666666666,1.0,0.0,1.0,0.0
2014-09-11 14:41:30+00:00,114.89833333333333,1.0,0.0,0.0,0.0
2014-09-11 14:41:36+00:00,114.65666666666668,1.0,0.0,1.0,0.0
2014-09-11 14:41:42+00:00,114.46666666666668,0.0,0.0,1.0,0.0
2014-09-11 14:41:48+00:00,114.61166666666666,1.0,0.0,1.0,0.0
2014-09-11 14:41:54+00:00,115.36,1.0,0.0,1.0,0.0
2014-09-11 14:42:00+00:00,115.04,1.0,0.0,0.0,0.0
2014-09-11 14:42:06+00:00,114.97166666666668,0.0,0.0,1.0,0.0
2014-09-11 14:42:12+00:00,114.61166666666666,1.0,0.0,1.0,0.0
2014-09-11 14:42:18+00:00,114.40666666666668,1.0,0.0,0.0,0.0
2014-09-11 14:42:24+00:00,114.94833333333334,0.0,0.0,1.0,0.0
2014-09-11 14:42:30+00:00,114.81666666666666,1.0,0.0,1.0,0.0
2014-09-11 14:42:36+00:00,114.87333333333333,1.0,0.0,1.0,0.0
2014-09-11 14:42:42+00:00,114.82166666666667,1.0,0.0,1.0,0.0
2014-09-11 14:42:48+00:00,114.61500000000001,1.0,0.0,1.0,0.0
2014-09-11 14:42:54+00:00,114.805,1.0,0.0,1.0,0.0
2014-09-11 14:43:00+00:00,115.21833333333332,1.0,0.0,1.0,0.0
2014-09-11 14:43:06+00:00,115.305,1.0,0.0,1.0,0.0
2014-09-11 14:43:12+00:00,114.94166666666666,1.0,0.0,0.0,0.0
2014-09-11 14:43:18+00:00,115.55166666666666,1.0,0.0,1.0,0.0
2014-09-11 14:43:24+00:00,115.22333333333334,0.0,0.0,1.0,0.0
2014-09-11 14:43:30+00:00,115.34833333333334,1.0,0.0,1.0,0.0
2014-09-11 14:43:36+00:00,115.39333333333333,1.0,0.0,0.0,0.0
2014-09-11 14:43:42+00:00,115.71333333333332,0.0,0.0,1.0,0.0
2014-09-11 14:43:48+00:00,115.22166666666668,1.0,0.0,1.0,0.0
2014-09-11 14:43:54+00:00,115.07333333333334,1.0,0.0,1.0,0.0
2014-09-11 14:44:00+00:00,115.03500000000001,1.0,0.0,1.0,0.0
2014-09-11 14:44:06+00:00,114.97333333333334,1.0,0.0,1.0,0.0
2014-09-11 14:44:12+00:00,115.29333333333334,1.0,0.0,0.0,0.0
2014-09-11 14:44:18+00:00,115.64166666666667,0.0,0.0,1.0,0.0
2014-09-11 14:44:24+00:00,115.455,1.0,0.0,1.0,0.0
2014-09-11 14:44:30+00:00,115.56833333333333,1.0,0.0,1.0,0.0
2014-09-11 14:44:36+00:00,115.54666666666667,1.0,0.0,1.0,0.0
2014-09-11 14:44:42+00:00,115.40166666666666,1.0,0.0,0.0,0.0
2014-09-11 14:44:48+00:00,115.49333333333334,0.0,0.0,1.0,0.0
2014-09-11 14:44:54+00:00,115.72833333333334,1.0,0.0,1.0,0.0
2014-09-11 14:45:00+00:00,115.04666666666667,1.0,0.0,0.0,0.0
2014-09-11 14:45:06+00:00,115.10666666666667,0.0,0.0,1.0,0.0
2014-09-11 14:45:12+00:00,115.49666666666667,1.0,0.0,1.0,0.0
2014-09-11 14:45:18+00:00,115.59333333333335,1.0,0.0,1.0,0.0
2014-09-11 14:45:24+00:00,115.54333333333334,1.0,0.0,1.0,0.0
2014-09-11 14:45:30+00:00,115.96833333333332,1.0,0.0,0.0,0.0
2014-09-11 14:45:36+00:00,115.79833333333333,0.0,0.0,1.0,0.0
2014-09-11 14:45:42+00:00,116.10666666666667,1.0,0.0,1.0,0.0
2014-09-11 14:45:48+00:00,116.335,1.0,0.0,1.0,0.0
2014-09-11 14:45:54+00:00,115.95666666666666,1.0,0.0,0.0,0.0
2014-09-11 14:46:00+00:00,115.86833333333334,0.0,0.0,1.0,0.0
2014-09-11 14:46:06+00:00,115.745,1.0,0.0,1.0,0.0
2014-09-11 14:46:12+00:00,115.78500000000001,1.0,0.0,0.0,0.0
2014-09-11 14:46:18+00:00,116.08166666666666,1.0,0.0,1.0,0.0
2014-09-11 14:46:24+00:00,116.055,0.0,0.0,1.0,0.0
2014-09-11 14:46:30+00:00,116.05,1.0,0.0,1.0,0.0
2014-09-11 14:46:36+00:00,116.02666666666666,1.0,0.0,0.0,0.0
2014-09-11 14:46:42+00:00,115.855,1.0,0.0,1.0,0.0
2014-09-11 14:46:48+00:00,115.83333333333333,1.0,0.0,1.0,0.0
2014-09-11 14:46:54+00:00,116.12833333333333,1.0,0.0,1.0,0.0
2014-09-11 14:47:00+00:00,115.95166666666667,1.0,0.0,1.0,0.0
2014-09-11 14:47:06+00:00,115.72666666666667,0.0,0.0,1.0,0.0
2014-09-11 14:47:12+00:00,116.44166666666666,1.0,0.0,1.0,0.0
2014-09-11 14:47:18+00:00,116.04833333333333,1.0,0.0,1.0,0.0
2014-09-11 14:47:24+00:00,116.04166666666667,1.0,0.0,1.0,0.0
2014-09-11 14:47:30+00:00,115.955,1.0,0.0,1.0,0.0
2014-09-11 14:47:36+00:00,115.96333333333332,1.0,0.0,1.0,0.0
2014-09-11 14:47:42+00:00,115.86833333333334,1.0,0.0,0.0,0.0
2014-09-11 14:47:48+00:00,116.19666666666666,0.0,0.0,1.0,0.0
2014-09-11 14:47:54+00:00,116.25999999999999,1.0,0.0,1.0,0.0
2014-09-11 14:48:00+00:00,116.0,1.0,0.0,1.0,0.0
2014-09-11 14:48:06+00:00,115.94166666666666,1.0,0.0,0.0,0.0
2014-09-11 14:48:12+00:00,116.17666666666666,1.0,0.0,1.0,0.0
2014-09-11 14:48:18+00:00,116.16000000000001,1.0,0.0,1.0,0.0
2014-09-11 14:48:24+00:00,116.32666666666667,0.0,0.0,1.0,0.0
2014-09-11 14:48:30+00:00,115.88833333333334,1.0,0.0,1.0,0.0
2014-09-11 14:48:36+00:00,115.76833333333333,1.0,0.0,1.0,0.0
2014-09-11 14:48:42+00:00,116.12666666666667,1.0,0.0,0.0,0.0
2014-09-11 14:48:48+00:00,116.26666666666667,1.0,0.0,1.0,0.0
2014-09-11 14:48:54+00:00,116.02,0.0,0.0,1.0,0.0
2014-09-11 14:49:00+00:00,115.955,1.0,0.0,1.0,0.0
2014-09-11 14:49:06+00:00,115.77,1.0,0.0,1.0,0.0
2014-09-11 14:49:12+00:00,116.00333333333333,1.0,0.0,0.0,0.0
2014-09-11 14:49:18+00:00,116.25666666666666,1.0,0.0,1.0,0.0
2014-09-11 14:49:24+00:00,116.235,0.0,0.0,1.0,0.0
2014-09-11 14:49:30+00:00,116.33833333333332,1.0,0.0,1.0,0.0
2014-09-11 14:49:36+00:00,116.16333333333334,1.0,0.0,1.0,0.0
2014-09-11 14:49:42+00:00,116.42142857142858,1.0,0.0,1.0,0.0
2014-09-11 14:49:48+00:00,116.18199999999999,1.0,0.0,1.0,0.0
2014-09-11 14:49:54+00:00,115.80714285714285,1.0,0.0,1.0,0.0
2014-09-11 14:50:00+00:00,115.65333333333332,1.0,0.0,0.0,0.0
2014-09-11 14:50:06+00:00,116.28500000000001,1.0,0.0,1.0,0.0
2014-09-11 14:50:12+00:00,115.92833333333333,1.0,0.0,1.0,0.0
2014-09-11 14:50:18+00:00,116.32166666666666,1.0,0.0,1.0,0.0
2014-09-11 14:50:24+00:00,116.10166666666667,1.0,0.0,1.0,0.0
2014-09-11 14:50:30+00:00,116.11166666666668,1.0,0.0,1.0,0.0
2014-09-11 14:50:36+00:00,116.37833333333333,0.0,0.0,1.0,0.0
2014-09-11 14:50:42+00:00,115.84833333333334,1.0,0.0,1.0,0.0
2014-09-11 14:50:48+00:00,115.88333333333333,1.0,0.0,1.0,0.0
2014-09-11 14:50:54+00:00,116.305,1.0,0.0,1.0,0.0
2014-09-11 14:51:00+00:00,116.10333333333334,1.0,0.0,0.0,0.0
2014-09-11 14:51:06+00:00,116.24833333333333,0.0,0.0,1.0,0.0
2014-09-11 14:51:12+00:00,116.68333333333334,1.0,0.0,1.0,0.0
2014-09-11 14:51:18+00:00,116.36666666666667,1.0,0.0,1.0,0.0
2014-09-11 14:51:24+00:00,116.255,1.0,0.0,0.0,0.0
2014-09-11 14:51:30+00:00,115.54833333333333,0.0,0.0,1.0,0.0
2014-09-11 14:51:36+00:00,115.74666666666667,1.0,0.0,1.0,0.0
2014-09-11 14:51:42+00:00,115.95666666666666,1.0,0.0,1.0,0.0
2014-09-11 14:51:48+00:00,116.04833333333333,1.0,0.0,0.0,0.0
2014-09-11 14:51:54+00:00,115.73166666666667,0.0,0.0,1.0,0.0
2014-09-11 14:52:00+00:00,115.665,1.0,0.0,1.0,0.0
2014-09-11 14:52:06+00:00,115.76166666666667,1.0,0.0,1.0,0.0
2014-09-11 14:52:12+00:00,115.86666666666667,1.0,0.0,1.0,0.0
2014-09-11 14:52:18+00:00,116.02333333333333,1.0,0.0,1.0,0.0
2014-09-11 14:52:24+00:00,116.13166666666666,1.0,0.0,0.0,0.0
2014-09-11 14:52:30+00:00,115.90333333333332,1.0,0.0,1.0,0.0
2014-09-11 14:52:36+00:00,115.82166666666666,0.0,0.0,1.0,0.0
2014-09-11 14:52:42+00:00,115.97333333333334,1.0,0.0,1.0,0.0
2014-09-11 14:52:48+00:00,115.83999999999999,1.0,0.0,0.0,0.0
2014-09-11 14:52:54+00:00,116.00666666666666,1.0,0.0,1.0,0.0
2014-09-11 14:53:00+00:00,115.50999999999999,0.0,0.0,1.0,0.0
2014-09-11 14:53:06+00:00,116.14,1.0,0.0,1.0,0.0
2014-09-11 14:53:12+00:00,116.02666666666666,1.0,0.0,1.0,0.0
2014-09-11 14:53:18+00:00,115.83833333333332,1.0,0.0,1.0,0.0
2014-09-11 14:53:24+00:00,115.96166666666666,1.0,0.0,0.0,0.0
2014-09-11 14:53:30+00:00,115.86333333333333,1.0,0.0,1.0,0.0
2014-09-11 14:53:36+00:00,115.85333333333334,0.0,0.0,1.0,0.0
2014-09-11 14:53:42+00:00,116.01833333333333,1.0,0.0,1.0,0.0
2014-09-11 14:53:48+00:00,116.01833333333333,1.0,0.0,0.0,0.0
2014-09-11 14:53:54+00:00,115.755,0.0,0.0,1.0,0.0
2014-09-11 14:54:00+00:00,115.86666666666667,1.0,0.0,1.0,0.0
2014-09-11 14:54:06+00:00,115.60833333333333,1.0,0.0,1.0,0.0
2014-09-11 14:54:12+00:00,115.85666666666667,1.0,0.0,1.0,0.0
2014-09-11 14:54:18+00:00,116.09333333333332,1.0,0.0,1.0,0.0
2014-09-11 14:54:24+00:00,115.96166666666666,1.0,0.0,1.0,0.0
2014-09-11 14:54:30+00:00,115.38499999999999,1.0,0.0,1.0,0.0
2014-09-11 14:54:36+00:00,115.46666666666665,1.0,0.0,1.0,0.0
2014-09-11 14:54:42+00:00,115.20166666666667,1.0,0.0,0.0,0.0
2014-09-11 14:54:48+00:00,115.04,0.0,0.0,1.0,0.0
2014-09-11 14:54:54+00:00,115.46666666666665,1.0,0.0,1.0,0.0
2014-09-11 14:55:00+00:00,114.74,1.0,0.0,1.0,0.0
2014-09-11 14:55:06+00:00,114.86333333333333,1.0,0.0,1.0,0.0
2014-09-11 14:55:12+00:00,114.925,1.0,0.0,0.0,0.0
2014-09-11 14:55:18+00:00,115.295,1.0,0.0,1.0,0.0
2014-09-11 14:55:24+00:00,115.41666666666667,1.0,0.0,1.0,0.0
2014-09-11 14:55:30+00:00,115.73333333333333,0.0,0.0,1.0,0.0
2014-09-11 14:55:36+00:00,114.77166666666666,1.0,0.0,1.0,0.0
2014-09-11 14:55:42+00:00,114.86,1.0,0.0,1.0,0.0
2014-09-11 14:55:48+00:00,115.25666666666666,1.0,0.0,1.0,0.0
2014-09-11 14:55:54+00:00,114.78833333333334,1.0,0.0,1.0,0.0
2014-09-11 14:56:00+00:00,114.59500000000001,1.0,0.0,1.0,0.0
2014-09-11 14:56:06+00:00,115.185,1.0,0.0,1.0,0.0
2014-09-11 14:56:12+00:00,115.21499999999999,1.0,0.0,0.0,0.0
2014-09-11 14:56:18+00:00,115.33333333333333,1.0,0.0,1.0,0.0
2014-09-11 14:56:24+00:00,115.45166666666667,1.0,0.0,1.0,0.0
2014-09-11 14:56:30+00:00,115.54333333333334,0.0,0.0,1.0,0.0
2014-09-11 14:56:36+00:00,115.70666666666666,1.0,0.0,1.0,0.0
2014-09-11 14:56:42+00:00,115.83833333333332,1.0,0.0,1.0,0.0
2014-09-11 14:56:48+00:00,115.71999999999998,1.0,0.0,0.0,0.0
2014-09-11 14:56:54+00:00,115.94333333333333,1.0,0.0,1.0,0.0
2014-09-11 14:57:00+00:00,115.74000000000001,1.0,0.0,1.0,0.0
2014-09-11 14:57:06+00:00,116.11666666666667,0.0,0.0,1.0,0.0
2014-09-11 14:57:12+00:00,115.92,1.0,0.0,1.0,0.0
2014-09-11 14:57:18+00:00,115.97833333333334,1.0,0.0,1.0,0.0
2014-09-11 14:57:24+00:00,116.005,1.0,0.0,1.0,0.0
2014-09-11 14:57:30+00:00,115.77666666666666,1.0,0.0,1.0,0.0
2014-09-11 14:57:36+00:00,115.91833333333334,1.0,0.0,1.0,0.0
2014-09-11 14:57:42+00:00,115.665,1.0,0.0,0.0,0.0
2014-09-11 14:57:48+00:00,115.52666666666669,1.0,0.0,1.0,0.0
2014-09-11 14:57:54+00:00,115.09500000000001,0.0,0.0,1.0,0.0
2014-09-11 14:58:00+00:00,115.11666666666667,1.0,0.0,1.0,0.0
2014-09-11 14:58:06+00:00,115.13166666666666,1.0,0.0,0.0,0.0
2014-09-11 14:58:12+00:00,115.19666666666667,0.0,0.0,1.0,0.0
2014-09-11 14:58:18+00:00,115.60000000000001,1.0,0.0,1.0,0.0
2014-09-11 14:58:24+00:00,115.37333333333333,1.0,0.0,1.0,0.0
2014-09-11 14:58:30+00:00,115.31166666666667,1.0,0.0,1.0,0.0
2014-09-11 14:58:36+00:00,114.94333333333333,1.0,0.0,1.0,0.0
2014-09-11 14:58:42+00:00,115.21499999999999,1.0,0.0,1.0,0.0
2014-09-11 14:58:48+00:00,115.19,1.0,0.0,0.0,0.0
2014-09-11 14:58:54+00:00,115.35333333333334,0.0,0.0,1.0,0.0
2014-09-11 14:59:00+00:00,331.31333333333333,1.0,0.0,1.0,0.0
2014-09-11 14:59:06+00:00,218.24833333333333,1.0,1402.0,0.0,0.0
2014-09-11 14:59:12+00:00,215.715,1.0,102.0,1.0,0.0
2014-09-11 14:59:18+00:00,214.90833333333333,1.0,99.0,1.0,0.0
2014-09-11 14:59:24+00:00,212.795,1.0,97.0,1.0,0.0
2014-09-11 14:59:30+00:00,212.29999999999998,1.0,95.0,1.0,0.0
2014-09-11 14:59:36+00:00,210.88166666666666,0.0,95.0,1.0,0.0
2014-09-11 14:59:42+00:00,209.69833333333335,1.0,93.0,1.0,0.0
2014-09-11 14:59:48+00:00,208.42666666666665,1.0,0.0,1.0,0.0
2014-09-11 14:59:54+00:00,208.07833333333335,1.0,93.0,1.0,0.0
2014-09-11 15:00:00+00:00,207.03833333333333,1.0,91.0,1.0,0.0
2014-09-11 15:00:06+00:00,206.01,1.0,89.0,0.0,0.0
2014-09-11 15:00:12+00:00,205.59666666666666,0.0,88.0,1.0,0.0
2014-09-11 15:00:18+00:00,205.73666666666668,1.0,88.0,1.0,0.0
2014-09-11 15:00:24+00:00,205.26833333333335,1.0,89.0,1.0,0.0
2014-09-11 15:00:30+00:00,205.12666666666667,1.0,0.0,1.0,0.0
2014-09-11 15:00:36+00:00,205.68666666666664,1.0,88.0,1.0,0.0
2014-09-11 15:00:42+00:00,205.4416666666667,1.0,88.0,1.0,0.0
2014-09-11 15:00:48+00:00,205.79833333333332,1.0,88.0,1.0,0.0
2014-09-11 15:00:54+00:00,207.21666666666667,1.0,89.0,1.0,0.0
2014-09-11 15:01:00+00:00,207.08166666666668,1.0,90.0,0.0,0.0
2014-09-11 15:01:06+00:00,207.47666666666666,0.0,89.0,1.0,0.0
2014-09-11 15:01:12+00:00,207.37333333333333,1.0,0.0,1.0,0.0
2014-09-11 15:01:18+00:00,206.8083333333333,1.0,89.0,0.0,0.0
2014-09-11 15:01:24+00:00,207.5,0.0,90.0,1.0,0.0
2014-09-11 15:01:30+00:00,207.01333333333332,1.0,0.0,1.0,0.0
2014-09-11 15:01:36+00:00,206.64666666666668,1.0,89.0,1.0,0.0
2014-09-11 15:01:42+00:00,206.94500000000002,1.0,89.0,1.0,0.0
2014-09-11 15:01:48+00:00,206.74666666666667,1.0,89.0,1.0,0.0
2014-09-11 15:01:54+00:00,206.61166666666668,1.0,89.0,0.0,0.0
2014-09-11 15:02:00+00:00,206.70166666666668,0.0,89.0,1.0,0.0
2014-09-11 15:02:06+00:00,206.31499999999997,1.0,0.0,1.0,0.0
2014-09-11 15:02:12+00:00,206.8033333333333,1.0,89.0,0.0,0.0
2014-09-11 15:02:18+00:00,206.66333333333333,1.0,89.0,1.0,0.0
2014-09-11 15:02:24+00:00,205.29,1.0,88.0,1.0,0.0
2014-09-11 15:02:30+00:00,205.87333333333333,1.0,88.0,1.0,0.0
2014-09-11 15:02:36+00:00,205.83833333333334,1.0,88.0,1.0,0.0
2014-09-11 15:02:42+00:00,205.62,1.0,88.0,1.0,0.0
2014-09-11 15:02:48+00:00,205.70333333333335,1.0,88.0,1.0,0.0
2014-09-11 15:02:54+00:00,205.01999999999998,1.0,88.0,1.0,0.0
2014-09-11 15:03:00+00:00,205.12,0.0,88.0,1.0,0.0
2014-09-11 15:03:06+00:00,204.78166666666667,1.0,0.0,1.0,0.0
2014-09-11 15:03:12+00:00,204.75833333333333,1.0,88.0,1.0,0.0
2014-09-11 15:03:18+00:00,204.59,1.0,87.0,1.0,0.0
2014-09-11 15:03:24+00:00,204.54333333333332,1.0,88.0,1.0,0.0
2014-09-11 15:03:30+00:00,204.4316666666667,1.0,88.0,1.0,0.0
2014-09-11 15:03:36+00:00,204.415,1.0,88.0,0.0,0.0
2014-09-11 15:03:42+00:00,203.91166666666666,1.0,87.0,1.0,0.0
2014-09-11 15:03:48+00:00,203.79666666666665,0.0,87.0,1.0,0.0
2014-09-11 15:03:54+00:00,203.97166666666666,1.0,0.0,1.0,0.0
2014-09-11 15:04:00+00:00,204.385,1.0,88.0,1.0,0.0
2014-09-11 15:04:06+00:00,203.78666666666666,1.0,87.0,1.0,0.0
2014-09-11 15:04:12+00:00,203.95333333333335,1.0,87.0,1.0,0.0
2014-09-11 15:04:18+00:00,203.6833333333333,1.0,86.0,1.0,0.0
2014-09-11 15:04:24+00:00,203.78166666666667,1.0,87.0,1.0,0.0
2014-09-11 15:04:30+00:00,204.01999999999998,1.0,87.0,1.0,0.0
2014-09-11 15:04:36+00:00,204.0583333333333,1.0,87.0,1.0,0.0
2014-09-11 15:04:42+00:00,203.58333333333334,1.0,87.0,0.0,0.0
2014-09-11 15:04:48+00:00,204.0716666666667,0.0,0.0,1.0,0.0
2014-09-11 15:04:54+00:00,203.82000000000002,1.0,87.0,1.0,0.0
2014-09-11 15:05:00+00:00,203.795,1.0,86.0,1.0,0.0
2014-09-11 15:05:06+00:00,203.51999999999998,1.0,87.0,1.0,0.0
2014-09-11 15:05:12+00:00,203.08666666666667,1.0,86.0,1.0,0.0
2014-09-11 15:05:18+00:00,202.2733333333333,1.0,87.0,1.0,0.0
2014-09-11 15:05:24+00:00,202.13166666666666,1.0,86.0,1.0,0.0
2014-09-11 15:05:30+00:00,202.06833333333336,1.0,86.0,0.0,0.0
2014-09-11 15:05:36+00:00,202.31166666666664,0.0,86.0,1.0,0.0
2014-09-11 15:05:42+00:00,202.76,1.0,86.0,1.0,0.0
2014-09-11 15:05:48+00:00,201.73166666666668,1.0,86.0,1.0,0.0
2014-09-11 15:05:54+00:00,202.87333333333333,1.0,86.0,1.0,0.0
2014-09-11 15:06:00+00:00,202.64499999999998,1.0,0.0,1.0,0.0
2014-09-11 15:06:06+00:00,202.71666666666667,1.0,86.0,1.0,0.0
2014-09-11 15:06:12+00:00,202.82000000000002,1.0,85.0,0.0,0.0
2014-09-11 15:06:18+00:00,202.74166666666667,0.0,0.0,1.0,0.0
2014-09-11 15:06:24+00:00,203.17,1.0,85.0,1.0,0.0
2014-09-11 15:06:30+00:00,203.1,1.0,86.0,1.0,0.0
2014-09-11 15:06:36+00:00,201.71333333333334,1.0,86.0,0.0,0.0
2014-09-11 15:06:42+00:00,202.92666666666665,1.0,85.0,1.0,0.0
2014-09-11 15:06:48+00:00,202.84,1.0,85.0,1.0,0.0
2014-09-11 15:06:54+00:00,203.27833333333334,1.0,86.0,1.0,0.0
2014-09-11 15:07:00+00:00,202.8116666666667,0.0,0.0,1.0,0.0
2014-09-11 15:07:06+00:00,202.38833333333332,1.0,86.0,1.0,0.0
2014-09-11 15:07:12+00:00,202.48,1.0,85.0,0.0,0.0
2014-09-11 15:07:18+00:00,202.68500000000003,1.0,85.0,1.0,0.0
2014-09-11 15:07:24+00:00,202.61166666666668,1.0,85.0,1.0,0.0
2014-09-11 15:07:30+00:00,202.14,1.0,85.0,1.0,0.0
2014-09-11 15:07:36+00:00,202.11333333333334,0.0,85.0,1.0,0.0
2014-09-11 15:07:42+00:00,202.495,1.0,0.0,1.0,0.0
2014-09-11 15:07:48+00:00,202.61166666666668,1.0,85.0,1.0,0.0
2014-09-11 15:07:54+00:00,202.13166666666666,1.0,84.0,0.0,0.0
2014-09-11 15:08:00+00:00,201.965,0.0,0.0,1.0,0.0
2014-09-11 15:08:06+00:00,203.045,1.0,85.0,1.0,0.0
2014-09-11 15:08:12+00:00,249.785,1.0,85.0,0.0,0.0
2014-09-11 15:08:18+00:00,248.40666666666667,1.0,85.0,1.0,0.0
2014-09-11 15:08:24+00:00,824.77,0.0,84.0,1.0,0.0
2014-09-11 15:08:30+00:00,2728.153333333333,1.0,84.0,1.0,0.0
2014-09-11 15:08:36+00:00,2692.3633333333332,1.0,85.0,1.0,0.0
2014-09-11 15:08:42+00:00,2685.715,1.0,85.0,1.0,0.0
2014-09-11 15:08:48+00:00,2701.32,1.0,0.0,1.0,0.0
2014-09-11 15:08:54+00:00,2680.565,1.0,85.0,1.0,0.0
2014-09-11 15:09:00+00:00,2678.9183333333335,1.0,84.0,1.0,0.0
2014-09-11 15:09:06+00:00,2683.5833333333335,1.0,86.0,1.0,0.0
2014-09-11 15:09:12+00:00,2680.525,1.0,83.0,1.0,0.0
2014-09-11 15:09:18+00:00,2693.155,1.0,84.0,1.0,0.0
2014-09-11 15:09:24+00:00,2692.2616666666668,1.0,84.0,0.0,0.0
2014-09-11 15:09:30+00:00,2688.105,1.0,84.0,1.0,0.0
2014-09-11 15:09:36+00:00,2695.1233333333334,1.0,84.0,1.0,0.0
2014-09-11 15:09:42+00:00,2701.9266666666667,1.0,83.0,1.0,0.0
2014-09-11 15:09:48+00:00,2709.5316666666668,0.0,84.0,1.0,0.0
2014-09-11 15:09:54+00:00,2723.9366666666665,1.0,84.0,1.0,0.0
2014-09-11 15:10:00+00:00,2724.53,1.0,84.0,1.0,0.0
2014-09-11 15:10:06+00:00,2717.891666666667,1.0,0.0,1.0,0.0
2014-09-11 15:10:12+00:00,2628.4266666666667,1.0,83.0,1.0,0.0
2014-09-11 15:10:18+00:00,2624.215,1.0,83.0,1.0,0.0
2014-09-11 15:10:24+00:00,2617.7933333333335,1.0,0.0,0.0,0.0
2014-09-11 15:10:30+00:00,2627.266666666667,0.0,0.0,1.0,0.0
2014-09-11 15:10:36+00:00,2621.318333333333,1.0,0.0,1.0,0.0
2014-09-11 15:10:42+00:00,233.135,1.0,0.0,1.0,0.0
2014-09-11 15:10:48+00:00,196.97,1.0,0.0,1.0,0.0
2014-09-11 15:10:54+00:00,196.70333333333335,1.0,0.0,1.0,0.0
2014-09-11 15:11:00+00:00,196.70333333333335,1.0,0.0,0.0,0.0
2014-09-11 15:11:06+00:00,196.65666666666667,1.0,0.0,1.0,0.0
2014-09-11 15:11:12+00:00,193.64166666666665,1.0,0.0,1.0,0.0
2014-09-11 15:11:18+00:00,191.92333333333332,0.0,0.0,1.0,0.0
2014-09-11 15:11:24+00:00,191.54666666666665,1.0,0.0,1.0,0.0
2014-09-11 15:11:30+00:00,192.32666666666668,1.0,0.0,1.0,0.0
2014-09-11 15:11:36+00:00,191.15666666666667,1.0,0.0,1.0,0.0
2014-09-11 15:11:42+00:00,190.73166666666665,1.0,0.0,1.0,0.0
2014-09-11 15:11:48+00:00,191.21,1.0,0.0,1.0,0.0
2014-09-11 15:11:54+00:00,191.00333333333333,1.0,0.0,0.0,0.0
2014-09-11 15:12:00+00:00,190.94333333333336,0.0,0.0,1.0,0.0
2014-09-11 15:12:06+00:00,191.37166666666667,1.0,0.0,1.0,0.0
2014-09-11 15:12:12+00:00,191.17166666666665,1.0,0.0,1.0,0.0
2014-09-11 15:12:18+00:00,191.35833333333335,1.0,0.0,0.0,0.0
2014-09-11 15:12:24+00:00,192.19333333333336,1.0,0.0,1.0,0.0
2014-09-11 15:12:30+00:00,191.51166666666668,1.0,0.0,1.0,0.0
2014-09-11 15:12:36+00:00,191.72166666666666,0.0,0.0,1.0,0.0
2014-09-11 15:12:42+00:00,192.65666666666667,1.0,0.0,1.0,0.0
2014-09-11 15:12:48+00:00,192.89499999999998,1.0,0.0,0.0,0.0
2014-09-11 15:12:54+00:00,192.30166666666665,1.0,0.0,1.0,0.0
2014-09-11 15:13:00+00:00,192.98333333333335,0.0,0.0,1.0,0.0
2014-09-11 15:13:06+00:00,197.2733333333333,1.0,0.0,1.0,0.0
2014-09-11 15:13:12+00:00,192.505,1.0,17.0,1.0,0.0
2014-09-11 15:13:18+00:00,191.96,1.0,0.0,1.0,0.0
2014-09-11 15:13:24+00:00,152.12,1.0,0.0,0.0,0.0
2014-09-11 15:13:30+00:00,115.67333333333333,0.0,0.0,1.0,0.0
2014-09-11 15:13:36+00:00,115.91666666666667,1.0,0.0,1.0,0.0
2014-09-11 15:13:42+00:00,117.66666666666667,1.0,0.0,1.0,0.0
2014-09-11 15:13:48+00:00,117.52999999999999,1.0,0.0,1.0,0.0
2014-09-11 15:13:54+00:00,117.68166666666667,1.0,0.0,1.0,0.0
2014-09-11 15:14:00+00:00,117.53500000000001,1.0,0.0,0.0,0.0
2014-09-11 15:14:06+00:00,117.46666666666665,0.0,0.0,1.0,0.0
2014-09-11 15:14:12+00:00,117.77,1.0,0.0,1.0,0.0
2014-09-11 15:14:18+00:00,117.5,1.0,0.0,1.0,0.0
2014-09-11 15:14:24+00:00,117.38833333333334,1.0,0.0,1.0,0.0
2014-09-11 15:14:30+00:00,117.30166666666666,1.0,0.0,1.0,0.0
2014-09-11 15:14:36+00:00,117.35333333333334,1.0,0.0,0.0,0.0
2014-09-11 15:14:42+00:00,117.09666666666668,0.0,0.0,1.0,0.0
2014-09-11 15:14:48+00:00,117.22833333333334,1.0,0.0,1.0,0.0
2014-09-11 15:14:54+00:00,117.15499999999999,1.0,0.0,1.0,0.0
2014-09-11 15:15:00+00:00,117.00666666666666,1.0,0.0,1.0,0.0
2014-09-11 15:15:06+00:00,117.20666666666666,1.0,0.0,1.0,0.0
2014-09-11 15:15:12+00:00,117.53333333333335,1.0,0.0,1.0,0.0
2014-09-11 15:15:18+00:00,117.39333333333333,1.0,0.0,0.0,0.0
2014-09-11 15:15:24+00:00,117.575,0.0,0.0,1.0,0.0
2014-09-11 15:15:30+00:00,118.09714285714286,1.0,0.0,1.0,0.0
2014-09-11 15:15:36+00:00,117.824,1.0,0.0,1.0,0.0
2014-09-11 15:15:42+00:00,118.26714285714286,1.0,0.0,1.0,0.0
2014-09-11 15:15:48+00:00,117.93666666666667,1.0,0.0,1.0,0.0
2014-09-11 15:15:54+00:00,117.81666666666666,1.0,0.0,1.0,0.0
2014-09-11 15:16:00+00:00,117.88166666666666,1.0,0.0,0.0,0.0
2014-09-11 15:16:06+00:00,117.31333333333333,0.0,0.0,1.0,0.0
2014-09-11 15:16:12+00:00,117.83833333333332,1.0,0.0,1.0,0.0
2014-09-11 15:16:18+00:00,117.72166666666668,1.0,0.0,1.0,0.0
2014-09-11 15:16:24+00:00,117.7,1.0,0.0,1.0,0.0
2014-09-11 15:16:30+00:00,117.71499999999999,1.0,0.0,1.0,0.0
2014-09-11 15:16:36+00:00,117.71333333333332,1.0,0.0,1.0,0.0
2014-09-11 15:16:42+00:00,117.70666666666666,1.0,0.0,0.0,0.0
2014-09-11 15:16:48+00:00,117.61500000000001,0.0,0.0,1.0,0.0
2014-09-11 15:16:54+00:00,117.47666666666667,1.0,0.0,1.0,0.0
2014-09-11 15:17:00+00:00,117.52999999999999,1.0,0.0,1.0,0.0
2014-09-11 15:17:06+00:00,117.29666666666667,1.0,0.0,0.0,0.0
2014-09-11 15:17:12+00:00,117.59833333333334,1.0,0.0,1.0,0.0
2014-09-11 15:17:18+00:00,117.87,1.0,0.0,1.0,0.0
2014-09-11 15:17:24+00:00,117.99166666666667,1.0,0.0,1.0,0.0
2014-09-11 15:17:30+00:00,117.54,1.0,0.0,1.0,0.0
2014-09-11 15:17:36+00:00,118.185,1.0,0.0,1.0,0.0
2014-09-11 15:17:42+00:00,118.245,0.0,0.0,1.0,0.0
2014-09-11 15:17:48+00:00,118.09166666666665,1.0,0.0,1.0,0.0
2014-09-11 15:17:54+00:00,118.26833333333333,1.0,0.0,1.0,0.0
2014-09-11 15:18:00+00:00,118.02499999999999,1.0,0.0,1.0,0.0
2014-09-11 15:18:06+00:00,117.97500000000001,1.0,0.0,0.0,0.0
2014-09-11 15:18:12+00:00,117.56666666666666,0.0,0.0,1.0,0.0
2014-09-11 15:18:18+00:00,117.37333333333333,1.0,0.0,1.0,0.0
2014-09-11 15:18:24+00:00,117.85333333333334,1.0,0.0,0.0,0.0
2014-09-11 15:18:30+00:00,118.38333333333333,1.0,0.0,1.0,0.0
2014-09-11 15:18:36+00:00,117.56,1.0,0.0,1.0,0.0
2014-09-11 15:18:42+00:00,117.19833333333334,1.0,0.0,1.0,0.0
2014-09-11 15:18:48+00:00,116.99000000000001,1.0,0.0,1.0,0.0
2014-09-11 15:18:54+00:00,117.35166666666667,1.0,0.0,1.0,0.0
2014-09-11 15:19:00+00:00,117.36166666666666,1.0,0.0,1.0,0.0
2014-09-11 15:19:06+00:00,117.375,1.0,0.0,1.0,0.0
2014-09-11 15:19:12+00:00,117.24333333333334,1.0,0.0,1.0,0.0
2014-09-11 15:19:18+00:00,117.25,0.0,0.0,1.0,0.0
2014-09-11 15:19:24+00:00,117.19166666666666,1.0,0.0,1.0,0.0
2014-09-11 15:19:30+00:00,117.31,1.0,0.0,1.0,0.0
2014-09-11 15:19:36+00:00,117.75166666666667,1.0,0.0,1.0,0.0
2014-09-11 15:19:42+00:00,117.25833333333333,1.0,0.0,0.0,0.0
2014-09-11 15:19:48+00:00,117.49833333333333,1.0,0.0,1.0,0.0
2014-09-11 15:19:54+00:00,117.67166666666667,1.0,0.0,1.0,0.0
2014-09-11 15:20:00+00:00,116.88666666666666,0.0,0.0,1.0,0.0
2014-09-11 15:20:06+00:00,116.075,1.0,0.0,1.0,0.0
2014-09-11 15:20:12+00:00,115.45,1.0,0.0,1.0,0.0
2014-09-11 15:20:18+00:00,115.305,1.0,0.0,1.0,0.0
2014-09-11 15:20:24+00:00,114.97833333333334,1.0,0.0,1.0,0.0
2014-09-11 15:20:30+00:00,115.22166666666665,1.0,0.0,0.0,0.0
2014-09-11 15:20:36+00:00,115.39999999999999,1.0,0.0,1.0,0.0
2014-09-11 15:20:42+00:00,115.28666666666668,1.0,0.0,1.0,0.0
2014-09-11 15:20:48+00:00,115.175,0.0,0.0,1.0,0.0
2014-09-11 15:20:54+00:00,114.94666666666667,1.0,0.0,1.0,0.0
2014-09-11 15:21:00+00:00,115.01666666666667,1.0,0.0,1.0,0.0
2014-09-11 15:21:06+00:00,115.15333333333332,1.0,0.0,1.0,0.0
2014-09-11 15:21:12+00:00,115.33666666666666,1.0,0.0,0.0,0.0
2014-09-11 15:21:18+00:00,115.29833333333333,0.0,0.0,1.0,0.0
2014-09-11 15:21:24+00:00,115.20166666666667,1.0,0.0,1.0,0.0
2014-09-11 15:21:30+00:00,115.37833333333333,1.0,0.0,1.0,0.0
2014-09-11 15:21:36+00:00,115.34833333333334,1.0,0.0,1.0,0.0
2014-09-11 15:21:42+00:00,115.77,1.0,0.0,1.0,0.0
2014-09-11 15:21:48+00:00,115.31333333333333,1.0,0.0,1.0,0.0
2014-09-11 15:21:54+00:00,114.96,1.0,0.0,0.0,0.0
2014-09-11 15:22:00+00:00,115.78333333333335,0.0,0.0,1.0,0.0
2014-09-11 15:22:06+00:00,115.95166666666667,1.0,0.0,1.0,0.0
2014-09-11 15:22:12+00:00,115.81,1.0,0.0,1.0,0.0
2014-09-11 15:22:18+00:00,115.85166666666667,1.0,0.0,0.0,0.0
2014-09-11 15:22:24+00:00,115.82833333333333,1.0,0.0,1.0,0.0
2014-09-11 15:22:30+00:00,115.175,0.0,0.0,1.0,0.0
2014-09-11 15:22:36+00:00,116.02333333333333,1.0,0.0,1.0,0.0
2014-09-11 15:22:42+00:00,115.78666666666668,1.0,0.0,1.0,0.0
2014-09-11 15:22:48+00:00,115.41166666666668,1.0,0.0,1.0,0.0
2014-09-11 15:22:54+00:00,115.44166666666666,1.0,0.0,1.0,0.0
2014-09-11 15:23:00+00:00,115.24000000000001,1.0,0.0,1.0,0.0
2014-09-11 15:23:06+00:00,114.71666666666665,1.0,0.0,0.0,0.0
2014-09-11 15:23:12+00:00,115.09666666666668,0.0,0.0,1.0,0.0
2014-09-11 15:23:18+00:00,114.91833333333334,1.0,0.0,1.0,0.0
2014-09-11 15:23:24+00:00,115.105,1.0,0.0,0.0,0.0
2014-09-11 15:23:30+00:00,114.57333333333332,1.0,0.0,1.0,0.0
2014-09-11 15:23:36+00:00,114.66666666666667,0.0,0.0,1.0,0.0
2014-09-11 15:23:42+00:00,114.36333333333333,1.0,0.0,1.0,0.0
2014-09-11 15:23:48+00:00,114.82333333333334,1.0,0.0,1.0,0.0
2014-09-11 15:23:54+00:00,114.94333333333333,1.0,0.0,0.0,0.0
2014-09-11 15:24:00+00:00,115.25666666666666,0.0,0.0,1.0,0.0
2014-09-11 15:24:06+00:00,115.09499999999998,1.0,0.0,1.0,0.0
2014-09-11 15:24:12+00:00,115.05833333333334,1.0,0.0,1.0,0.0
2014-09-11 15:24:18+00:00,114.50166666666667,1.0,0.0,1.0,0.0
2014-09-11 15:24:24+00:00,114.43666666666667,1.0,0.0,0.0,0.0
2014-09-11 15:24:30+00:00,115.25833333333333,1.0,0.0,1.0,0.0
2014-09-11 15:24:36+00:00,115.395,1.0,0.0,1.0,0.0
2014-09-11 15:24:42+00:00,115.21499999999999,0.0,0.0,1.0,0.0
2014-09-11 15:24:48+00:00,114.62,1.0,0.0,1.0,0.0
2014-09-11 15:24:54+00:00,114.575,0.0,0.0,1.0,0.0
2014-09-11 15:25:00+00:00,114.60000000000001,1.0,0.0,1.0,0.0
2014-09-11 15:25:06+00:00,115.07833333333333,1.0,0.0,0.0,0.0
2014-09-11 15:25:12+00:00,114.89999999999999,1.0,0.0,1.0,0.0
2014-09-11 15:25:18+00:00,115.16833333333334,0.0,0.0,1.0,0.0
2014-09-11 15:25:24+00:00,115.38333333333333,1.0,0.0,1.0,0.0
2014-09-11 15:25:30+00:00,115.33166666666666,1.0,0.0,1.0,0.0
2014-09-11 15:25:36+00:00,114.71666666666665,1.0,0.0,1.0,0.0
2014-09-11 15:25:42+00:00,115.03166666666665,1.0,0.0,1.0,0.0
2014-09-11 15:25:48+00:00,115.35333333333334,1.0,0.0,1.0,0.0
2014-09-11 15:25:54+00:00,115.32833333333333,1.0,0.0,0.0,0.0
2014-09-11 15:26:00+00:00,115.27,1.0,0.0,1.0,0.0
2014-09-11 15:26:06+00:00,115.16833333333334,1.0,0.0,1.0,0.0
2014-09-11 15:26:12+00:00,114.35833333333333,1.0,0.0,1.0,0.0
2014-09-11 15:26:18+00:00,114.945,0.0,0.0,1.0,0.0
2014-09-11 15:26:24+00:00,115.03166666666668,1.0,0.0,1.0,0.0
2014-09-11 15:26:30+00:00,114.87166666666667,1.0,0.0,1.0,0.0
2014-09-11 15:26:36+00:00,114.82833333333333,1.0,0.0,0.0,0.0
2014-09-11 15:26:42+00:00,114.71499999999999,1.0,0.0,1.0,0.0
2014-09-11 15:26:48+00:00,115.06333333333333,1.0,0.0,1.0,0.0
2014-09-11 15:26:54+00:00,115.24166666666667,0.0,0.0,1.0,0.0
2014-09-11 15:27:00+00:00,115.36833333333334,1.0,0.0,1.0,0.0
2014-09-11 15:27:06+00:00,115.13833333333334,1.0,0.0,1.0,0.0
2014-09-11 15:27:12+00:00,115.16166666666668,1.0,0.0,1.0,0.0
2014-09-11 15:27:18+00:00,115.085,1.0,0.0,1.0,0.0
2014-09-11 15:27:24+00:00,114.79333333333334,1.0,0.0,1.0,0.0
2014-09-11 15:27:30+00:00,115.01166666666667,1.0,0.0,0.0,0.0
2014-09-11 15:27:36+00:00,114.71833333333332,0.0,0.0,1.0,0.0
2014-09-11 15:27:42+00:00,115.05166666666666,1.0,0.0,1.0,0.0
2014-09-11 15:27:48+00:00,115.62,1.0,0.0,1.0,0.0
2014-09-11 15:27:54+00:00,115.04,1.0,0.0,1.0,0.0
2014-09-11 15:28:00+00:00,340.9483333333333,1.0,0.0,1.0,0.0
2014-09-11 15:28:06+00:00,208.68499999999997,1.0,97.0,0.0,0.0
2014-09-11 15:28:12+00:00,209.79666666666665,0.0,93.0,1.0,0.0
2014-09-11 15:28:18+00:00,208.49833333333333,1.0,92.0,1.0,0.0
2014-09-11 15:28:24+00:00,208.17,1.0,0.0,1.0,0.0
2014-09-11 15:28:30+00:00,207.455,1.0,91.0,1.0,0.0
2014-09-11 15:28:36+00:00,206.71333333333334,1.0,91.0,0.0,0.0
2014-09-11 15:28:42+00:00,206.93666666666664,1.0,91.0,1.0,0.0
2014-09-11 15:28:48+00:00,207.16333333333333,1.0,91.0,1.0,0.0
2014-09-11 15:28:54+00:00,206.31500000000003,0.0,90.0,1.0,0.0
2014-09-11 15:29:00+00:00,207.29666666666665,1.0,90.0,1.0,0.0
2014-09-11 15:29:06+00:00,207.49,1.0,0.0,1.0,0.0
2014-09-11 15:29:12+00:00,207.06666666666663,1.0,91.0,1.0,0.0
2014-09-11 15:29:18+00:00,204.69333333333336,1.0,89.0,0.0,0.0
2014-09-11 15:29:24+00:00,203.78833333333333,1.0,89.0,1.0,0.0
2014-09-11 15:29:30+00:00,201.81499999999997,1.0,87.0,1.0,0.0
2014-09-11 15:29:36+00:00,201.54166666666666,1.0,86.0,1.0,0.0
2014-09-11 15:29:42+00:00,201.52166666666668,1.0,84.0,1.0,0.0
2014-09-11 15:29:48+00:00,200.73833333333334,0.0,0.0,1.0,0.0
2014-09-11 15:29:54+00:00,200.5,1.0,84.0,1.0,0.0
2014-09-11 15:30:00+00:00,201.47333333333333,1.0,85.0,0.0,0.0
2014-09-11 15:30:06+00:00,202.19500000000002,1.0,85.0,1.0,0.0
2014-09-11 15:30:12+00:00,202.76333333333332,1.0,86.0,1.0,0.0
2014-09-11 15:30:18+00:00,202.90833333333333,0.0,86.0,1.0,0.0
2014-09-11 15:30:24+00:00,203.42166666666665,1.0,0.0,1.0,0.0
2014-09-11 15:30:30+00:00,202.56333333333336,1.0,88.0,1.0,0.0
2014-09-11 15:30:36+00:00,203.72166666666666,1.0,87.0,0.0,0.0
2014-09-11 15:30:42+00:00,204.10333333333332,0.0,88.0,1.0,0.0
2014-09-11 15:30:48+00:00,204.32833333333335,1.0,0.0,1.0,0.0
2014-09-11 15:30:54+00:00,204.40166666666667,1.0,89.0,1.0,0.0
2014-09-11 15:31:00+00:00,205.26333333333332,1.0,89.0,1.0,0.0
2014-09-11 15:31:06+00:00,205.79999999999998,1.0,89.0,0.0,0.0
2014-09-11 15:31:12+00:00,205.68833333333336,1.0,90.0,1.0,0.0
2014-09-11 15:31:18+00:00,206.63,0.0,90.0,1.0,0.0
2014-09-11 15:31:24+00:00,206.03,1.0,0.0,1.0,0.0
2014-09-11 15:31:30+00:00,206.615,1.0,91.0,1.0,0.0
2014-09-11 15:31:36+00:00,207.00333333333333,1.0,90.0,0.0,0.0
2014-09-11 15:31:42+00:00,208.15333333333334,0.0,91.0,1.0,0.0
2014-09-11 15:31:48+00:00,208.72166666666666,1.0,0.0,1.0,0.0
2014-09-11 15:31:54+00:00,208.37166666666667,1.0,91.0,1.0,0.0
2014-09-11 15:32:00+00:00,208.45166666666668,1.0,92.0,0.0,0.0
2014-09-11 15:32:06+00:00,208.26999999999998,0.0,92.0,1.0,0.0
2014-09-11 15:32:12+00:00,208.28,1.0,92.0,1.0,0.0
2014-09-11 15:32:18+00:00,208.26833333333335,1.0,0.0,1.0,0.0
2014-09-11 15:32:24+00:00,208.705,1.0,92.0,1.0,0.0
2014-09-11 15:32:30+00:00,208.995,1.0,92.0,0.0,0.0
2014-09-11 15:32:36+00:00,208.35833333333335,1.0,92.0,1.0,0.0
2014-09-11 15:32:42+00:00,208.485,0.0,93.0,1.0,0.0
2014-09-11 15:32:48+00:00,208.615,1.0,93.0,1.0,0.0
2014-09-11 15:32:54+00:00,208.6483333333333,0.0,0.0,1.0,0.0
2014-09-11 15:33:00+00:00,208.70833333333334,1.0,92.0,1.0,0.0
2014-09-11 15:33:06+00:00,208.79,1.0,93.0,0.0,0.0
2014-09-11 15:33:12+00:00,208.83,1.0,93.0,1.0,0.0
2014-09-11 15:33:18+00:00,209.21666666666667,0.0,93.0,1.0,0.0
2014-09-11 15:33:24+00:00,210.015,1.0,0.0,1.0,0.0
2014-09-11 15:33:30+00:00,209.88333333333333,1.0,93.0,1.0,0.0
2014-09-11 15:33:36+00:00,209.65166666666664,1.0,93.0,1.0,0.0
2014-09-11 15:33:42+00:00,210.03833333333333,1.0,94.0,1.0,0.0
2014-09-11 15:33:48+00:00,210.65,1.0,93.0,1.0,0.0
2014-09-11 15:33:54+00:00,210.61,1.0,93.0,1.0,0.0
2014-09-11 15:34:00+00:00,210.68166666666664,1.0,93.0,1.0,0.0
2014-09-11 15:34:06+00:00,209.655,1.0,94.0,0.0,0.0
2014-09-11 15:34:12+00:00,209.535,0.0,93.0,1.0,0.0
2014-09-11 15:34:18+00:00,210.015,1.0,0.0,1.0,0.0
2014-09-11 15:34:24+00:00,210.20833333333334,1.0,94.0,1.0,0.0
2014-09-11 15:34:30+00:00,209.85666666666665,1.0,93.0,1.0,0.0
2014-09-11 15:34:36+00:00,209.59833333333336,1.0,93.0,0.0,0.0
2014-09-11 15:34:42+00:00,209.60000000000002,0.0,93.0,1.0,0.0
2014-09-11 15:34:48+00:00,209.90166666666664,1.0,0.0,1.0,0.0
2014-09-11 15:34:54+00:00,209.50166666666667,1.0,93.0,1.0,0.0
2014-09-11 15:35:00+00:00,209.54166666666666,1.0,93.0,0.0,0.0
2014-09-11 15:35:06+00:00,209.29166666666666,1.0,93.0,1.0,0.0
2014-09-11 15:35:12+00:00,209.1916666666667,1.0,92.0,1.0,0.0
2014-09-11 15:35:18+00:00,209.45000000000002,1.0,93.0,1.0,0.0
2014-09-11 15:35:24+00:00,209.56500000000003,1.0,93.0,1.0,0.0
2014-09-11 15:35:30+00:00,209.05499999999998,0.0,0.0,1.0,0.0
2014-09-11 15:35:36+00:00,208.96666666666667,1.0,94.0,1.0,0.0
2014-09-11 15:35:42+00:00,209.29833333333332,1.0,92.0,0.0,0.0
2014-09-11 15:35:48+00:00,209.26166666666666,0.0,92.0,1.0,0.0
2014-09-11 15:35:54+00:00,208.49166666666667,1.0,92.0,1.0,0.0
2014-09-11 15:36:00+00:00,208.60666666666668,1.0,0.0,1.0,0.0
2014-09-11 15:36:06+00:00,209.04666666666665,1.0,92.0,1.0,0.0
2014-09-11 15:36:12+00:00,208.34333333333333,1.0,92.0,1.0,0.0
2014-09-11 15:36:18+00:00,207.6916666666667,1.0,92.0,0.0,0.0
2014-09-11 15:36:24+00:00,207.985,1.0,92.0,1.0,0.0
2014-09-11 15:36:30+00:00,207.67666666666665,0.0,92.0,1.0,0.0
2014-09-11 15:36:36+00:00,208.62,1.0,91.0,1.0,0.0
2014-09-11 15:36:42+00:00,208.05499999999998,1.0,0.0,1.0,0.0
2014-09-11 15:36:48+00:00,207.43499999999997,1.0,92.0,1.0,0.0
2014-09-11 15:36:54+00:00,209.63,1.0,91.0,1.0,0.0
2014-09-11 15:37:00+00:00,255.23166666666668,1.0,91.0,0.0,0.0
2014-09-11 15:37:06+00:00,254.70166666666668,1.0,91.0,1.0,0.0
2014-09-11 15:37:12+00:00,254.33166666666668,1.0,91.0,0.0,0.0
2014-09-11 15:37:18+00:00,253.90166666666667,0.0,0.0,1.0,0.0
2014-09-11 15:37:24+00:00,254.30166666666665,1.0,90.0,1.0,0.0
2014-09-11 15:37:30+00:00,254.80833333333337,1.0,90.0,0.0,0.0
2014-09-11 15:37:36+00:00,254.69333333333336,1.0,90.0,1.0,0.0
2014-09-11 15:37:42+00:00,255.16666666666666,0.0,90.0,1.0,0.0
2014-09-11 15:37:48+00:00,254.48166666666665,1.0,0.0,1.0,0.0
2014-09-11 15:37:54+00:00,254.71,1.0,90.0,1.0,0.0
2014-09-11 15:38:00+00:00,254.57500000000002,1.0,90.0,0.0,0.0
2014-09-11 15:38:06+00:00,254.72833333333335,1.0,90.0,1.0,0.0
2014-09-11 15:38:12+00:00,253.92166666666665,0.0,90.0,1.0,0.0
2014-09-11 15:38:18+00:00,254.1016666666667,1.0,0.0,1.0,0.0
2014-09-11 15:38:24+00:00,253.9157142857143,1.0,90.0,1.0,0.0
2014-09-11 15:38:30+00:00,253.94400000000002,1.0,90.0,1.0,0.0
2014-09-11 15:38:36+00:00,254.74142857142857,1.0,90.0,1.0,0.0
2014-09-11 15:38:42+00:00,254.856,1.0,91.0,0.0,0.0
2014-09-11 15:38:48+00:00,253.78428571428572,1.0,90.0,1.0,0.0
2014-09-11 15:38:54+00:00,253.47000000000003,0.0,90.0,1.0,0.0
2014-09-11 15:39:00+00:00,253.20333333333335,1.0,0.0,1.0,0.0
2014-09-11 15:39:06+00:00,253.22166666666666,1.0,90.0,1.0,0.0
2014-09-11 15:39:12+00:00,252.99666666666667,1.0,90.0,0.0,0.0
2014-09-11 15:39:18+00:00,254.01166666666666,0.0,90.0,1.0,0.0
2014-09-11 15:39:24+00:00,253.62166666666667,1.0,90.0,1.0,0.0
2014-09-11 15:39:30+00:00,253.90166666666667,1.0,90.0,1.0,0.0
2014-09-11 15:39:36+00:00,253.405,1.0,0.0,1.0,0.0
2014-09-11 15:39:42+00:00,253.39,1.0,90.0,1.0,0.0
2014-09-11 15:39:48+00:00,253.81500000000003,1.0,90.0,0.0,0.0
2014-09-11 15:39:54+00:00,253.50666666666666,1.0,90.0,1.0,0.0
2014-09-11 15:40:00+00:00,222.885,1.0,90.0,1.0,0.0
2014-09-11 15:40:06+00:00,206.42333333333332,0.0,90.0,1.0,0.0
2014-09-11 15:40:12+00:00,206.14666666666665,1.0,0.0,1.0,0.0
2014-09-11 15:40:18+00:00,206.67,1.0,90.0,1.0,0.0
2014-09-11 15:40:24+00:00,206.52333333333334,1.0,91.0,1.0,0.0
2014-09-11 15:40:30+00:00,206.55666666666664,1.0,90.0,1.0,0.0
2014-09-11 15:40:36+00:00,206.70666666666668,1.0,90.0,1.0,0.0
2014-09-11 15:40:42+00:00,207.30166666666665,1.0,90.0,1.0,0.0
2014-09-11 15:40:48+00:00,205.39166666666665,1.0,90.0,1.0,0.0
2014-09-11 15:40:54+00:00,205.18999999999997,1.0,89.0,0.0,0.0
2014-09-11 15:41:00+00:00,205.775,1.0,90.0,1.0,0.0
2014-09-11 15:41:06+00:00,206.45333333333335,1.0,90.0,1.0,0.0
2014-09-11 15:41:12+00:00,206.64166666666665,1.0,90.0,1.0,0.0
2014-09-11 15:41:18+00:00,205.98000000000002,0.0,0.0,1.0,0.0
2014-09-11 15:41:24+00:00,206.24333333333334,1.0,90.0,1.0,0.0
2014-09-11 15:41:30+00:00,210.77833333333334,1.0,90.0,1.0,0.0
2014-09-11 15:41:36+00:00,224.10166666666666,1.0,107.0,0.0,0.0
2014-09-11 15:41:42+00:00,208.41833333333332,0.0,108.0,1.0,0.0
2014-09-11 15:41:48+00:00,207.08833333333334,1.0,0.0,1.0,0.0
2014-09-11 15:41:54+00:00,206.87333333333333,1.0,90.0,0.0,0.0
2014-09-11 15:42:00+00:00,207.8166666666667,1.0,91.0,1.0,0.0
2014-09-11 15:42:06+00:00,207.88333333333333,1.0,90.0,1.0,0.0
2014-09-11 15:42:12+00:00,207.005,1.0,91.0,1.0,0.0
2014-09-11 15:42:18+00:00,207.13,1.0,90.0,1.0,0.0
2014-09-11 15:42:24+00:00,206.96,0.0,91.0,1.0,0.0
2014-09-11 15:42:30+00:00,207.6816666666667,1.0,0.0,1.0,0.0
2014-09-11 15:42:36+00:00,207.5666666666667,1.0,91.0,1.0,0.0
2014-09-11 15:42:42+00:00,207.405,1.0,90.0,1.0,0.0
2014-09-11 15:42:48+00:00,207.55166666666665,1.0,91.0,0.0,0.0
2014-09-11 15:42:54+00:00,206.76666666666665,1.0,91.0,1.0,0.0
2014-09-11 15:43:00+00:00,207.26333333333332,1.0,91.0,1.0,0.0
2014-09-11 15:43:06+00:00,207.4283333333333,1.0,91.0,1.0,0.0
2014-09-11 15:43:12+00:00,206.68500000000003,0.0,91.0,1.0,0.0
2014-09-11 15:43:18+00:00,207.48833333333334,1.0,0.0,1.0,0.0
2014-09-11 15:43:24+00:00,207.48666666666668,1.0,90.0,1.0,0.0
2014-09-11 15:43:30+00:00,207.76333333333332,1.0,91.0,0.0,0.0
2014-09-11 15:43:36+00:00,207.90333333333334,1.0,92.0,1.0,0.0
2014-09-11 15:43:42+00:00,206.9766666666667,1.0,92.0,1.0,0.0
2014-09-11 15:43:48+00:00,206.61,1.0,90.0,1.0,0.0
2014-09-11 15:43:54+00:00,206.49333333333334,0.0,0.0,1.0,0.0
2014-09-11 15:44:00+00:00,206.87833333333333,1.0,91.0,1.0,0.0
2014-09-11 15:44:06+00:00,206.485,1.0,91.0,0.0,0.0
2014-09-11 15:44:12+00:00,207.42333333333332,0.0,91.0,1.0,0.0
2014-09-11 15:44:18+00:00,207.13666666666666,1.0,0.0,1.0,0.0
2014-09-11 15:44:24+00:00,206.88,1.0,91.0,1.0,0.0
2014-09-11 15:44:30+00:00,206.8083333333333,1.0,91.0,0.0,0.0
2014-09-11 15:44:36+00:00,207.12666666666667,0.0,0.0,1.0,0.0
2014-09-11 15:44:42+00:00,207.41166666666666,1.0,90.0,1.0,0.0
2014-09-11 15:44:48+00:00,207.55666666666664,1.0,91.0,0.0,0.0
2014-09-11 15:44:54+00:00,207.1966666666667,1.0,90.0,1.0,0.0
2014-09-11 15:45:00+00:00,206.74,1.0,91.0,1.0,0.0
2014-09-11 15:45:06+00:00,206.20333333333335,1.0,91.0,1.0,0.0
2014-09-11 15:45:12+00:00,206.63833333333332,1.0,90.0,1.0,0.0
2014-09-11 15:45:18+00:00,206.3166666666667,1.0,91.0,1.0,0.0
2014-09-11 15:45:24+00:00,207.04,0.0,91.0,1.0,0.0
2014-09-11 15:45:30+00:00,206.915,1.0,0.0,1.0,0.0
2014-09-11 15:45:36+00:00,206.43833333333336,1.0,91.0,1.0,0.0
2014-09-11 15:45:42+00:00,207.08666666666667,1.0,91.0,0.0,0.0
2014-09-11 15:45:48+00:00,207.00666666666666,1.0,90.0,1.0,0.0
2014-09-11 15:45:54+00:00,206.59333333333333,0.0,91.0,1.0,0.0
2014-09-11 15:46:00+00:00,206.79833333333332,1.0,0.0,1.0,0.0
2014-09-11 15:46:06+00:00,206.71666666666667,1.0,91.0,1.0,0.0
2014-09-11 15:46:12+00:00,206.03,1.0,91.0,0.0,0.0
2014-09-11 15:46:18+00:00,206.37833333333333,1.0,91.0,1.0,0.0
2014-09-11 15:46:24+00:00,207.33166666666668,1.0,90.0,1.0,0.0
2014-09-11 15:46:30+00:00,207.09166666666667,1.0,91.0,1.0,0.0
2014-09-11 15:46:36+00:00,206.60833333333335,0.0,91.0,1.0,0.0
2014-09-11 15:46:42+00:00,206.1783333333333,1.0,0.0,1.0,0.0
2014-09-11 15:46:48+00:00,206.51333333333332,1.0,91.0,1.0,0.0
2014-09-11 15:46:54+00:00,206.49166666666667,1.0,90.0,0.0,0.0
2014-09-11 15:47:00+00:00,207.12,1.0,91.0,1.0,0.0
2014-09-11 15:47:06+00:00,206.10833333333335,0.0,90.0,1.0,0.0
2014-09-11 15:47:12+00:00,235.25166666666667,1.0,0.0,1.0,0.0
2014-09-11 15:47:18+00:00,284.14000000000004,1.0,90.0,1.0,0.0
2014-09-11 15:47:24+00:00,283.56666666666666,1.0,91.0,1.0,0.0
2014-09-11 15:47:30+00:00,283.285,1.0,90.0,0.0,0.0
2014-09-11 15:47:36+00:00,284.25,0.0,90.0,1.0,0.0
2014-09-11 15:47:42+00:00,284.735,1.0,91.0,2.0,0.0
2014-09-11 15:47:48+00:00,285.46166666666664,1.0,90.0,1.0,0.0
2014-09-11 15:47:54+00:00,298.62833333333333,1.0,91.0,1.0,0.0
2014-09-11 15:48:00+00:00,301.60833333333335,1.0,0.0,1.0,0.0
2014-09-11 15:48:06+00:00,300.87833333333333,1.0,108.0,1.0,0.0
2014-09-11 15:48:12+00:00,301.65500000000003,1.0,108.0,1.0,0.0
2014-09-11 15:48:18+00:00,290.2816666666667,1.0,108.0,0.0,0.0
2014-09-11 15:48:24+00:00,285.45666666666665,0.0,0.0,1.0,0.0
2014-09-11 15:48:30+00:00,285.5783333333333,1.0,91.0,1.0,0.0
2014-09-11 15:48:36+00:00,284.62333333333333,1.0,91.0,1.0,0.0
2014-09-11 15:48:42+00:00,284.695,1.0,91.0,1.0,0.0
2014-09-11 15:48:48+00:00,285.815,1.0,92.0,1.0,0.0
2014-09-11 15:48:54+00:00,759.975,1.0,92.0,1.0,0.0
2014-09-11 15:49:00+00:00,1918.6983333333335,0.0,92.0,0.0,0.0
2014-09-11 15:49:06+00:00,1906.3016666666665,1.0,91.0,2893.0,0.0
2014-09-11 15:49:12+00:00,1892.345,1.0,0.0,1609.0,0.0
2014-09-11 15:49:18+00:00,1896.95,1.0,92.0,0.0,0.0
2014-09-11 15:49:24+00:00,1896.515,1.0,92.0,1601.0,0.0
2014-09-11 15:49:30+00:00,1898.2083333333333,0.0,0.0,1598.0,0.0
2014-09-11 15:49:36+00:00,1891.7299999999998,1.0,91.0,1591.0,0.0
2014-09-11 15:49:42+00:00,1885.0933333333332,1.0,91.0,1586.0,0.0
2014-09-11 15:49:48+00:00,1882.265,1.0,92.0,0.0,0.0
2014-09-11 15:49:54+00:00,1886.6766666666665,1.0,91.0,1573.0,0.0
2014-09-11 15:50:00+00:00,1884.9216666666669,0.0,0.0,1578.0,0.0
2014-09-11 15:50:06+00:00,1880.6066666666666,1.0,92.0,1591.0,0.0
2014-09-11 15:50:12+00:00,1869.75,1.0,91.0,0.0,0.0
2014-09-11 15:50:18+00:00,1872.3,0.0,91.0,1569.0,0.0
2014-09-11 15:50:24+00:00,1874.1233333333332,1.0,0.0,1579.0,0.0
2014-09-11 15:50:30+00:00,1865.95,1.0,92.0,1570.0,0.0
2014-09-11 15:50:36+00:00,1870.05,1.0,91.0,0.0,0.0
2014-09-11 15:50:42+00:00,1864.5333333333335,1.0,91.0,1566.0,0.0
2014-09-11 15:50:48+00:00,1854.515,0.0,91.0,1567.0,0.0
2014-09-11 15:50:54+00:00,1856.8466666666666,1.0,91.0,1552.0,0.0
2014-09-11 15:51:00+00:00,1851.1766666666665,1.0,91.0,1561.0,0.0
2014-09-11 15:51:06+00:00,1845.42,1.0,0.0,1543.0,0.0
2014-09-11 15:51:12+00:00,1835.305,1.0,91.0,0.0,0.0
2014-09-11 15:51:18+00:00,1829.765,1.0,91.0,1543.0,0.0
2014-09-11 15:51:24+00:00,1825.9366666666667,1.0,91.0,1546.0,0.0
2014-09-11 15:51:30+00:00,1827.9616666666668,1.0,91.0,1535.0,0.0
2014-09-11 15:51:36+00:00,1829.0833333333333,1.0,91.0,1540.0,0.0
2014-09-11 15:51:42+00:00,1817.2749999999999,1.0,91.0,1531.0,0.0
2014-09-11 15:51:48+00:00,1811.3966666666665,1.0,91.0,1510.0,0.0
2014-09-11 15:51:54+00:00,1814.9566666666667,1.0,91.0,1515.0,0.0
2014-09-11 15:52:00+00:00,1811.3283333333331,0.0,0.0,1518.0,0.0
2014-09-11 15:52:06+00:00,1808.5983333333334,1.0,91.0,1506.0,0.0
2014-09-11 15:52:12+00:00,1799.9516666666666,1.0,91.0,0.0,0.0
2014-09-11 15:52:18+00:00,1793.8083333333334,1.0,91.0,1501.0,0.0
2014-09-11 15:52:24+00:00,503.2483333333333,1.0,91.0,1498.0,0.0
2014-09-11 15:52:30+00:00,1760.2733333333333,0.0,91.0,179.0,0.0
2014-09-11 15:52:36+00:00,1793.4566666666667,1.0,0.0,1507.0,0.0
2014-09-11 15:52:42+00:00,1784.1666666666667,1.0,91.0,1489.0,0.0
2014-09-11 15:52:48+00:00,1781.3883333333333,1.0,91.0,1484.0,0.0
2014-09-11 15:52:54+00:00,1782.5,1.0,90.0,1494.0,0.0
2014-09-11 15:53:00+00:00,1778.5983333333334,1.0,91.0,1497.0,0.0
2014-09-11 15:53:06+00:00,1772.3316666666667,1.0,91.0,1476.0,0.0
2014-09-11 15:53:12+00:00,1770.5983333333334,1.0,91.0,0.0,0.0
2014-09-11 15:53:18+00:00,1767.1216666666667,1.0,90.0,1468.0,0.0
2014-09-11 15:53:24+00:00,1759.085,0.0,91.0,1480.0,0.0
2014-09-11 15:53:30+00:00,1756.216666666667,1.0,0.0,1467.0,0.0
2014-09-11 15:53:36+00:00,1756.5566666666666,1.0,91.0,1478.0,0.0
2014-09-11 15:53:42+00:00,1748.8,1.0,90.0,1466.0,0.0
2014-09-11 15:53:48+00:00,1744.3149999999998,1.0,90.0,0.0,0.0
2014-09-11 15:53:54+00:00,1739.11,0.0,91.0,1462.0,0.0
2014-09-11 15:54:00+00:00,1735.7,1.0,91.0,1460.0,0.0
2014-09-11 15:54:06+00:00,1733.5433333333333,1.0,0.0,1450.0,0.0
2014-09-11 15:54:12+00:00,1729.7633333333333,1.0,91.0,1451.0,0.0
2014-09-11 15:54:18+00:00,1723.955,1.0,90.0,0.0,0.0
2014-09-11 15:54:24+00:00,1726.3333333333333,1.0,91.0,1455.0,0.0
2014-09-11 15:54:30+00:00,1731.0816666666667,1.0,91.0,1445.0,0.0
2014-09-11 15:54:36+00:00,1734.96,1.0,90.0,1444.0,0.0
2014-09-11 15:54:42+00:00,1732.175,1.0,91.0,1434.0,0.0
2014-09-11 15:54:48+00:00,1728.2549999999999,0.0,91.0,1443.0,0.0
2014-09-11 15:54:54+00:00,1723.6066666666666,1.0,92.0,1431.0,0.0
2014-09-11 15:55:00+00:00,1719.4983333333332,1.0,92.0,1440.0,0.0
2014-09-11 15:55:06+00:00,1722.125,1.0,93.0,1434.0,0.0
2014-09-11 15:55:12+00:00,1718.3866666666665,1.0,0.0,1421.0,0.0
2014-09-11 15:55:18+00:00,1713.4116666666666,1.0,93.0,1421.0,0.0
2014-09-11 15:55:24+00:00,1713.7783333333334,1.0,92.0,1427.0,0.0
2014-09-11 15:55:30+00:00,1708.1416666666667,1.0,92.0,0.0,0.0
2014-09-11 15:55:36+00:00,1709.575,1.0,92.0,1413.0,0.0
2014-09-11 15:55:42+00:00,1712.55,0.0,0.0,1406.0,0.0
2014-09-11 15:55:48+00:00,1709.8516666666667,1.0,91.0,1414.0,0.0
2014-09-11 15:55:54+00:00,1705.5433333333333,1.0,91.0,0.0,0.0
2014-09-11 15:56:00+00:00,1698.0283333333334,0.0,91.0,1413.0,0.0
2014-09-11 15:56:06+00:00,1693.9766666666667,1.0,91.0,1419.0,0.0
2014-09-11 15:56:12+00:00,1689.0666666666666,1.0,90.0,1399.0,0.0
2014-09-11 15:56:18+00:00,1692.2716666666665,1.0,90.0,1403.0,0.0
2014-09-11 15:56:24+00:00,1691.3966666666665,1.0,0.0,1413.0,0.0
2014-09-11 15:56:30+00:00,1679.1166666666668,1.0,89.0,1389.0,0.0
2014-09-11 15:56:36+00:00,1682.675,1.0,89.0,1404.0,0.0
2014-09-11 15:56:42+00:00,1678.2716666666668,1.0,89.0,1387.0,0.0
2014-09-11 15:56:48+00:00,1672.6066666666666,1.0,89.0,1376.0,0.0
2014-09-11 15:56:54+00:00,1670.8950000000002,1.0,89.0,0.0,0.0
2014-09-11 15:57:00+00:00,1666.6266666666668,0.0,0.0,1382.0,0.0
2014-09-11 15:57:06+00:00,1669.55,1.0,88.0,1381.0,0.0
2014-09-11 15:57:12+00:00,1686.7916666666667,1.0,87.0,1375.0,0.0
2014-09-11 15:57:18+00:00,1739.5249999999999,1.0,87.0,1370.0,0.0
2014-09-11 15:57:24+00:00,923.8916666666665,1.0,87.0,1376.0,0.0
2014-09-11 15:57:30+00:00,1125.4066666666668,1.0,87.0,0.0,0.0
2014-09-11 15:57:36+00:00,1728.5100000000002,0.0,87.0,1339.0,0.0
2014-09-11 15:57:42+00:00,1719.4099999999999,1.0,87.0,1365.0,0.0
2014-09-11 15:57:48+00:00,1723.6666666666667,1.0,87.0,1360.0,0.0
2014-09-11 15:57:54+00:00,1710.2266666666667,1.0,86.0,1361.0,0.0
2014-09-11 15:58:00+00:00,1715.2716666666665,1.0,86.0,1343.0,0.0
2014-09-11 15:58:06+00:00,1714.4483333333335,1.0,0.0,1358.0,0.0
2014-09-11 15:58:12+00:00,1704.365,1.0,86.0,1344.0,0.0
2014-09-11 15:58:18+00:00,1706.7016666666668,1.0,86.0,1349.0,0.0
2014-09-11 15:58:24+00:00,1697.7066666666667,1.0,86.0,1355.0,0.0
2014-09-11 15:58:30+00:00,1704.2833333333335,0.0,85.0,1349.0,0.0
2014-09-11 15:58:36+00:00,1702.635,1.0,85.0,1348.0,0.0
2014-09-11 15:58:42+00:00,1694.2300000000002,1.0,85.0,0.0,0.0
2014-09-11 15:58:48+00:00,1701.6866666666667,1.0,85.0,1342.0,0.0
2014-09-11 15:58:54+00:00,1698.0333333333335,1.0,85.0,1351.0,0.0
2014-09-11 15:59:00+00:00,1696.9583333333333,1.0,85.0,1349.0,0.0
2014-09-11 15:59:06+00:00,1687.2483333333332,1.0,85.0,1355.0,0.0
2014-09-11 15:59:12+00:00,1674.82,0.0,84.0,1348.0,0.0
2014-09-11 15:59:18+00:00,1685.1983333333335,1.0,0.0,1334.0,0.0
2014-09-11 15:59:24+00:00,1680.11,1.0,84.0,1341.0,0.0
2014-09-11 15:59:30+00:00,1682.8550000000002,1.0,84.0,0.0,0.0
2014-09-11 15:59:36+00:00,1685.5349999999999,1.0,84.0,1341.0,0.0
2014-09-11 15:59:42+00:00,1676.5433333333333,1.0,84.0,1333.0,0.0
2014-09-11 15:59:48+00:00,1682.4516666666668,1.0,84.0,1316.0,0.0
2014-09-11 15:59:54+00:00,1605.6983333333335,0.0,83.0,1337.0,0.0
2014-09-11 16:00:00+00:00,1592.3716666666667,1.0,0.0,1312.0,0.0
2014-09-11 16:00:06+00:00,1593.955,1.0,0.0,1332.0,0.0
2014-09-11 16:00:12+00:00,1586.8566666666666,1.0,0.0,1333.0,0.0
2014-09-11 16:00:18+00:00,1594.33,1.0,0.0,1323.0,0.0
2014-09-11 16:00:24+00:00,1588.635,1.0,0.0,1322.0,0.0
2014-09-11 16:00:30+00:00,1596.9066666666668,1.0,0.0,1320.0,0.0
2014-09-11 16:00:36+00:00,1599.7666666666667,1.0,0.0,0.0,0.0
2014-09-11 16:00:42+00:00,1593.0683333333334,1.0,0.0,1331.0,0.0
2014-09-11 16:00:48+00:00,1593.505,1.0,0.0,1315.0,0.0
2014-09-11 16:00:54+00:00,1586.99,0.0,0.0,1314.0,0.0
2014-09-11 16:01:00+00:00,1593.7857142857142,1.0,0.0,1314.0,0.0
2014-09-11 16:01:06+00:00,1598.374,1.0,0.0,1330.0,0.0
2014-09-11 16:01:12+00:00,1591.2514285714285,1.0,0.0,1319.0,0.0
2014-09-11 16:01:18+00:00,1598.1380000000001,1.0,0.0,1332.0,0.0
2014-09-11 16:01:24+00:00,1591.3985714285716,1.0,0.0,1320.0,0.0
2014-09-11 16:01:30+00:00,1593.3383333333334,1.0,0.0,1320.0,0.0
2014-09-11 16:01:36+00:00,1585.9483333333335,1.0,0.0,0.0,0.0
2014-09-11 16:01:42+00:00,1568.3366666666668,1.0,0.0,1321.0,0.0
2014-09-11 16:01:48+00:00,1581.2333333333333,1.0,0.0,1307.0,0.0
2014-09-11 16:01:54+00:00,1575.495,1.0,0.0,1322.0,0.0
2014-09-11 16:02:00+00:00,1579.2299999999998,0.0,0.0,1310.0,0.0
2014-09-11 16:02:06+00:00,1575.075,1.0,0.0,1312.0,0.0
2014-09-11 16:02:12+00:00,1567.71,1.0,0.0,1318.0,0.0
2014-09-11 16:02:18+00:00,1574.4633333333334,1.0,0.0,1310.0,0.0
2014-09-11 16:02:24+00:00,921.8333333333334,0.0,0.0,1305.0,0.0
2014-09-11 16:02:30+00:00,268.96,1.0,0.0,110.0,0.0
2014-09-11 16:02:36+00:00,268.6466666666667,1.0,0.0,0.0,0.0
2014-09-11 16:02:42+00:00,268.8383333333333,1.0,0.0,1.0,0.0
2014-09-11 16:02:48+00:00,269.53833333333336,1.0,0.0,1.0,0.0
2014-09-11 16:02:54+00:00,268.05333333333334,0.0,0.0,1.0,0.0
2014-09-11 16:03:00+00:00,268.95,1.0,0.0,1.0,0.0
2014-09-11 16:03:06+00:00,269.4833333333333,1.0,0.0,1.0,0.0
2014-09-11 16:03:12+00:00,287.75,1.0,0.0,1.0,0.0
2014-09-11 16:03:18+00:00,317.7766666666667,1.0,0.0,1.0,0.0
2014-09-11 16:03:24+00:00,315.94666666666666,1.0,0.0,0.0,0.0
2014-09-11 16:03:30+00:00,315.40833333333336,1.0,0.0,1.0,0.0
2014-09-11 16:03:36+00:00,315.1933333333333,1.0,0.0,1.0,0.0
2014-09-11 16:03:42+00:00,315.85999999999996,1.0,0.0,1.0,0.0
2014-09-11 16:03:48+00:00,315.58666666666664,0.0,0.0,1.0,0.0
2014-09-11 16:03:54+00:00,320.2133333333333,1.0,0.0,1.0,0.0
2014-09-11 16:04:00+00:00,314.37666666666667,1.0,0.0,1.0,0.0
2014-09-11 16:04:06+00:00,257.5183333333334,1.0,0.0,1.0,0.0
2014-09-11 16:04:12+00:00,234.10500000000002,1.0,0.0,1.0,0.0
2014-09-11 16:04:18+00:00,233.76666666666665,1.0,0.0,0.0,0.0
2014-09-11 16:04:24+00:00,233.47166666666666,0.0,0.0,1.0,0.0
2014-09-11 16:04:30+00:00,233.72,1.0,0.0,1.0,0.0
2014-09-11 16:04:36+00:00,234.61333333333334,1.0,0.0,1.0,0.0
2014-09-11 16:04:42+00:00,234.20166666666668,1.0,0.0,1.0,0.0
2014-09-11 16:04:48+00:00,233.54,1.0,0.0,1.0,0.0
2014-09-11 16:04:54+00:00,233.505,1.0,0.0,0.0,0.0
2014-09-11 16:05:00+00:00,233.93999999999997,0.0,0.0,1.0,0.0
2014-09-11 16:05:06+00:00,234.26666666666665,1.0,0.0,1.0,0.0
2014-09-11 16:05:12+00:00,235.04999999999998,1.0,0.0,1.0,0.0
2014-09-11 16:05:18+00:00,234.60333333333335,1.0,0.0,1.0,0.0
2014-09-11 16:05:24+00:00,232.65833333333333,1.0,0.0,1.0,0.0
2014-09-11 16:05:30+00:00,233.06500000000003,1.0,0.0,0.0,0.0
2014-09-11 16:05:36+00:00,233.16833333333332,1.0,0.0,1.0,0.0
2014-09-11 16:05:42+00:00,232.71166666666667,1.0,0.0,1.0,0.0
2014-09-11 16:05:48+00:00,233.045,0.0,0.0,1.0,0.0
2014-09-11 16:05:54+00:00,232.54166666666666,1.0,0.0,1.0,0.0
2014-09-11 16:06:00+00:00,231.625,1.0,0.0,1.0,0.0
2014-09-11 16:06:06+00:00,226.89166666666665,1.0,0.0,1.0,0.0
2014-09-11 16:06:12+00:00,224.2733333333333,1.0,0.0,0.0,0.0
2014-09-11 16:06:18+00:00,224.135,1.0,0.0,1.0,0.0
2014-09-11 16:06:24+00:00,223.8066666666667,0.0,0.0,1.0,0.0
2014-09-11 16:06:30+00:00,223.81500000000003,1.0,0.0,1.0,0.0
2014-09-11 16:06:36+00:00,219.07333333333335,1.0,0.0,1.0,0.0
2014-09-11 16:06:42+00:00,217.43166666666664,1.0,0.0,1.0,0.0
2014-09-11 16:06:48+00:00,217.665,1.0,0.0,1.0,0.0
2014-09-11 16:06:54+00:00,219.02666666666667,1.0,0.0,1.0,0.0
2014-09-11 16:07:00+00:00,209.09833333333336,1.0,0.0,0.0,0.0
2014-09-11 16:07:06+00:00,202.64666666666668,1.0,0.0,1.0,0.0
2014-09-11 16:07:12+00:00,203.50833333333333,0.0,0.0,1.0,0.0
2014-09-11 16:07:18+00:00,203.225,1.0,0.0,1.0,0.0
2014-09-11 16:07:24+00:00,203.79666666666665,1.0,0.0,0.0,0.0
2014-09-11 16:07:30+00:00,203.51166666666666,1.0,0.0,1.0,0.0
2014-09-11 16:07:36+00:00,203.10833333333335,1.0,0.0,1.0,0.0
2014-09-11 16:07:42+00:00,203.68500000000003,1.0,0.0,1.0,0.0
2014-09-11 16:07:48+00:00,203.54666666666665,1.0,0.0,1.0,0.0
2014-09-11 16:07:54+00:00,202.505,0.0,0.0,1.0,0.0
2014-09-11 16:08:00+00:00,202.865,1.0,0.0,1.0,0.0
2014-09-11 16:08:06+00:00,203.25833333333333,1.0,0.0,1.0,0.0
2014-09-11 16:08:12+00:00,203.4766666666667,1.0,0.0,0.0,0.0
2014-09-11 16:08:18+00:00,202.88333333333333,1.0,0.0,1.0,0.0
2014-09-11 16:08:24+00:00,202.635,1.0,0.0,1.0,0.0
2014-09-11 16:08:30+00:00,202.5233333333333,1.0,0.0,1.0,0.0
2014-09-11 16:08:36+00:00,202.56833333333336,1.0,0.0,1.0,0.0
2014-09-11 16:08:42+00:00,202.965,1.0,0.0,1.0,0.0
2014-09-11 16:08:48+00:00,203.04333333333332,0.0,0.0,1.0,0.0
2014-09-11 16:08:54+00:00,203.005,1.0,0.0,1.0,0.0
2014-09-11 16:09:00+00:00,202.82666666666668,1.0,0.0,0.0,0.0
2014-09-11 16:09:06+00:00,202.21,1.0,0.0,1.0,0.0
2014-09-11 16:09:12+00:00,203.63833333333332,0.0,0.0,1.0,0.0
2014-09-11 16:09:18+00:00,203.79833333333332,1.0,0.0,1.0,0.0
2014-09-11 16:09:24+00:00,204.00333333333333,1.0,0.0,1.0,0.0
2014-09-11 16:09:30+00:00,203.58333333333334,1.0,0.0,1.0,0.0
2014-09-11 16:09:36+00:00,203.82500000000002,1.0,0.0,1.0,0.0
2014-09-11 16:09:42+00:00,203.73333333333335,1.0,0.0,1.0,0.0
2014-09-11 16:09:48+00:00,204.00333333333333,1.0,0.0,1.0,0.0
2014-09-11 16:09:54+00:00,203.60333333333332,1.0,0.0,0.0,0.0
2014-09-11 16:10:00+00:00,180.07333333333335,0.0,0.0,1.0,0.0
2014-09-11 16:10:06+00:00,162.845,1.0,0.0,1.0,0.0
2014-09-11 16:10:12+00:00,163.33333333333334,1.0,0.0,1.0,0.0
2014-09-11 16:10:18+00:00,162.84,1.0,0.0,1.0,0.0
2014-09-11 16:10:24+00:00,162.32333333333332,1.0,0.0,0.0,0.0
2014-09-11 16:10:30+00:00,162.52,0.0,0.0,1.0,0.0
2014-09-11 16:10:36+00:00,162.22,1.0,0.0,1.0,0.0
2014-09-11 16:10:42+00:00,162.26333333333335,1.0,0.0,0.0,0.0
2014-09-11 16:10:48+00:00,162.65333333333334,1.0,0.0,1.0,0.0
2014-09-11 16:10:54+00:00,162.06666666666666,0.0,0.0,1.0,0.0
2014-09-11 16:11:00+00:00,162.31333333333333,1.0,0.0,1.0,0.0
2014-09-11 16:11:06+00:00,162.235,1.0,0.0,0.0,0.0
2014-09-11 16:11:12+00:00,162.35333333333332,0.0,0.0,1.0,0.0
2014-09-11 16:11:18+00:00,162.585,1.0,0.0,1.0,0.0
2014-09-11 16:11:24+00:00,162.215,1.0,0.0,1.0,0.0
2014-09-11 16:11:30+00:00,161.99,1.0,0.0,1.0,0.0
2014-09-11 16:11:36+00:00,162.04999999999998,1.0,0.0,0.0,0.0
2014-09-11 16:11:42+00:00,161.82500000000002,0.0,0.0,1.0,0.0
2014-09-11 16:11:48+00:00,161.71666666666667,1.0,0.0,1.0,0.0
2014-09-11 16:11:54+00:00,162.04833333333332,1.0,0.0,1.0,0.0
2014-09-11 16:12:00+00:00,162.23666666666668,1.0,0.0,1.0,0.0
2014-09-11 16:12:06+00:00,162.105,1.0,0.0,1.0,0.0
2014-09-11 16:12:12+00:00,162.13,1.0,0.0,1.0,0.0
2014-09-11 16:12:18+00:00,162.41333333333333,1.0,0.0,1.0,0.0
2014-09-11 16:12:24+00:00,162.59833333333333,1.0,0.0,0.0,0.0
2014-09-11 16:12:30+00:00,162.18666666666667,1.0,0.0,1.0,0.0
2014-09-11 16:12:36+00:00,162.08166666666668,0.0,0.0,1.0,0.0
2014-09-11 16:12:42+00:00,161.96166666666667,1.0,0.0,1.0,0.0
2014-09-11 16:12:48+00:00,161.10833333333332,1.0,0.0,0.0,0.0
2014-09-11 16:12:54+00:00,161.85833333333335,1.0,0.0,1.0,0.0
2014-09-11 16:13:00+00:00,167.245,1.0,0.0,1.0,0.0
2014-09-11 16:13:06+00:00,237.53833333333333,1.0,0.0,1.0,0.0
2014-09-11 16:13:12+00:00,238.285,1.0,0.0,1.0,0.0
2014-09-11 16:13:18+00:00,238.49,0.0,0.0,1.0,0.0
2014-09-11 16:13:24+00:00,239.33666666666667,1.0,0.0,1.0,0.0
2014-09-11 16:13:30+00:00,239.98000000000002,1.0,0.0,1.0,0.0
2014-09-11 16:13:36+00:00,239.87833333333333,1.0,0.0,0.0,0.0
2014-09-11 16:13:42+00:00,238.6966666666667,0.0,0.0,1.0,0.0
2014-09-11 16:13:48+00:00,238.16,1.0,0.0,1.0,0.0
2014-09-11 16:13:54+00:00,237.65166666666667,1.0,0.0,1.0,0.0
2014-09-11 16:14:00+00:00,236.47333333333336,1.0,0.0,0.0,0.0
2014-09-11 16:14:06+00:00,237.61166666666668,1.0,0.0,1.0,0.0
2014-09-11 16:14:12+00:00,237.665,0.0,0.0,1.0,0.0
2014-09-11 16:14:18+00:00,236.54333333333332,1.0,0.0,1.0,0.0
2014-09-11 16:14:24+00:00,236.86333333333334,1.0,0.0,1.0,0.0
2014-09-11 16:14:30+00:00,236.81166666666664,1.0,0.0,1.0,0.0
2014-09-11 16:14:36+00:00,237.005,1.0,0.0,1.0,0.0
2014-09-11 16:14:42+00:00,237.125,1.0,0.0,1.0,0.0
2014-09-11 16:14:48+00:00,235.95000000000002,1.0,0.0,1.0,0.0
2014-09-11 16:14:54+00:00,237.51666666666665,1.0,0.0,0.0,0.0
2014-09-11 16:15:00+00:00,238.08,1.0,0.0,1.0,0.0
2014-09-11 16:15:06+00:00,237.31499999999997,0.0,0.0,1.0,0.0
2014-09-11 16:15:12+00:00,236.79666666666665,1.0,0.0,1.0,0.0
2014-09-11 16:15:18+00:00,238.3083333333333,1.0,0.0,0.0,0.0
2014-09-11 16:15:24+00:00,238.1483333333333,1.0,0.0,1.0,0.0
2014-09-11 16:15:30+00:00,237.41333333333333,1.0,0.0,1.0,0.0
2014-09-11 16:15:36+00:00,237.30499999999998,1.0,0.0,1.0,0.0
2014-09-11 16:15:42+00:00,241.3216666666667,0.0,0.0,1.0,0.0
2014-09-11 16:15:48+00:00,254.32333333333335,1.0,0.0,1.0,0.0
2014-09-11 16:15:54+00:00,253.91,1.0,18.0,0.0,0.0
2014-09-11 16:16:00+00:00,254.12333333333333,1.0,17.0,1.0,0.0
2014-09-11 16:16:06+00:00,249.48333333333335,1.0,17.0,1.0,0.0
2014-09-11 16:16:12+00:00,235.95833333333334,1.0,17.0,1.0,0.0
2014-09-11 16:16:18+00:00,235.53666666666666,1.0,0.0,1.0,0.0
2014-09-11 16:16:24+00:00,243.14,1.0,0.0,1.0,0.0
2014-09-11 16:16:30+00:00,254.10833333333335,0.0,17.0,1.0,0.0
2014-09-11 16:16:36+00:00,254.17166666666665,1.0,0.0,1.0,0.0
2014-09-11 16:16:42+00:00,239.205,1.0,17.0,1.0,0.0
2014-09-11 16:16:48+00:00,237.33833333333334,1.0,3.0,0.0,0.0
2014-09-11 16:16:54+00:00,237.97,1.0,0.0,1.0,0.0
2014-09-11 16:17:00+00:00,238.08166666666668,1.0,0.0,1.0,0.0
2014-09-11 16:17:06+00:00,237.38666666666668,0.0,0.0,1.0,0.0
2014-09-11 16:17:12+00:00,238.70666666666668,1.0,0.0,1.0,0.0
2014-09-11 16:17:18+00:00,237.95333333333335,1.0,0.0,1.0,0.0
2014-09-11 16:17:24+00:00,236.915,1.0,0.0,1.0,0.0
2014-09-11 16:17:30+00:00,237.25833333333333,1.0,0.0,1.0,0.0
2014-09-11 16:17:36+00:00,237.35833333333335,1.0,0.0,1.0,0.0
2014-09-11 16:17:42+00:00,238.36666666666667,1.0,0.0,0.0,0.0
2014-09-11 16:17:48+00:00,236.69500000000002,0.0,0.0,1.0,0.0
2014-09-11 16:17:54+00:00,236.1,1.0,0.0,1.0,0.0
2014-09-11 16:18:00+00:00,236.525,1.0,0.0,1.0,0.0
2014-09-11 16:18:06+00:00,235.96,1.0,0.0,0.0,0.0
2014-09-11 16:18:12+00:00,236.44333333333336,0.0,0.0,1.0,0.0
2014-09-11 16:18:18+00:00,278.15333333333336,1.0,0.0,1.0,0.0
2014-09-11 16:18:24+00:00,283.4316666666667,1.0,0.0,1.0,0.0
2014-09-11 16:18:30+00:00,283.5916666666667,1.0,0.0,1.0,0.0
2014-09-11 16:18:36+00:00,284.255,1.0,0.0,1.0,0.0
2014-09-11 16:18:42+00:00,284.90000000000003,1.0,0.0,1.0,0.0
2014-09-11 16:18:48+00:00,283.46166666666664,1.0,0.0,1.0,0.0
2014-09-11 16:18:54+00:00,283.17,1.0,0.0,1.0,0.0
2014-09-11 16:19:00+00:00,282.8383333333333,1.0,0.0,0.0,0.0
2014-09-11 16:19:06+00:00,280.84833333333336,0.0,0.0,1.0,0.0
2014-09-11 16:19:12+00:00,281.97499999999997,1.0,0.0,1.0,0.0
2014-09-11 16:19:18+00:00,281.59,1.0,0.0,0.0,0.0
2014-09-11 16:19:24+00:00,282.12833333333333,1.0,0.0,1.0,0.0
2014-09-11 16:19:30+00:00,283.15333333333336,1.0,0.0,1.0,0.0
2014-09-11 16:19:36+00:00,283.71999999999997,0.0,0.0,1.0,0.0
2014-09-11 16:19:42+00:00,283.96166666666664,1.0,0.0,1.0,0.0
2014-09-11 16:19:48+00:00,283.41833333333335,1.0,0.0,0.0,0.0
2014-09-11 16:19:54+00:00,281.8016666666667,0.0,0.0,1.0,0.0
2014-09-11 16:20:00+00:00,281.905,1.0,0.0,1.0,0.0
2014-09-11 16:20:06+00:00,281.7,1.0,0.0,1.0,0.0
2014-09-11 16:20:12+00:00,283.34999999999997,1.0,0.0,1.0,0.0
2014-09-11 16:20:18+00:00,282.86,1.0,0.0,0.0,0.0
2014-09-11 16:20:24+00:00,282.5566666666667,1.0,0.0,1.0,0.0
2014-09-11 16:20:30+00:00,283.34,0.0,0.0,1.0,0.0
2014-09-11 16:20:36+00:00,282.35999999999996,1.0,0.0,1.0,0.0
2014-09-11 16:20:42+00:00,281.7966666666667,1.0,0.0,1.0,0.0
2014-09-11 16:20:48+00:00,281.75333333333333,1.0,0.0,1.0,0.0
2014-09-11 16:20:54+00:00,282.8183333333333,1.0,0.0,1.0,0.0
2014-09-11 16:21:00+00:00,282.75666666666666,1.0,0.0,1.0,0.0
2014-09-11 16:21:06+00:00,298.18833333333333,1.0,0.0,1.0,0.0
2014-09-11 16:21:12+00:00,291.09666666666664,1.0,17.0,1.0,0.0
2014-09-11 16:21:18+00:00,236.5,1.0,0.0,0.0,0.0
2014-09-11 16:21:24+00:00,236.19333333333336,1.0,0.0,1.0,0.0
2014-09-11 16:21:30+00:00,235.51166666666666,1.0,0.0,1.0,0.0
2014-09-11 16:21:36+00:00,235.5716666666667,1.0,0.0,1.0,0.0
2014-09-11 16:21:42+00:00,235.53166666666667,1.0,0.0,1.0,0.0
2014-09-11 16:21:48+00:00,235.50333333333333,1.0,0.0,1.0,0.0
2014-09-11 16:21:54+00:00,234.9466666666667,0.0,0.0,1.0,0.0
2014-09-11 16:22:00+00:00,235.96333333333334,1.0,0.0,1.0,0.0
2014-09-11 16:22:06+00:00,235.85999999999999,1.0,0.0,1.0,0.0
2014-09-11 16:22:12+00:00,233.91833333333332,1.0,0.0,0.0,0.0
2014-09-11 16:22:18+00:00,232.45000000000002,1.0,0.0,1.0,0.0
2014-09-11 16:22:24+00:00,234.025,1.0,0.0,1.0,0.0
2014-09-11 16:22:30+00:00,234.42166666666665,0.0,0.0,1.0,0.0
2014-09-11 16:22:36+00:00,234.55499999999998,1.0,0.0,1.0,0.0
2014-09-11 16:22:42+00:00,234.65166666666667,1.0,0.0,1.0,0.0
2014-09-11 16:22:48+00:00,235.24,1.0,0.0,0.0,0.0
2014-09-11 16:22:54+00:00,234.31833333333336,1.0,0.0,1.0,0.0
2014-09-11 16:23:00+00:00,234.9433333333333,0.0,0.0,1.0,0.0
2014-09-11 16:23:06+00:00,235.3216666666667,1.0,0.0,1.0,0.0
2014-09-11 16:23:12+00:00,235.09166666666667,1.0,0.0,1.0,0.0
2014-09-11 16:23:18+00:00,235.59,1.0,0.0,1.0,0.0
2014-09-11 16:23:24+00:00,235.88833333333332,1.0,0.0,1.0,0.0
2014-09-11 16:23:30+00:00,235.9433333333333,1.0,0.0,1.0,0.0
2014-09-11 16:23:36+00:00,235.82333333333335,1.0,0.0,1.0,0.0
2014-09-11 16:23:42+00:00,230.06499999999997,1.0,0.0,0.0,0.0
2014-09-11 16:23:48+00:00,204.205,0.0,0.0,1.0,0.0
2014-09-11 16:23:54+00:00,203.72833333333332,1.0,0.0,1.0,0.0
2014-09-11 16:24:00+00:00,203.05666666666664,1.0,0.0,1.0,0.0
2014-09-11 16:24:06+00:00,211.6833333333333,1.0,0.0,1.0,0.0
2014-09-11 16:24:12+00:00,202.295,1.0,16.0,0.0,0.0
2014-09-11 16:24:18+00:00,203.13833333333332,0.0,0.0,1.0,0.0
2014-09-11 16:24:24+00:00,202.955,1.0,0.0,1.0,0.0
2014-09-11 16:24:30+00:00,203.585,1.0,0.0,1.0,0.0
2014-09-11 16:24:36+00:00,203.25166666666667,1.0,0.0,0.0,0.0
2014-09-11 16:24:42+00:00,203.285,0.0,0.0,1.0,0.0
2014-09-11 16:24:48+00:00,202.78285714285715,1.0,0.0,1.0,0.0
2014-09-11 16:24:54+00:00,202.754,1.0,0.0,1.0,0.0
2014-09-11 16:25:00+00:00,203.02142857142857,1.0,0.0,1.0,0.0
2014-09-11 16:25:06+00:00,202.374,1.0,0.0,1.0,0.0
2014-09-11 16:25:12+00:00,202.08714285714285,1.0,0.0,1.0,0.0
2014-09-11 16:25:18+00:00,201.52166666666665,1.0,0.0,0.0,0.0
2014-09-11 16:25:24+00:00,218.85166666666666,1.0,0.0,1.0,0.0
2014-09-11 16:25:30+00:00,220.615,0.0,17.0,1.0,0.0
2014-09-11 16:25:36+00:00,220.455,1.0,17.0,1.0,0.0
2014-09-11 16:25:42+00:00,220.18166666666664,1.0,17.0,1.0,0.0
2014-09-11 16:25:48+00:00,220.48000000000002,1.0,17.0,1.0,0.0
2014-09-11 16:25:54+00:00,221.02166666666668,1.0,17.0,1.0,0.0
2014-09-11 16:26:00+00:00,221.42333333333332,1.0,18.0,1.0,0.0
2014-09-11 16:26:06+00:00,221.715,1.0,18.0,1.0,0.0
2014-09-11 16:26:12+00:00,221.72833333333332,1.0,0.0,1.0,0.0
2014-09-11 16:26:18+00:00,221.16,1.0,17.0,1.0,0.0
2014-09-11 16:26:24+00:00,220.32500000000002,1.0,18.0,1.0,0.0
2014-09-11 16:26:30+00:00,220.54666666666665,1.0,17.0,0.0,0.0
2014-09-11 16:26:36+00:00,220.225,1.0,17.0,1.0,0.0
2014-09-11 16:26:42+00:00,220.17166666666665,0.0,17.0,1.0,0.0
2014-09-11 16:26:48+00:00,220.21,1.0,17.0,1.0,0.0
2014-09-11 16:26:54+00:00,219.98333333333335,1.0,17.0,1.0,0.0
2014-09-11 16:27:00+00:00,220.33666666666667,1.0,0.0,1.0,0.0
2014-09-11 16:27:06+00:00,220.28166666666667,1.0,17.0,1.0,0.0
2014-09-11 16:27:12+00:00,220.01166666666666,1.0,17.0,1.0,0.0
2014-09-11 16:27:18+00:00,219.38333333333333,1.0,17.0,0.0,0.0
2014-09-11 16:27:24+00:00,219.265,1.0,17.0,1.0,0.0
2014-09-11 16:27:30+00:00,218.6916666666667,0.0,0.0,1.0,0.0
2014-09-11 16:27:36+00:00,206.12,1.0,17.0,1.0,0.0
2014-09-11 16:27:42+00:00,202.345,1.0,0.0,0.0,0.0
2014-09-11 16:27:48+00:00,202.63,1.0,0.0,1.0,0.0
2014-09-11 16:27:54+00:00,203.01999999999998,1.0,0.0,1.0,0.0
2014-09-11 16:28:00+00:00,202.79333333333332,1.0,0.0,1.0,0.0
2014-09-11 16:28:06+00:00,201.95166666666668,1.0,0.0,1.0,0.0
2014-09-11 16:28:12+00:00,202.17,0.0,0.0,1.0,0.0
2014-09-11 16:28:18+00:00,209.95666666666668,1.0,0.0,1.0,0.0
2014-09-11 16:28:24+00:00,211.94333333333336,1.0,0.0,1.0,0.0
2014-09-11 16:28:30+00:00,204.035,1.0,17.0,0.0,0.0
2014-09-11 16:28:36+00:00,203.99666666666667,1.0,0.0,1.0,0.0
2014-09-11 16:28:42+00:00,203.50666666666666,0.0,0.0,1.0,0.0
2014-09-11 16:28:48+00:00,203.12,1.0,0.0,1.0,0.0
2014-09-11 16:28:54+00:00,202.90666666666667,1.0,0.0,1.0,0.0
2014-09-11 16:29:00+00:00,202.45666666666668,1.0,0.0,1.0,0.0
2014-09-11 16:29:06+00:00,202.75,1.0,0.0,1.0,0.0
2014-09-11 16:29:12+00:00,203.13166666666666,1.0,0.0,1.0,0.0
2014-09-11 16:29:18+00:00,202.51333333333332,1.0,0.0,1.0,0.0
2014-09-11 16:29:24+00:00,203.275,1.0,0.0,1.0,0.0
2014-09-11 16:29:30+00:00,203.05166666666665,1.0,0.0,1.0,0.0
2014-09-11 16:29:36+00:00,202.91,1.0,0.0,1.0,0.0
2014-09-11 16:29:42+00:00,203.49333333333334,1.0,0.0,0.0,0.0
2014-09-11 16:29:48+00:00,202.96166666666667,0.0,0.0,1.0,0.0
2014-09-11 16:29:54+00:00,203.52166666666665,1.0,0.0,1.0,0.0
2014-09-11 16:30:00+00:00,202.98333333333335,1.0,0.0,0.0,0.0
2014-09-11 16:30:06+00:00,202.84333333333333,0.0,0.0,1.0,0.0
2014-09-11 16:30:12+00:00,202.875,1.0,0.0,1.0,0.0
2014-09-11 16:30:18+00:00,202.83666666666667,1.0,0.0,1.0,0.0
2014-09-11 16:30:24+00:00,202.85666666666668,1.0,0.0,0.0,0.0
2014-09-11 16:30:30+00:00,201.88,1.0,0.0,1.0,0.0
2014-09-11 16:30:36+00:00,202.705,1.0,0.0,1.0,0.0
2014-09-11 16:30:42+00:00,203.67166666666665,0.0,0.0,1.0,0.0
2014-09-11 16:30:48+00:00,202.94000000000003,1.0,0.0,1.0,0.0
2014-09-11 16:30:54+00:00,203.21666666666667,1.0,0.0,1.0,0.0
2014-09-11 16:31:00+00:00,202.70000000000002,1.0,0.0,1.0,0.0
2014-09-11 16:31:06+00:00,202.91833333333332,1.0,0.0,1.0,0.0
2014-09-11 16:31:12+00:00,203.17666666666665,1.0,0.0,1.0,0.0
2014-09-11 16:31:18+00:00,202.72666666666666,1.0,0.0,1.0,0.0
2014-09-11 16:31:24+00:00,202.67666666666665,1.0,0.0,0.0,0.0
2014-09-11 16:31:30+00:00,201.94833333333335,1.0,0.0,1.0,0.0
2014-09-11 16:31:36+00:00,202.03166666666667,0.0,0.0,1.0,0.0
2014-09-11 16:31:42+00:00,203.10166666666666,1.0,0.0,1.0,0.0
2014-09-11 16:31:48+00:00,203.15666666666667,1.0,0.0,1.0,0.0
2014-09-11 16:31:54+00:00,203.10333333333332,1.0,0.0,1.0,0.0
2014-09-11 16:32:00+00:00,203.135,1.0,0.0,1.0,0.0
2014-09-11 16:32:06+00:00,203.4466666666667,1.0,0.0,0.0,0.0
2014-09-11 16:32:12+00:00,203.59666666666666,1.0,0.0,1.0,0.0
2014-09-11 16:32:18+00:00,203.015,1.0,0.0,0.0,0.0
2014-09-11 16:32:24+00:00,203.06499999999997,1.0,0.0,1.0,0.0
2014-09-11 16:32:30+00:00,203.26999999999998,1.0,0.0,1.0,0.0
2014-09-11 16:32:36+00:00,202.31166666666664,0.0,0.0,1.0,0.0
2014-09-11 16:32:42+00:00,202.33,1.0,0.0,1.0,0.0
2014-09-11 16:32:48+00:00,201.64499999999998,1.0,0.0,0.0,0.0
2014-09-11 16:32:54+00:00,202.215,0.0,0.0,1.0,0.0
2014-09-11 16:33:00+00:00,202.58166666666668,1.0,0.0,1.0,0.0
2014-09-11 16:33:06+00:00,204.10333333333332,1.0,0.0,1.0,0.0
2014-09-11 16:33:12+00:00,202.10666666666668,1.0,0.0,1.0,0.0
2014-09-11 16:33:18+00:00,189.93833333333336,1.0,0.0,0.0,0.0
2014-09-11 16:33:24+00:00,189.04666666666665,1.0,0.0,1.0,0.0
2014-09-11 16:33:30+00:00,189.27833333333334,0.0,0.0,1.0,0.0
2014-09-11 16:33:36+00:00,189.41666666666666,1.0,0.0,1.0,0.0
2014-09-11 16:33:42+00:00,189.745,1.0,0.0,1.0,0.0
2014-09-11 16:33:48+00:00,189.98333333333335,1.0,0.0,0.0,0.0
2014-09-11 16:33:54+00:00,190.62,0.0,0.0,1.0,0.0
2014-09-11 16:34:00+00:00,190.835,1.0,0.0,1.0,0.0
2014-09-11 16:34:06+00:00,424.8066666666667,1.0,0.0,1.0,0.0
2014-09-11 16:34:12+00:00,288.9683333333333,1.0,99.0,1.0,0.0
2014-09-11 16:34:18+00:00,287.15333333333336,1.0,0.0,1.0,0.0
2014-09-11 16:34:24+00:00,288.57,1.0,95.0,1.0,0.0
2014-09-11 16:34:30+00:00,287.36,1.0,96.0,0.0,0.0
2014-09-11 16:34:36+00:00,286.76166666666666,0.0,95.0,1.0,0.0
2014-09-11 16:34:42+00:00,287.73333333333335,1.0,94.0,1.0,0.0
2014-09-11 16:34:48+00:00,286.7866666666667,1.0,94.0,1.0,0.0
2014-09-11 16:34:54+00:00,286.7416666666667,1.0,0.0,1.0,0.0
2014-09-11 16:35:00+00:00,286.05833333333334,1.0,94.0,1.0,0.0
2014-09-11 16:35:06+00:00,284.1666666666667,1.0,92.0,0.0,0.0
2014-09-11 16:35:12+00:00,282.4266666666667,1.0,92.0,1.0,0.0
2014-09-11 16:35:18+00:00,280.51166666666666,1.0,90.0,0.0,0.0
2014-09-11 16:35:24+00:00,278.76,1.0,86.0,1.0,0.0
2014-09-11 16:35:30+00:00,278.0466666666667,0.0,0.0,1.0,0.0
2014-09-11 16:35:36+00:00,279.1033333333333,1.0,85.0,1.0,0.0
2014-09-11 16:35:42+00:00,278.74,1.0,86.0,1.0,0.0
2014-09-11 16:35:48+00:00,280.10833333333335,1.0,86.0,1.0,0.0
2014-09-11 16:35:54+00:00,280.76666666666665,1.0,87.0,1.0,0.0
2014-09-11 16:36:00+00:00,279.66,1.0,86.0,1.0,0.0
2014-09-11 16:36:06+00:00,280.53833333333336,1.0,87.0,0.0,0.0
2014-09-11 16:36:12+00:00,281.5516666666667,1.0,88.0,1.0,0.0
2014-09-11 16:36:18+00:00,282.0683333333333,0.0,88.0,1.0,0.0
2014-09-11 16:36:24+00:00,282.0183333333333,1.0,88.0,1.0,0.0
2014-09-11 16:36:30+00:00,282.18333333333334,1.0,0.0,1.0,0.0
2014-09-11 16:36:36+00:00,282.4433333333333,1.0,88.0,1.0,0.0
2014-09-11 16:36:42+00:00,283.0083333333333,1.0,88.0,1.0,0.0
2014-09-11 16:36:48+00:00,282.90000000000003,1.0,90.0,0.0,0.0
2014-09-11 16:36:54+00:00,282.89,1.0,90.0,1.0,0.0
2014-09-11 16:37:00+00:00,283.2416666666667,1.0,89.0,1.0,0.0
2014-09-11 16:37:06+00:00,284.09666666666664,1.0,89.0,1.0,0.0
2014-09-11 16:37:12+00:00,283.09666666666664,0.0,0.0,1.0,0.0
2014-09-11 16:37:18+00:00,282.40000000000003,1.0,89.0,1.0,0.0
2014-09-11 16:37:24+00:00,282.78333333333336,1.0,90.0,1.0,0.0
2014-09-11 16:37:30+00:00,282.35833333333335,1.0,90.0,1.0,0.0
2014-09-11 16:37:36+00:00,282.4433333333333,1.0,90.0,0.0,0.0
2014-09-11 16:37:42+00:00,282.93333333333334,1.0,90.0,1.0,0.0
2014-09-11 16:37:48+00:00,283.3966666666667,1.0,91.0,1.0,0.0
2014-09-11 16:37:54+00:00,283.66333333333336,0.0,91.0,1.0,0.0
2014-09-11 16:38:00+00:00,284.065,1.0,92.0,1.0,0.0
2014-09-11 16:38:06+00:00,283.48833333333334,1.0,0.0,1.0,0.0
2014-09-11 16:38:12+00:00,283.4533333333333,1.0,92.0,1.0,0.0
2014-09-11 16:38:18+00:00,284.635,1.0,92.0,1.0,0.0
2014-09-11 16:38:24+00:00,285.23,1.0,92.0,1.0,0.0
2014-09-11 16:38:30+00:00,285.1333333333333,1.0,92.0,1.0,0.0
2014-09-11 16:38:36+00:00,285.45,1.0,92.0,0.0,0.0
2014-09-11 16:38:42+00:00,286.075,0.0,0.0,1.0,0.0
2014-09-11 16:38:48+00:00,285.59999999999997,1.0,93.0,1.0,0.0
2014-09-11 16:38:54+00:00,286.37333333333333,1.0,92.0,1.0,0.0
2014-09-11 16:39:00+00:00,286.4916666666667,1.0,93.0,1.0,0.0
2014-09-11 16:39:06+00:00,285.555,1.0,92.0,0.0,0.0
2014-09-11 16:39:12+00:00,286.71666666666664,0.0,93.0,1.0,0.0
2014-09-11 16:39:18+00:00,286.37166666666667,1.0,0.0,1.0,0.0
2014-09-11 16:39:24+00:00,285.7916666666667,1.0,92.0,1.0,0.0
2014-09-11 16:39:30+00:00,286.37166666666667,1.0,93.0,1.0,0.0
2014-09-11 16:39:36+00:00,286.62666666666667,1.0,93.0,0.0,0.0
2014-09-11 16:39:42+00:00,286.0916666666667,1.0,93.0,1.0,0.0
2014-09-11 16:39:48+00:00,286.5516666666667,1.0,93.0,1.0,0.0
2014-09-11 16:39:54+00:00,286.2683333333334,1.0,93.0,1.0,0.0
2014-09-11 16:40:00+00:00,286.05833333333334,0.0,93.0,1.0,0.0
2014-09-11 16:40:06+00:00,286.955,1.0,93.0,1.0,0.0
2014-09-11 16:40:12+00:00,286.5183333333333,1.0,93.0,1.0,0.0
2014-09-11 16:40:18+00:00,285.57166666666666,1.0,0.0,1.0,0.0
2014-09-11 16:40:24+00:00,284.6333333333333,1.0,92.0,1.0,0.0
2014-09-11 16:40:30+00:00,284.9316666666667,0.0,93.0,0.0,0.0
2014-09-11 16:40:36+00:00,284.855,1.0,0.0,1.0,0.0
2014-09-11 16:40:42+00:00,284.2366666666667,1.0,93.0,1.0,0.0
2014-09-11 16:40:48+00:00,284.49333333333334,1.0,93.0,0.0,0.0
2014-09-11 16:40:54+00:00,284.925,0.0,93.0,1.0,0.0
2014-09-11 16:41:00+00:00,284.74333333333334,1.0,0.0,1.0,0.0
2014-09-11 16:41:06+00:00,283.5566666666667,2.0,92.0,1.0,0.0
2014-09-11 16:41:12+00:00,283.40833333333336,1.0,92.0,0.0,0.0
2014-09-11 16:41:18+00:00,284.58166666666665,1.0,92.0,1.0,0.0
2014-09-11 16:41:24+00:00,285.2866666666667,1.0,92.0,1.0,0.0
2014-09-11 16:41:30+00:00,285.05,1.0,92.0,1.0,0.0
2014-09-11 16:41:36+00:00,285.54,1.0,92.0,1.0,0.0
2014-09-11 16:41:42+00:00,286.37666666666667,1.0,92.0,1.0,0.0
2014-09-11 16:41:48+00:00,284.80833333333334,0.0,93.0,1.0,0.0
2014-09-11 16:41:54+00:00,285.2583333333333,1.0,92.0,1.0,0.0
2014-09-11 16:42:00+00:00,285.2,1.0,0.0,1.0,0.0
2014-09-11 16:42:06+00:00,284.91833333333335,1.0,91.0,1.0,0.0
2014-09-11 16:42:12+00:00,285.01,1.0,92.0,0.0,0.0
2014-09-11 16:42:18+00:00,285.56166666666667,1.0,92.0,1.0,0.0
2014-09-11 16:42:24+00:00,284.54833333333335,0.0,0.0,1.0,0.0
2014-09-11 16:42:30+00:00,284.68666666666667,1.0,91.0,1.0,0.0
2014-09-11 16:42:36+00:00,284.4633333333333,1.0,91.0,1.0,0.0
2014-09-11 16:42:42+00:00,283.2266666666667,1.0,92.0,1.0,0.0
2014-09-11 16:42:48+00:00,283.51166666666666,1.0,90.0,0.0,0.0
2014-09-11 16:42:54+00:00,283.95166666666665,1.0,91.0,1.0,0.0
2014-09-11 16:43:00+00:00,283.295,1.0,91.0,1.0,0.0
2014-09-11 16:43:06+00:00,284.46166666666664,0.0,91.0,1.0,0.0
2014-09-11 16:43:12+00:00,301.2816666666667,1.0,108.0,1.0,0.0
2014-09-11 16:43:18+00:00,300.50166666666667,1.0,108.0,1.0,0.0
2014-09-11 16:43:24+00:00,284.0316666666667,1.0,91.0,1.0,0.0
2014-09-11 16:43:30+00:00,282.84666666666664,1.0,0.0,1.0,0.0
2014-09-11 16:43:36+00:00,284.03000000000003,1.0,90.0,1.0,0.0
2014-09-11 16:43:42+00:00,284.47,1.0,90.0,1.0,0.0
2014-09-11 16:43:48+00:00,285.07166666666666,1.0,91.0,1.0,0.0
2014-09-11 16:43:54+00:00,285.4983333333333,1.0,90.0,0.0,0.0
2014-09-11 16:44:00+00:00,284.8066666666667,1.0,91.0,1.0,0.0
2014-09-11 16:44:06+00:00,283.73833333333334,1.0,90.0,1.0,0.0
2014-09-11 16:44:12+00:00,284.75666666666666,0.0,89.0,1.0,0.0
2014-09-11 16:44:18+00:00,284.9666666666667,1.0,90.0,1.0,0.0
2014-09-11 16:44:24+00:00,284.2816666666667,1.0,90.0,0.0,0.0
2014-09-11 16:44:30+00:00,283.555,1.0,90.0,1.0,0.0
2014-09-11 16:44:36+00:00,283.4583333333333,1.0,0.0,1.0,0.0
2014-09-11 16:44:42+00:00,284.245,1.0,91.0,0.0,0.0
2014-09-11 16:44:48+00:00,284.1983333333333,0.0,91.0,1.0,0.0
2014-09-11 16:44:54+00:00,284.04,1.0,90.0,0.0,0.0
2014-09-11 16:45:00+00:00,285.14666666666665,0.0,0.0,1.0,0.0
2014-09-11 16:45:06+00:00,284.3333333333333,1.0,91.0,1.0,0.0
2014-09-11 16:45:12+00:00,283.83166666666665,1.0,91.0,0.0,0.0
2014-09-11 16:45:18+00:00,284.4216666666667,0.0,90.0,1.0,0.0
2014-09-11 16:45:24+00:00,284.36,1.0,91.0,1.0,0.0
2014-09-11 16:45:30+00:00,284.99666666666667,1.0,91.0,1.0,0.0
2014-09-11 16:45:36+00:00,284.125,1.0,0.0,1.0,0.0
2014-09-11 16:45:42+00:00,283.75666666666666,1.0,91.0,1.0,0.0
2014-09-11 16:45:48+00:00,284.27666666666664,1.0,90.0,1.0,0.0
2014-09-11 16:45:54+00:00,284.0416666666667,1.0,90.0,0.0,0.0
2014-09-11 16:46:00+00:00,284.68333333333334,1.0,90.0,1.0,0.0
2014-09-11 16:46:06+00:00,284.34166666666664,1.0,90.0,1.0,0.0
2014-09-11 16:46:12+00:00,283.8183333333333,1.0,91.0,1.0,0.0
2014-09-11 16:46:18+00:00,283.63666666666666,0.0,91.0,1.0,0.0
2014-09-11 16:46:24+00:00,283.27833333333336,1.0,90.0,1.0,0.0
2014-09-11 16:46:30+00:00,283.12333333333333,1.0,0.0,1.0,0.0
2014-09-11 16:46:36+00:00,282.63,1.0,90.0,0.0,0.0
2014-09-11 16:46:42+00:00,282.08,1.0,90.0,1.0,0.0
2014-09-11 16:46:48+00:00,282.44,1.0,90.0,1.0,0.0
2014-09-11 16:46:54+00:00,282.1166666666667,1.0,90.0,1.0,0.0
2014-09-11 16:47:00+00:00,282.19166666666666,1.0,90.0,1.0,0.0
2014-09-11 16:47:06+00:00,282.495,1.0,90.0,1.0,0.0
2014-09-11 16:47:12+00:00,282.0116666666667,0.0,0.0,1.0,0.0
2014-09-11 16:47:18+00:00,282.52333333333337,1.0,89.0,1.0,0.0
2014-09-11 16:47:24+00:00,283.36333333333334,1.0,90.0,0.0,0.0
2014-09-11 16:47:30+00:00,282.99833333333333,0.0,90.0,1.0,0.0
2014-09-11 16:47:36+00:00,283.745,1.0,90.0,1.0,0.0
2014-09-11 16:47:42+00:00,283.7733333333333,1.0,90.0,1.0,0.0
2014-09-11 16:47:48+00:00,283.87666666666667,1.0,90.0,1.0,0.0
2014-09-11 16:47:54+00:00,283.7,1.0,0.0,1.0,0.0
2014-09-11 16:48:00+00:00,283.85833333333335,1.0,90.0,1.0,0.0
2014-09-11 16:48:06+00:00,284.40166666666664,1.0,90.0,0.0,0.0
2014-09-11 16:48:12+00:00,283.84,0.0,0.0,1.0,0.0
2014-09-11 16:48:18+00:00,282.96666666666664,1.0,90.0,1.0,0.0
2014-09-11 16:48:24+00:00,283.4483333333333,1.0,90.0,1.0,0.0
2014-09-11 16:48:30+00:00,282.74833333333333,1.0,90.0,0.0,0.0
2014-09-11 16:48:36+00:00,282.57,0.0,91.0,1.0,0.0
2014-09-11 16:48:42+00:00,283.37833333333333,1.0,90.0,1.0,0.0
2014-09-11 16:48:48+00:00,282.69666666666666,1.0,90.0,1.0,0.0
2014-09-11 16:48:54+00:00,282.3616666666667,1.0,0.0,1.0,0.0
2014-09-11 16:49:00+00:00,282.15000000000003,1.0,90.0,1.0,0.0
2014-09-11 16:49:06+00:00,282.51166666666666,1.0,90.0,0.0,0.0
2014-09-11 16:49:12+00:00,282.805,1.0,90.0,1.0,0.0
2014-09-11 16:49:18+00:00,283.30333333333334,2.0,91.0,1.0,0.0
2014-09-11 16:49:24+00:00,282.83666666666664,2.0,90.0,1.0,0.0
2014-09-11 16:49:30+00:00,282.11833333333334,0.0,90.0,1.0,0.0
2014-09-11 16:49:36+00:00,282.77333333333337,1.0,0.0,1.0,0.0
2014-09-11 16:49:42+00:00,283.36833333333334,1.0,90.0,0.0,0.0
2014-09-11 16:49:48+00:00,282.1616666666667,1.0,90.0,1.0,0.0
2014-09-11 16:49:54+00:00,281.8933333333333,0.0,90.0,1.0,0.0
2014-09-11 16:50:00+00:00,282.72166666666664,1.0,90.0,1.0,0.0
2014-09-11 16:50:06+00:00,282.09999999999997,1.0,90.0,1.0,0.0
2014-09-11 16:50:12+00:00,281.5833333333333,1.0,90.0,1.0,0.0
2014-09-11 16:50:18+00:00,281.89000000000004,1.0,0.0,1.0,0.0
2014-09-11 16:50:24+00:00,281.895,1.0,90.0,1.0,0.0
2014-09-11 16:50:30+00:00,282.235,1.0,90.0,0.0,0.0
2014-09-11 16:50:36+00:00,282.2416666666667,1.0,90.0,1.0,0.0
2014-09-11 16:50:42+00:00,281.745,0.0,90.0,1.0,0.0
2014-09-11 16:50:48+00:00,281.965,1.0,90.0,1.0,0.0
2014-09-11 16:50:54+00:00,281.86833333333334,1.0,0.0,1.0,0.0
2014-09-11 16:51:00+00:00,282.4216666666667,1.0,90.0,1.0,0.0
2014-09-11 16:51:06+00:00,282.14666666666665,1.0,90.0,0.0,0.0
2014-09-11 16:51:12+00:00,282.615,1.0,90.0,1.0,0.0
2014-09-11 16:51:18+00:00,282.455,0.0,0.0,1.0,0.0
2014-09-11 16:51:24+00:00,282.4816666666667,1.0,89.0,1.0,0.0
2014-09-11 16:51:30+00:00,282.61,1.0,90.0,1.0,0.0
2014-09-11 16:51:36+00:00,282.185,1.0,90.0,1.0,0.0
2014-09-11 16:51:42+00:00,281.18142857142857,1.0,90.0,1.0,0.0
2014-09-11 16:51:48+00:00,281.55,1.0,90.0,0.0,0.0
2014-09-11 16:51:54+00:00,281.4771428571429,0.0,90.0,1.0,0.0
2014-09-11 16:52:00+00:00,282.858,1.0,90.0,1.0,0.0
2014-09-11 16:52:06+00:00,282.9742857142857,1.0,91.0,1.0,0.0
2014-09-11 16:52:12+00:00,282.435,1.0,90.0,1.0,0.0
2014-09-11 16:52:18+00:00,282.38599999999997,1.0,0.0,1.0,0.0
2014-09-11 16:52:24+00:00,282.7685714285714,1.0,90.0,0.0,0.0
2014-09-11 16:52:30+00:00,282.2,1.0,90.0,1.0,0.0
2014-09-11 16:52:36+00:00,282.16333333333336,0.0,89.0,1.0,0.0
2014-09-11 16:52:42+00:00,282.835,1.0,0.0,1.0,0.0
2014-09-11 16:52:48+00:00,281.3616666666667,1.0,90.0,1.0,0.0
2014-09-11 16:52:54+00:00,282.78000000000003,1.0,90.0,0.0,0.0
2014-09-11 16:53:00+00:00,282.5316666666667,0.0,90.0,1.0,0.0
2014-09-11 16:53:06+00:00,283.12166666666667,1.0,0.0,1.0,0.0
2014-09-11 16:53:12+00:00,283.9766666666667,1.0,90.0,1.0,0.0
2014-09-11 16:53:18+00:00,284.69,1.0,90.0,1.0,0.0
2014-09-11 16:53:24+00:00,284.26666666666665,1.0,90.0,1.0,0.0
2014-09-11 16:53:30+00:00,283.7833333333333,1.0,91.0,1.0,0.0
2014-09-11 16:53:36+00:00,283.68666666666667,1.0,90.0,0.0,0.0
2014-09-11 16:53:42+00:00,283.79333333333335,0.0,90.0,1.0,0.0
2014-09-11 16:53:48+00:00,283.45666666666665,1.0,0.0,1.0,0.0
2014-09-11 16:53:54+00:00,283.45166666666665,1.0,90.0,1.0,0.0
2014-09-11 16:54:00+00:00,283.41833333333335,1.0,90.0,1.0,0.0
2014-09-11 16:54:06+00:00,283.27333333333337,1.0,90.0,1.0,0.0
2014-09-11 16:54:12+00:00,283.2966666666667,1.0,90.0,1.0,0.0
2014-09-11 16:54:18+00:00,282.95,1.0,91.0,1.0,0.0
2014-09-11 16:54:24+00:00,283.66,1.0,90.0,1.0,0.0
2014-09-11 16:54:30+00:00,284.2683333333333,1.0,90.0,0.0,0.0
2014-09-11 16:54:36+00:00,284.01,0.0,90.0,1.0,0.0
2014-09-11 16:54:42+00:00,283.21666666666664,1.0,0.0,1.0,0.0
2014-09-11 16:54:48+00:00,283.0783333333333,1.0,90.0,0.0,0.0
2014-09-11 16:54:54+00:00,283.8566666666666,1.0,90.0,1.0,0.0
2014-09-11 16:55:00+00:00,284.5083333333333,1.0,90.0,1.0,0.0
2014-09-11 16:55:06+00:00,284.54333333333335,1.0,90.0,1.0,0.0
2014-09-11 16:55:12+00:00,283.63,1.0,90.0,1.0,0.0
2014-09-11 16:55:18+00:00,282.87333333333333,0.0,0.0,1.0,0.0
2014-09-11 16:55:24+00:00,283.33166666666665,1.0,91.0,1.0,0.0
2014-09-11 16:55:30+00:00,282.735,1.0,90.0,0.0,0.0
2014-09-11 16:55:36+00:00,283.315,1.0,90.0,1.0,0.0
2014-09-11 16:55:42+00:00,283.575,0.0,91.0,1.0,0.0
2014-09-11 16:55:48+00:00,283.4066666666667,1.0,90.0,1.0,0.0
2014-09-11 16:55:54+00:00,283.03333333333336,1.0,91.0,1.0,0.0
2014-09-11 16:56:00+00:00,282.5683333333333,1.0,90.0,1.0,0.0
2014-09-11 16:56:06+00:00,283.1033333333333,1.0,0.0,1.0,0.0
2014-09-11 16:56:12+00:00,283.165,1.0,90.0,1.0,0.0
2014-09-11 16:56:18+00:00,283.14833333333337,1.0,90.0,0.0,0.0
2014-09-11 16:56:24+00:00,282.89166666666665,0.0,0.0,1.0,0.0
2014-09-11 16:56:30+00:00,282.12,1.0,90.0,1.0,0.0
2014-09-11 16:56:36+00:00,282.9066666666667,1.0,90.0,1.0,0.0
2014-09-11 16:56:42+00:00,283.2183333333333,1.0,90.0,1.0,0.0
2014-09-11 16:56:48+00:00,282.95666666666665,1.0,90.0,1.0,0.0
2014-09-11 16:56:54+00:00,282.77000000000004,1.0,90.0,0.0,0.0
2014-09-11 16:57:00+00:00,282.3933333333333,0.0,91.0,1.0,0.0
2014-09-11 16:57:06+00:00,282.87,1.0,0.0,1.0,0.0
2014-09-11 16:57:12+00:00,282.195,1.0,90.0,1.0,0.0
2014-09-11 16:57:18+00:00,282.60166666666663,1.0,90.0,0.0,0.0
2014-09-11 16:57:24+00:00,283.45666666666665,0.0,90.0,1.0,0.0
2014-09-11 16:57:30+00:00,283.55333333333334,1.0,90.0,1.0,0.0
2014-09-11 16:57:36+00:00,284.22833333333335,1.0,0.0,1.0,0.0
2014-09-11 16:57:42+00:00,283.9016666666667,1.0,90.0,1.0,0.0
2014-09-11 16:57:48+00:00,284.52666666666664,1.0,90.0,1.0,0.0
2014-09-11 16:57:54+00:00,284.74333333333334,1.0,90.0,0.0,0.0
2014-09-11 16:58:00+00:00,283.9483333333333,0.0,0.0,1.0,0.0
2014-09-11 16:58:06+00:00,283.875,1.0,90.0,1.0,0.0
2014-09-11 16:58:12+00:00,284.07666666666665,1.0,90.0,1.0,0.0
2014-09-11 16:58:18+00:00,283.9216666666667,1.0,90.0,0.0,0.0
2014-09-11 16:58:24+00:00,282.60499999999996,1.0,91.0,1.0,0.0
2014-09-11 16:58:30+00:00,281.9483333333333,1.0,90.0,1.0,0.0
2014-09-11 16:58:36+00:00,282.88166666666666,1.0,90.0,1.0,0.0
2014-09-11 16:58:42+00:00,282.7416666666667,0.0,91.0,1.0,0.0
2014-09-11 16:58:48+00:00,281.9533333333333,1.0,0.0,1.0,0.0
2014-09-11 16:58:54+00:00,282.31333333333333,1.0,90.0,1.0,0.0
2014-09-11 16:59:00+00:00,282.135,1.0,90.0,0.0,0.0
2014-09-11 16:59:06+00:00,282.3966666666667,1.0,90.0,1.0,0.0
2014-09-11 16:59:12+00:00,281.84666666666664,1.0,181.0,1.0,0.0
2014-09-11 16:59:18+00:00,281.2583333333334,0.0,90.0,1.0,0.0
2014-09-11 16:59:24+00:00,282.07666666666665,1.0,90.0,1.0,0.0
2014-09-11 16:59:30+00:00,281.16833333333335,1.0,0.0,1.0,0.0
2014-09-11 16:59:36+00:00,280.48,1.0,90.0,1.0,0.0
2014-09-11 16:59:42+00:00,280.68666666666667,1.0,90.0,1.0,0.0
2014-09-11 16:59:48+00:00,280.2966666666667,1.0,90.0,1.0,0.0
2014-09-11 16:59:54+00:00,279.85333333333335,1.0,90.0,0.0,0.0
2014-09-11 17:00:00+00:00,282.40500000000003,1.0,90.0,1.0,0.0
2014-09-11 17:00:06+00:00,282.48,0.0,90.0,1.0,0.0
2014-09-11 17:00:12+00:00,282.82666666666665,1.0,90.0,1.0,0.0
2014-09-11 17:00:18+00:00,282.6166666666667,1.0,0.0,1.0,0.0
2014-09-11 17:00:24+00:00,282.545,1.0,90.0,1.0,0.0
2014-09-11 17:00:30+00:00,283.0516666666667,1.0,90.0,0.0,0.0
2014-09-11 17:00:36+00:00,283.2183333333333,1.0,91.0,1.0,0.0
2014-09-11 17:00:42+00:00,284.11333333333334,1.0,90.0,1.0,0.0
2014-09-11 17:00:48+00:00,284.66833333333335,0.0,0.0,1.0,0.0
2014-09-11 17:00:54+00:00,284.8883333333333,1.0,91.0,1.0,0.0
2014-09-11 17:01:00+00:00,285.59833333333336,0.0,92.0,0.0,0.0
2014-09-11 17:01:06+00:00,285.305,1.0,92.0,1.0,0.0
2014-09-11 17:01:12+00:00,285.89,1.0,0.0,1.0,0.0
2014-09-11 17:01:18+00:00,285.43,1.0,93.0,1.0,0.0
2014-09-11 17:01:24+00:00,285.44666666666666,1.0,93.0,1.0,0.0
2014-09-11 17:01:30+00:00,284.53000000000003,1.0,92.0,1.0,0.0
2014-09-11 17:01:36+00:00,283.075,1.0,92.0,1.0,0.0
2014-09-11 17:01:42+00:00,283.99666666666667,1.0,92.0,1.0,0.0
2014-09-11 17:01:48+00:00,284.02,1.0,92.0,0.0,0.0
2014-09-11 17:01:54+00:00,283.535,1.0,92.0,1.0,0.0
2014-09-11 17:02:00+00:00,283.575,1.0,92.0,1.0,0.0
2014-09-11 17:02:06+00:00,283.4166666666667,1.0,92.0,1.0,0.0
2014-09-11 17:02:12+00:00,283.39166666666665,0.0,91.0,1.0,0.0
2014-09-11 17:02:18+00:00,282.8616666666667,1.0,91.0,1.0,0.0
2014-09-11 17:02:24+00:00,283.19,1.0,0.0,1.0,0.0
2014-09-11 17:02:30+00:00,282.65000000000003,1.0,90.0,1.0,0.0
2014-09-11 17:02:36+00:00,283.25166666666667,1.0,90.0,0.0,0.0
2014-09-11 17:02:42+00:00,283.19,1.0,90.0,1.0,0.0
2014-09-11 17:02:48+00:00,282.7316666666667,0.0,0.0,1.0,0.0
2014-09-11 17:02:54+00:00,283.935,1.0,89.0,1.0,0.0
2014-09-11 17:03:00+00:00,283.90000000000003,1.0,88.0,0.0,0.0
2014-09-11 17:03:06+00:00,283.17833333333334,1.0,89.0,1.0,0.0
2014-09-11 17:03:12+00:00,283.4266666666667,1.0,89.0,1.0,0.0
2014-09-11 17:03:18+00:00,282.5783333333333,1.0,88.0,1.0,0.0
2014-09-11 17:03:24+00:00,282.63166666666666,1.0,88.0,1.0,0.0
2014-09-11 17:03:30+00:00,281.92333333333335,1.0,88.0,1.0,0.0
2014-09-11 17:03:36+00:00,281.88666666666666,1.0,88.0,1.0,0.0
2014-09-11 17:03:42+00:00,282.71666666666664,1.0,88.0,1.0,0.0
2014-09-11 17:03:48+00:00,281.5883333333333,0.0,0.0,1.0,0.0
2014-09-11 17:03:54+00:00,281.02666666666664,1.0,87.0,1.0,0.0
2014-09-11 17:04:00+00:00,280.34166666666664,1.0,87.0,0.0,0.0
2014-09-11 17:04:06+00:00,279.995,1.0,87.0,1.0,0.0
2014-09-11 17:04:12+00:00,254.66666666666666,0.0,87.0,1.0,0.0
2014-09-11 17:04:18+00:00,202.95833333333334,1.0,86.0,1.0,0.0
2014-09-11 17:04:24+00:00,202.75166666666667,1.0,87.0,1.0,0.0
2014-09-11 17:04:30+00:00,202.83,1.0,87.0,1.0,0.0
2014-09-11 17:04:36+00:00,203.86166666666668,1.0,87.0,1.0,0.0
2014-09-11 17:04:42+00:00,203.31000000000003,1.0,0.0,1.0,0.0
2014-09-11 17:04:48+00:00,202.8033333333333,1.0,86.0,1.0,0.0
2014-09-11 17:04:54+00:00,203.25166666666667,1.0,86.0,1.0,0.0
2014-09-11 17:05:00+00:00,202.64,1.0,86.0,0.0,0.0
2014-09-11 17:05:06+00:00,202.17999999999998,1.0,86.0,1.0,0.0
2014-09-11 17:05:12+00:00,202.51166666666666,1.0,85.0,1.0,0.0
2014-09-11 17:05:18+00:00,202.81333333333336,0.0,86.0,1.0,0.0
2014-09-11 17:05:24+00:00,202.58166666666668,1.0,86.0,1.0,0.0
2014-09-11 17:05:30+00:00,201.77,1.0,0.0,1.0,0.0
2014-09-11 17:05:36+00:00,200.89333333333335,1.0,85.0,1.0,0.0
2014-09-11 17:05:42+00:00,200.52666666666667,1.0,85.0,0.0,0.0
2014-09-11 17:05:48+00:00,201.015,1.0,85.0,1.0,0.0
2014-09-11 17:05:54+00:00,201.04999999999998,1.0,85.0,1.0,0.0
2014-09-11 17:06:00+00:00,201.09166666666667,1.0,85.0,1.0,0.0
2014-09-11 17:06:06+00:00,200.49666666666667,1.0,85.0,1.0,0.0
2014-09-11 17:06:12+00:00,201.23499999999999,1.0,85.0,1.0,0.0
2014-09-11 17:06:18+00:00,201.1916666666667,1.0,85.0,1.0,0.0
2014-09-11 17:06:24+00:00,201.26,0.0,85.0,1.0,0.0
2014-09-11 17:06:30+00:00,200.60333333333335,1.0,0.0,1.0,0.0
2014-09-11 17:06:36+00:00,200.27166666666668,1.0,84.0,1.0,0.0
2014-09-11 17:06:42+00:00,200.61666666666667,1.0,85.0,0.0,0.0
2014-09-11 17:06:48+00:00,200.30499999999998,1.0,84.0,1.0,0.0
2014-09-11 17:06:54+00:00,200.125,1.0,84.0,1.0,0.0
2014-09-11 17:07:00+00:00,200.41666666666666,0.0,0.0,1.0,0.0
2014-09-11 17:07:06+00:00,200.25666666666666,1.0,84.0,1.0,0.0
2014-09-11 17:07:12+00:00,200.23166666666665,1.0,85.0,0.0,0.0
2014-09-11 17:07:18+00:00,199.865,0.0,84.0,1.0,0.0
2014-09-11 17:07:24+00:00,199.17499999999998,1.0,0.0,1.0,0.0
2014-09-11 17:07:30+00:00,199.275,1.0,84.0,1.0,0.0
2014-09-11 17:07:36+00:00,199.07833333333335,1.0,84.0,1.0,0.0
2014-09-11 17:07:42+00:00,199.245,1.0,84.0,1.0,0.0
2014-09-11 17:07:48+00:00,199.81833333333336,1.0,84.0,1.0,0.0
2014-09-11 17:07:54+00:00,199.66,1.0,84.0,0.0,0.0
2014-09-11 17:08:00+00:00,200.03833333333333,1.0,84.0,1.0,0.0
2014-09-11 17:08:06+00:00,199.875,1.0,83.0,1.0,0.0
2014-09-11 17:08:12+00:00,199.60333333333332,0.0,0.0,1.0,0.0
2014-09-11 17:08:18+00:00,199.71,1.0,83.0,1.0,0.0
2014-09-11 17:08:24+00:00,199.765,1.0,84.0,0.0,0.0
2014-09-11 17:08:30+00:00,143.05499999999998,1.0,84.0,1.0,0.0
2014-09-11 17:08:36+00:00,115.34166666666665,1.0,84.0,1.0,0.0
2014-09-11 17:08:42+00:00,115.70333333333333,0.0,0.0,1.0,0.0
2014-09-11 17:08:48+00:00,115.48666666666666,1.0,0.0,1.0,0.0
2014-09-11 17:08:54+00:00,115.32333333333334,1.0,0.0,1.0,0.0
2014-09-11 17:09:00+00:00,115.23666666666666,1.0,0.0,0.0,0.0
2014-09-11 17:09:06+00:00,115.33999999999999,1.0,0.0,1.0,0.0
2014-09-11 17:09:12+00:00,115.61500000000001,1.0,0.0,1.0,0.0
2014-09-11 17:09:18+00:00,115.56333333333333,1.0,0.0,1.0,0.0
2014-09-11 17:09:24+00:00,115.3,0.0,0.0,1.0,0.0
2014-09-11 17:09:30+00:00,114.54333333333334,1.0,0.0,1.0,0.0
2014-09-11 17:09:36+00:00,114.875,1.0,0.0,1.0,0.0
2014-09-11 17:09:42+00:00,114.74833333333333,1.0,0.0,1.0,0.0
2014-09-11 17:09:48+00:00,115.22166666666668,1.0,0.0,1.0,0.0
2014-09-11 17:09:54+00:00,115.22666666666667,1.0,0.0,1.0,0.0
2014-09-11 17:10:00+00:00,115.26833333333333,1.0,0.0,0.0,0.0
2014-09-11 17:10:06+00:00,115.295,0.0,0.0,1.0,0.0
2014-09-11 17:10:12+00:00,115.90333333333335,1.0,0.0,1.0,0.0
2014-09-11 17:10:18+00:00,115.45333333333333,1.0,0.0,0.0,0.0
2014-09-11 17:10:24+00:00,115.76166666666667,1.0,0.0,1.0,0.0
2014-09-11 17:10:30+00:00,115.42833333333334,1.0,0.0,1.0,0.0
2014-09-11 17:10:36+00:00,115.33333333333333,1.0,0.0,1.0,0.0
2014-09-11 17:10:42+00:00,115.32,0.0,0.0,1.0,0.0
2014-09-11 17:10:48+00:00,115.27166666666666,1.0,0.0,1.0,0.0
2014-09-11 17:10:54+00:00,115.39833333333333,1.0,0.0,1.0,0.0
2014-09-11 17:11:00+00:00,115.33166666666666,1.0,0.0,1.0,0.0
2014-09-11 17:11:06+00:00,115.38666666666666,1.0,0.0,1.0,0.0
2014-09-11 17:11:12+00:00,115.86666666666667,1.0,0.0,1.0,0.0
2014-09-11 17:11:18+00:00,115.36166666666666,1.0,0.0,1.0,0.0
2014-09-11 17:11:24+00:00,115.11500000000001,1.0,0.0,1.0,0.0
2014-09-11 17:11:30+00:00,115.34833333333334,1.0,0.0,0.0,0.0
2014-09-11 17:11:36+00:00,115.495,1.0,0.0,1.0,0.0
2014-09-11 17:11:42+00:00,115.60333333333334,0.0,0.0,1.0,0.0
2014-09-11 17:11:48+00:00,115.38833333333334,1.0,0.0,1.0,0.0
2014-09-11 17:11:54+00:00,115.21666666666665,1.0,0.0,1.0,0.0
2014-09-11 17:12:00+00:00,115.07833333333333,1.0,0.0,1.0,0.0
2014-09-11 17:12:06+00:00,115.05666666666667,1.0,0.0,0.0,0.0
2014-09-11 17:12:12+00:00,114.86166666666666,0.0,0.0,1.0,0.0
2014-09-11 17:12:18+00:00,115.03500000000001,1.0,0.0,1.0,0.0
2014-09-11 17:12:24+00:00,114.98833333333333,1.0,0.0,1.0,0.0
2014-09-11 17:12:30+00:00,115.07833333333333,1.0,0.0,0.0,0.0
2014-09-11 17:12:36+00:00,115.315,0.0,0.0,1.0,0.0
2014-09-11 17:12:42+00:00,114.945,1.0,0.0,1.0,0.0
2014-09-11 17:12:48+00:00,115.10166666666667,1.0,0.0,1.0,0.0
2014-09-11 17:12:54+00:00,114.58,1.0,0.0,1.0,0.0
2014-09-11 17:13:00+00:00,114.65500000000002,1.0,0.0,1.0,0.0
2014-09-11 17:13:06+00:00,115.11166666666668,1.0,0.0,1.0,0.0
2014-09-11 17:13:12+00:00,114.84833333333334,1.0,0.0,0.0,0.0
2014-09-11 17:13:18+00:00,114.78500000000001,1.0,0.0,1.0,0.0
2014-09-11 17:13:24+00:00,115.0,0.0,0.0,1.0,0.0
2014-09-11 17:13:30+00:00,115.02499999999999,1.0,0.0,1.0,0.0
2014-09-11 17:13:36+00:00,114.85166666666667,1.0,0.0,1.0,0.0
2014-09-11 17:13:42+00:00,114.76666666666667,1.0,0.0,1.0,0.0
2014-09-11 17:13:48+00:00,114.77333333333333,1.0,0.0,1.0,0.0
2014-09-11 17:13:54+00:00,114.62333333333333,1.0,0.0,1.0,0.0
2014-09-11 17:14:00+00:00,114.34333333333332,1.0,0.0,0.0,0.0
2014-09-11 17:14:06+00:00,114.42833333333333,1.0,0.0,1.0,0.0
2014-09-11 17:14:12+00:00,114.45166666666667,1.0,0.0,1.0,0.0
2014-09-11 17:14:18+00:00,114.83999999999999,0.0,0.0,1.0,0.0
2014-09-11 17:14:24+00:00,114.89833333333333,1.0,0.0,1.0,0.0
2014-09-11 17:14:30+00:00,115.08999999999999,1.0,0.0,1.0,0.0
2014-09-11 17:14:36+00:00,115.38499999999999,1.0,0.0,1.0,0.0
2014-09-11 17:14:42+00:00,115.19428571428571,1.0,0.0,0.0,0.0
2014-09-11 17:14:48+00:00,115.23800000000001,0.0,0.0,1.0,0.0
2014-09-11 17:14:54+00:00,115.34285714285714,1.0,0.0,1.0,0.0
2014-09-11 17:15:00+00:00,114.80199999999999,1.0,0.0,1.0,0.0
2014-09-11 17:15:06+00:00,114.69428571428571,1.0,0.0,0.0,0.0
2014-09-11 17:15:12+00:00,114.55833333333334,0.0,0.0,1.0,0.0
2014-09-11 17:15:18+00:00,114.95833333333333,1.0,0.0,1.0,0.0
2014-09-11 17:15:24+00:00,115.42333333333333,1.0,0.0,1.0,0.0
2014-09-11 17:15:30+00:00,115.17833333333334,1.0,0.0,1.0,0.0
2014-09-11 17:15:36+00:00,115.32666666666667,1.0,0.0,0.0,0.0
2014-09-11 17:15:42+00:00,115.23666666666666,0.0,0.0,1.0,0.0
2014-09-11 17:15:48+00:00,115.18166666666667,1.0,0.0,1.0,0.0
2014-09-11 17:15:54+00:00,115.33833333333332,1.0,0.0,1.0,0.0
2014-09-11 17:16:00+00:00,114.93833333333333,1.0,0.0,1.0,0.0
2014-09-11 17:16:06+00:00,115.30166666666666,1.0,0.0,1.0,0.0
2014-09-11 17:16:12+00:00,115.03500000000001,1.0,0.0,0.0,0.0
2014-09-11 17:16:18+00:00,114.52166666666666,0.0,0.0,1.0,0.0
2014-09-11 17:16:24+00:00,114.995,1.0,0.0,1.0,0.0
2014-09-11 17:16:30+00:00,115.02,1.0,0.0,0.0,0.0
2014-09-11 17:16:36+00:00,115.37166666666667,1.0,0.0,1.0,0.0
2014-09-11 17:16:42+00:00,115.58333333333333,1.0,0.0,1.0,0.0
2014-09-11 17:16:48+00:00,115.48,1.0,0.0,1.0,0.0
2014-09-11 17:16:54+00:00,115.48833333333333,0.0,0.0,1.0,0.0
2014-09-11 17:17:00+00:00,115.59333333333332,1.0,0.0,1.0,0.0
2014-09-11 17:17:06+00:00,115.36333333333333,1.0,0.0,1.0,0.0
2014-09-11 17:17:12+00:00,115.415,1.0,0.0,1.0,0.0
2014-09-11 17:17:18+00:00,114.97166666666665,1.0,0.0,1.0,0.0
2014-09-11 17:17:24+00:00,115.185,1.0,0.0,1.0,0.0
2014-09-11 17:17:30+00:00,115.12166666666667,1.0,0.0,0.0,0.0
2014-09-11 17:17:36+00:00,115.57833333333333,0.0,0.0,1.0,0.0
2014-09-11 17:17:42+00:00,115.58833333333332,1.0,0.0,1.0,0.0
2014-09-11 17:17:48+00:00,115.44666666666667,1.0,0.0,1.0,0.0
2014-09-11 17:17:54+00:00,115.45166666666667,1.0,0.0,1.0,0.0
2014-09-11 17:18:00+00:00,115.61500000000001,1.0,0.0,0.0,0.0
2014-09-11 17:18:06+00:00,116.00333333333333,1.0,0.0,1.0,0.0
2014-09-11 17:18:12+00:00,115.35666666666667,1.0,0.0,1.0,0.0
2014-09-11 17:18:18+00:00,115.125,1.0,0.0,1.0,0.0
2014-09-11 17:18:24+00:00,115.51833333333333,2.0,0.0,1.0,0.0
2014-09-11 17:18:30+00:00,115.28500000000001,0.0,0.0,1.0,0.0
2014-09-11 17:18:36+00:00,115.03500000000001,2.0,0.0,1.0,0.0
2014-09-11 17:18:42+00:00,115.05666666666667,1.0,0.0,1.0,0.0
2014-09-11 17:18:48+00:00,114.78166666666668,1.0,0.0,0.0,0.0
2014-09-11 17:18:54+00:00,114.78500000000001,1.0,0.0,1.0,0.0
2014-09-11 17:19:00+00:00,114.90166666666666,1.0,0.0,1.0,0.0
2014-09-11 17:19:06+00:00,114.53500000000001,0.0,0.0,1.0,0.0
2014-09-11 17:19:12+00:00,115.00833333333333,1.0,0.0,1.0,0.0
2014-09-11 17:19:18+00:00,115.04833333333333,1.0,0.0,1.0,0.0
2014-09-11 17:19:24+00:00,114.92833333333334,1.0,0.0,1.0,0.0
2014-09-11 17:19:30+00:00,114.64666666666666,1.0,0.0,0.0,0.0
2014-09-11 17:19:36+00:00,115.17,1.0,0.0,1.0,0.0
2014-09-11 17:19:42+00:00,115.62666666666667,1.0,0.0,1.0,0.0
2014-09-11 17:19:48+00:00,115.29,0.0,0.0,1.0,0.0
2014-09-11 17:19:54+00:00,115.79666666666667,1.0,0.0,1.0,0.0
2014-09-11 17:20:00+00:00,115.645,1.0,0.0,1.0,0.0
2014-09-11 17:20:06+00:00,115.555,1.0,0.0,1.0,0.0
2014-09-11 17:20:12+00:00,115.65166666666666,1.0,0.0,0.0,0.0
2014-09-11 17:20:18+00:00,115.50166666666667,1.0,0.0,1.0,0.0
2014-09-11 17:20:24+00:00,115.76666666666667,1.0,0.0,1.0,0.0
2014-09-11 17:20:30+00:00,115.73,1.0,0.0,1.0,0.0
2014-09-11 17:20:36+00:00,115.75333333333333,1.0,0.0,1.0,0.0
2014-09-11 17:20:42+00:00,115.41000000000001,0.0,0.0,1.0,0.0
2014-09-11 17:20:48+00:00,115.41000000000001,1.0,0.0,1.0,0.0
2014-09-11 17:20:54+00:00,115.395,1.0,0.0,1.0,0.0
2014-09-11 17:21:00+00:00,114.705,1.0,0.0,0.0,0.0
2014-09-11 17:21:06+00:00,114.43333333333334,0.0,0.0,1.0,0.0
2014-09-11 17:21:12+00:00,114.80333333333334,1.0,0.0,1.0,0.0
2014-09-11 17:21:18+00:00,114.78000000000002,1.0,0.0,1.0,0.0
2014-09-11 17:21:24+00:00,114.86166666666666,1.0,0.0,1.0,0.0
2014-09-11 17:21:30+00:00,114.46666666666665,1.0,0.0,0.0,0.0
2014-09-11 17:21:36+00:00,114.585,1.0,0.0,1.0,0.0
2014-09-11 17:21:42+00:00,114.33,1.0,0.0,1.0,0.0
2014-09-11 17:21:48+00:00,114.52833333333332,1.0,0.0,1.0,0.0
2014-09-11 17:21:54+00:00,114.955,1.0,0.0,1.0,0.0
2014-09-11 17:22:00+00:00,115.42833333333334,0.0,0.0,1.0,0.0
2014-09-11 17:22:06+00:00,115.25833333333333,1.0,0.0,1.0,0.0
2014-09-11 17:22:12+00:00,115.24833333333333,1.0,0.0,1.0,0.0
2014-09-11 17:22:18+00:00,114.89833333333333,1.0,0.0,0.0,0.0
2014-09-11 17:22:24+00:00,115.04833333333333,1.0,0.0,1.0,0.0
2014-09-11 17:22:30+00:00,114.95666666666666,0.0,0.0,1.0,0.0
2014-09-11 17:22:36+00:00,114.99666666666667,1.0,0.0,1.0,0.0
2014-09-11 17:22:42+00:00,115.0,1.0,0.0,1.0,0.0
2014-09-11 17:22:48+00:00,114.89666666666666,1.0,0.0,1.0,0.0
2014-09-11 17:22:54+00:00,115.35000000000001,1.0,0.0,0.0,0.0
2014-09-11 17:23:00+00:00,115.12833333333333,1.0,0.0,1.0,0.0
2014-09-11 17:23:06+00:00,114.86166666666666,1.0,0.0,1.0,0.0
2014-09-11 17:23:12+00:00,114.74000000000001,1.0,0.0,1.0,0.0
2014-09-11 17:23:18+00:00,114.88,1.0,0.0,1.0,0.0
2014-09-11 17:23:24+00:00,114.84833333333334,0.0,0.0,1.0,0.0
2014-09-11 17:23:30+00:00,115.15166666666666,1.0,0.0,1.0,0.0
2014-09-11 17:23:36+00:00,171.24,1.0,0.0,1.0,0.0
2014-09-11 17:23:42+00:00,176.54166666666666,1.0,0.0,0.0,0.0
2014-09-11 17:23:48+00:00,176.47,1.0,0.0,1.0,0.0
2014-09-11 17:23:54+00:00,176.02666666666667,1.0,0.0,1.0,0.0
2014-09-11 17:24:00+00:00,175.51999999999998,1.0,0.0,1.0,0.0
2014-09-11 17:24:06+00:00,175.08333333333334,1.0,0.0,1.0,0.0
2014-09-11 17:24:12+00:00,174.87166666666667,1.0,0.0,1.0,0.0
2014-09-11 17:24:18+00:00,174.81499999999997,1.0,0.0,1.0,0.0
2014-09-11 17:24:24+00:00,174.87833333333333,1.0,0.0,0.0,0.0
2014-09-11 17:24:30+00:00,174.82666666666668,0.0,0.0,1.0,0.0
2014-09-11 17:24:36+00:00,174.68500000000003,1.0,0.0,1.0,0.0
2014-09-11 17:24:42+00:00,175.17166666666665,1.0,0.0,0.0,0.0
2014-09-11 17:24:48+00:00,174.97333333333333,0.0,0.0,1.0,0.0
2014-09-11 17:24:54+00:00,174.51666666666665,1.0,0.0,1.0,0.0
2014-09-11 17:25:00+00:00,174.59166666666667,1.0,0.0,1.0,0.0
2014-09-11 17:25:06+00:00,174.92333333333332,1.0,0.0,1.0,0.0
2014-09-11 17:25:12+00:00,174.97166666666666,1.0,0.0,0.0,0.0
2014-09-11 17:25:18+00:00,175.31500000000003,0.0,0.0,1.0,0.0
2014-09-11 17:25:24+00:00,175.79333333333332,1.0,0.0,1.0,0.0
2014-09-11 17:25:30+00:00,175.99333333333334,1.0,0.0,1.0,0.0
2014-09-11 17:25:36+00:00,176.66833333333332,1.0,0.0,1.0,0.0
2014-09-11 17:25:42+00:00,176.60333333333332,1.0,0.0,1.0,0.0
2014-09-11 17:25:48+00:00,177.01333333333332,1.0,0.0,1.0,0.0
2014-09-11 17:25:54+00:00,176.82333333333335,1.0,0.0,0.0,0.0
2014-09-11 17:26:00+00:00,176.63,0.0,0.0,1.0,0.0
2014-09-11 17:26:06+00:00,176.375,1.0,0.0,0.0,0.0
2014-09-11 17:26:12+00:00,175.91666666666666,1.0,0.0,1.0,0.0
2014-09-11 17:26:18+00:00,175.76999999999998,0.0,0.0,1.0,0.0
2014-09-11 17:26:24+00:00,175.165,1.0,0.0,1.0,0.0
2014-09-11 17:26:30+00:00,175.1966666666667,1.0,0.0,0.0,0.0
2014-09-11 17:26:36+00:00,175.4283333333333,1.0,0.0,1.0,0.0
2014-09-11 17:26:42+00:00,175.38666666666666,0.0,0.0,1.0,0.0
2014-09-11 17:26:48+00:00,175.71333333333334,1.0,0.0,1.0,0.0
2014-09-11 17:26:54+00:00,175.525,1.0,0.0,1.0,0.0
2014-09-11 17:27:00+00:00,175.71166666666667,1.0,0.0,1.0,0.0
2014-09-11 17:27:06+00:00,175.84,1.0,0.0,1.0,0.0
2014-09-11 17:27:12+00:00,176.13,1.0,0.0,0.0,0.0
2014-09-11 17:27:18+00:00,176.40666666666667,1.0,0.0,1.0,0.0
2014-09-11 17:27:24+00:00,176.1966666666667,1.0,0.0,1.0,0.0
2014-09-11 17:27:30+00:00,176.61833333333334,0.0,0.0,1.0,0.0
2014-09-11 17:27:36+00:00,176.37,1.0,0.0,1.0,0.0
2014-09-11 17:27:42+00:00,175.72,1.0,0.0,1.0,0.0
2014-09-11 17:27:48+00:00,175.86,1.0,0.0,0.0,0.0
2014-09-11 17:27:54+00:00,176.24,1.0,0.0,1.0,0.0
2014-09-11 17:28:00+00:00,175.94333333333336,1.0,0.0,1.0,0.0
2014-09-11 17:28:06+00:00,175.75333333333333,1.0,0.0,1.0,0.0
2014-09-11 17:28:12+00:00,176.01999999999998,1.0,0.0,1.0,0.0
2014-09-11 17:28:18+00:00,182.51,0.0,0.0,1.0,0.0
2014-09-11 17:28:24+00:00,175.45833333333334,1.0,17.0,1.0,0.0
2014-09-11 17:28:30+00:00,206.23499999999999,1.0,0.0,1.0,0.0
2014-09-11 17:28:36+00:00,1297.4216666666666,1.0,0.0,266.0,0.0
2014-09-11 17:28:42+00:00,1782.3916666666667,1.0,0.0,0.0,0.0
2014-09-11 17:28:48+00:00,1782.7233333333334,1.0,0.0,1599.0,0.0
2014-09-11 17:28:54+00:00,1781.45,1.0,0.0,1572.0,0.0
2014-09-11 17:29:00+00:00,589.9799999999999,1.0,0.0,1786.0,0.0
2014-09-11 17:29:06+00:00,221.455,1.0,0.0,0.0,0.0
2014-09-11 17:29:12+00:00,176.47333333333333,1.0,0.0,238.0,0.0
2014-09-11 17:29:18+00:00,175.775,0.0,0.0,238.0,0.0
2014-09-11 17:29:24+00:00,176.54666666666665,1.0,0.0,1.0,0.0
2014-09-11 17:29:30+00:00,176.215,1.0,0.0,1.0,0.0
2014-09-11 17:29:36+00:00,176.26166666666666,1.0,0.0,1.0,0.0
2014-09-11 17:29:42+00:00,175.94500000000002,1.0,0.0,0.0,0.0
2014-09-11 17:29:48+00:00,175.80166666666665,1.0,0.0,1.0,0.0
2014-09-11 17:29:54+00:00,175.215,0.0,0.0,1.0,0.0
2014-09-11 17:30:00+00:00,175.34833333333333,1.0,0.0,1.0,0.0
2014-09-11 17:30:06+00:00,175.82500000000002,1.0,0.0,1.0,0.0
2014-09-11 17:30:12+00:00,175.4466666666667,1.0,0.0,0.0,0.0
2014-09-11 17:30:18+00:00,175.45833333333334,1.0,0.0,1.0,0.0
2014-09-11 17:30:24+00:00,175.57666666666668,0.0,0.0,1.0,0.0
2014-09-11 17:30:30+00:00,175.90333333333334,1.0,0.0,1.0,0.0
2014-09-11 17:30:36+00:00,176.0533333333333,1.0,0.0,1.0,0.0
2014-09-11 17:30:42+00:00,176.04666666666665,1.0,0.0,1.0,0.0
2014-09-11 17:30:48+00:00,175.61333333333334,1.0,0.0,0.0,0.0
2014-09-11 17:30:54+00:00,175.67999999999998,0.0,0.0,1.0,0.0
2014-09-11 17:31:00+00:00,176.33333333333334,1.0,0.0,1.0,0.0
2014-09-11 17:31:06+00:00,176.23833333333334,1.0,0.0,1.0,0.0
2014-09-11 17:31:12+00:00,176.46166666666667,1.0,0.0,1.0,0.0
2014-09-11 17:31:18+00:00,176.23166666666665,1.0,0.0,1.0,0.0
2014-09-11 17:31:24+00:00,175.89499999999998,1.0,0.0,1.0,0.0
2014-09-11 17:31:30+00:00,175.44833333333335,1.0,0.0,0.0,0.0
2014-09-11 17:31:36+00:00,175.585,1.0,0.0,1.0,0.0
2014-09-11 17:31:42+00:00,175.86666666666667,1.0,0.0,1.0,0.0
2014-09-11 17:31:48+00:00,175.34166666666667,1.0,0.0,1.0,0.0
2014-09-11 17:31:54+00:00,175.33666666666667,0.0,0.0,1.0,0.0
2014-09-11 17:32:00+00:00,175.51166666666666,1.0,0.0,1.0,0.0
2014-09-11 17:32:06+00:00,174.9283333333333,1.0,0.0,1.0,0.0
2014-09-11 17:32:12+00:00,174.73833333333334,1.0,0.0,1.0,0.0
2014-09-11 17:32:18+00:00,174.89333333333332,1.0,0.0,0.0,0.0
2014-09-11 17:32:24+00:00,175.405,0.0,0.0,1.0,0.0
2014-09-11 17:32:30+00:00,175.41666666666666,1.0,0.0,1.0,0.0
2014-09-11 17:32:36+00:00,175.87,1.0,0.0,1.0,0.0
2014-09-11 17:32:42+00:00,176.33666666666667,1.0,0.0,1.0,0.0
2014-09-11 17:32:48+00:00,176.1,1.0,0.0,0.0,0.0
2014-09-11 17:32:54+00:00,176.15,0.0,0.0,1.0,0.0
2014-09-11 17:33:00+00:00,175.4466666666667,1.0,0.0,1.0,0.0
2014-09-11 17:33:06+00:00,174.89333333333332,1.0,0.0,1.0,0.0
2014-09-11 17:33:12+00:00,175.23166666666668,1.0,0.0,0.0,0.0
2014-09-11 17:33:18+00:00,175.43499999999997,0.0,0.0,1.0,0.0
2014-09-11 17:33:24+00:00,175.01333333333332,1.0,0.0,1.0,0.0
2014-09-11 17:33:30+00:00,174.67333333333332,1.0,0.0,1.0,0.0
2014-09-11 17:33:36+00:00,175.32666666666668,1.0,0.0,1.0,0.0
2014-09-11 17:33:42+00:00,175.06333333333336,1.0,0.0,1.0,0.0
2014-09-11 17:33:48+00:00,175.82833333333335,1.0,0.0,0.0,0.0
2014-09-11 17:33:54+00:00,175.76833333333335,0.0,0.0,1.0,0.0
2014-09-11 17:34:00+00:00,175.76999999999998,1.0,0.0,1.0,0.0
2014-09-11 17:34:06+00:00,175.32666666666668,1.0,0.0,1.0,0.0
2014-09-11 17:34:12+00:00,175.105,1.0,0.0,0.0,0.0
2014-09-11 17:34:18+00:00,175.17666666666665,1.0,0.0,1.0,0.0
2014-09-11 17:34:24+00:00,175.265,0.0,0.0,1.0,0.0
2014-09-11 17:34:30+00:00,175.26166666666666,1.0,0.0,1.0,0.0
2014-09-11 17:34:36+00:00,175.10333333333335,1.0,0.0,1.0,0.0
2014-09-11 17:34:42+00:00,175.025,1.0,0.0,0.0,0.0
2014-09-11 17:34:48+00:00,174.69333333333336,0.0,0.0,1.0,0.0
2014-09-11 17:34:54+00:00,175.57833333333335,1.0,0.0,1.0,0.0
2014-09-11 17:35:00+00:00,175.19500000000002,1.0,0.0,1.0,0.0
2014-09-11 17:35:06+00:00,175.32666666666668,1.0,0.0,1.0,0.0
2014-09-11 17:35:12+00:00,175.59666666666666,1.0,0.0,0.0,0.0
2014-09-11 17:35:18+00:00,175.72,1.0,0.0,1.0,0.0
2014-09-11 17:35:24+00:00,176.335,0.0,0.0,1.0,0.0
2014-09-11 17:35:30+00:00,175.915,1.0,0.0,1.0,0.0
2014-09-11 17:35:36+00:00,177.13333333333333,1.0,0.0,1.0,0.0
2014-09-11 17:35:42+00:00,198.535,1.0,0.0,1.0,0.0
2014-09-11 17:35:48+00:00,196.94333333333336,1.0,0.0,0.0,0.0
2014-09-11 17:35:54+00:00,197.89166666666665,1.0,0.0,1.0,0.0
2014-09-11 17:36:00+00:00,198.16,1.0,0.0,1.0,0.0
2014-09-11 17:36:06+00:00,198.31500000000003,0.0,0.0,1.0,0.0
2014-09-11 17:36:12+00:00,198.50166666666667,1.0,0.0,1.0,0.0
2014-09-11 17:36:18+00:00,198.235,1.0,0.0,1.0,0.0
2014-09-11 17:36:24+00:00,198.30166666666665,1.0,0.0,0.0,0.0
2014-09-11 17:36:30+00:00,198.35833333333335,0.0,0.0,1.0,0.0
2014-09-11 17:36:36+00:00,198.35333333333332,1.0,0.0,1.0,0.0
2014-09-11 17:36:42+00:00,198.9416666666667,1.0,0.0,1.0,0.0
2014-09-11 17:36:48+00:00,199.22166666666666,1.0,0.0,1.0,0.0
2014-09-11 17:36:54+00:00,199.26333333333332,1.0,0.0,1.0,0.0
2014-09-11 17:37:00+00:00,198.54166666666666,1.0,0.0,1.0,0.0
2014-09-11 17:37:06+00:00,197.93666666666664,1.0,0.0,0.0,0.0
2014-09-11 17:37:12+00:00,197.995,1.0,0.0,1.0,0.0
2014-09-11 17:37:18+00:00,197.75666666666666,0.0,0.0,1.0,0.0
2014-09-11 17:37:24+00:00,197.09166666666667,1.0,0.0,1.0,0.0
2014-09-11 17:37:30+00:00,197.6914285714286,1.0,0.0,0.0,0.0
2014-09-11 17:37:36+00:00,198.234,0.0,0.0,1.0,0.0
2014-09-11 17:37:42+00:00,199.06,1.0,0.0,1.0,0.0
2014-09-11 17:37:48+00:00,198.76,1.0,0.0,1.0,0.0
2014-09-11 17:37:54+00:00,198.2,1.0,0.0,0.0,0.0
2014-09-11 17:38:00+00:00,198.16571428571427,1.0,0.0,1.0,0.0
2014-09-11 17:38:06+00:00,197.832,0.0,0.0,1.0,0.0
2014-09-11 17:38:12+00:00,197.59857142857143,1.0,0.0,1.0,0.0
2014-09-11 17:38:18+00:00,197.5533333333333,1.0,0.0,1.0,0.0
2014-09-11 17:38:24+00:00,197.89,1.0,0.0,1.0,0.0
2014-09-11 17:38:30+00:00,198.07833333333335,1.0,0.0,0.0,0.0
2014-09-11 17:38:36+00:00,198.49333333333334,1.0,0.0,1.0,0.0
2014-09-11 17:38:42+00:00,198.46833333333333,1.0,0.0,0.0,0.0
2014-09-11 17:38:48+00:00,198.60333333333332,0.0,0.0,1.0,0.0
2014-09-11 17:38:54+00:00,198.51333333333332,1.0,0.0,1.0,0.0
2014-09-11 17:39:00+00:00,197.92666666666665,1.0,0.0,1.0,0.0
2014-09-11 17:39:06+00:00,197.33833333333334,1.0,0.0,0.0,0.0
2014-09-11 17:39:12+00:00,196.68833333333336,0.0,0.0,1.0,0.0
2014-09-11 17:39:18+00:00,197.03666666666666,1.0,0.0,1.0,0.0
2014-09-11 17:39:24+00:00,196.86333333333334,1.0,0.0,1.0,0.0
2014-09-11 17:39:30+00:00,196.49666666666667,1.0,0.0,1.0,0.0
2014-09-11 17:39:36+00:00,196.72333333333333,1.0,0.0,1.0,0.0
2014-09-11 17:39:42+00:00,196.57500000000002,1.0,0.0,1.0,0.0
2014-09-11 17:39:48+00:00,196.535,1.0,0.0,1.0,0.0
2014-09-11 17:39:54+00:00,196.67499999999998,1.0,0.0,0.0,0.0
2014-09-11 17:40:00+00:00,197.05999999999997,1.0,0.0,1.0,0.0
2014-09-11 17:40:06+00:00,197.11666666666667,0.0,0.0,1.0,0.0
2014-09-11 17:40:12+00:00,197.20666666666668,1.0,0.0,1.0,0.0
2014-09-11 17:40:18+00:00,196.82333333333335,1.0,0.0,1.0,0.0
2014-09-11 17:40:24+00:00,197.475,1.0,0.0,1.0,0.0
2014-09-11 17:40:30+00:00,196.93166666666664,1.0,0.0,0.0,0.0
2014-09-11 17:40:36+00:00,197.17166666666665,1.0,0.0,1.0,0.0
2014-09-11 17:40:42+00:00,197.52166666666668,1.0,0.0,1.0,0.0
2014-09-11 17:40:48+00:00,197.79166666666666,0.0,0.0,1.0,0.0
2014-09-11 17:40:54+00:00,197.07000000000002,1.0,0.0,1.0,0.0
2014-09-11 17:41:00+00:00,196.18666666666664,1.0,0.0,1.0,0.0
2014-09-11 17:41:06+00:00,195.88333333333333,1.0,0.0,1.0,0.0
2014-09-11 17:41:12+00:00,195.82500000000002,1.0,0.0,1.0,0.0
2014-09-11 17:41:18+00:00,195.98333333333335,1.0,0.0,1.0,0.0
2014-09-11 17:41:24+00:00,196.1,1.0,0.0,0.0,0.0
2014-09-11 17:41:30+00:00,196.295,0.0,0.0,1.0,0.0
2014-09-11 17:41:36+00:00,195.92333333333332,1.0,0.0,1.0,0.0
2014-09-11 17:41:42+00:00,196.59833333333333,1.0,0.0,1.0,0.0
2014-09-11 17:41:48+00:00,196.095,1.0,0.0,1.0,0.0
2014-09-11 17:41:54+00:00,196.345,1.0,0.0,1.0,0.0
2014-09-11 17:42:00+00:00,196.3983333333333,1.0,0.0,0.0,0.0
2014-09-11 17:42:06+00:00,197.0566666666667,0.0,0.0,1.0,0.0
2014-09-11 17:42:12+00:00,196.485,1.0,0.0,1.0,0.0
2014-09-11 17:42:18+00:00,196.85000000000002,1.0,0.0,0.0,0.0
2014-09-11 17:42:24+00:00,196.77166666666668,1.0,0.0,1.0,0.0
2014-09-11 17:42:30+00:00,197.45666666666668,2.0,0.0,1.0,0.0
2014-09-11 17:42:36+00:00,197.84666666666666,2.0,0.0,1.0,0.0
2014-09-11 17:42:42+00:00,197.76833333333332,0.0,0.0,1.0,0.0
2014-09-11 17:42:48+00:00,197.30999999999997,1.0,0.0,1.0,0.0
2014-09-11 17:42:54+00:00,196.795,1.0,0.0,1.0,0.0
2014-09-11 17:43:00+00:00,196.58,1.0,0.0,1.0,0.0
2014-09-11 17:43:06+00:00,196.69833333333335,1.0,0.0,0.0,0.0
2014-09-11 17:43:12+00:00,196.42333333333332,1.0,0.0,1.0,0.0
2014-09-11 17:43:18+00:00,196.265,0.0,0.0,1.0,0.0
2014-09-11 17:43:24+00:00,195.87,1.0,0.0,1.0,0.0
2014-09-11 17:43:30+00:00,196.07333333333335,1.0,0.0,1.0,0.0
2014-09-11 17:43:36+00:00,195.50833333333333,1.0,0.0,1.0,0.0
2014-09-11 17:43:42+00:00,195.135,1.0,0.0,1.0,0.0
2014-09-11 17:43:48+00:00,195.41833333333332,1.0,0.0,0.0,0.0
2014-09-11 17:43:54+00:00,195.64666666666668,0.0,0.0,1.0,0.0
2014-09-11 17:44:00+00:00,197.22166666666666,1.0,0.0,1.0,0.0
2014-09-11 17:44:06+00:00,197.00333333333333,1.0,0.0,1.0,0.0
2014-09-11 17:44:12+00:00,196.28166666666667,1.0,0.0,0.0,0.0
2014-09-11 17:44:18+00:00,196.78833333333333,0.0,0.0,1.0,0.0
2014-09-11 17:44:24+00:00,196.1916666666667,1.0,0.0,1.0,0.0
2014-09-11 17:44:30+00:00,196.23,1.0,0.0,1.0,0.0
2014-09-11 17:44:36+00:00,196.89166666666665,1.0,0.0,0.0,0.0
2014-09-11 17:44:42+00:00,196.97666666666666,1.0,0.0,1.0,0.0
2014-09-11 17:44:48+00:00,197.20333333333335,1.0,0.0,1.0,0.0
2014-09-11 17:44:54+00:00,197.04833333333332,1.0,0.0,1.0,0.0
2014-09-11 17:45:00+00:00,196.79333333333332,1.0,0.0,1.0,0.0
2014-09-11 17:45:06+00:00,196.07333333333335,1.0,0.0,1.0,0.0
2014-09-11 17:45:12+00:00,195.69500000000002,0.0,0.0,1.0,0.0
2014-09-11 17:45:18+00:00,195.835,1.0,0.0,1.0,0.0
2014-09-11 17:45:24+00:00,196.21333333333334,1.0,0.0,0.0,0.0
2014-09-11 17:45:30+00:00,195.64333333333332,1.0,0.0,1.0,0.0
2014-09-11 17:45:36+00:00,195.28833333333333,1.0,0.0,1.0,0.0
2014-09-11 17:45:42+00:00,195.65666666666667,0.0,0.0,1.0,0.0
2014-09-11 17:45:48+00:00,195.29666666666665,1.0,0.0,1.0,0.0
2014-09-11 17:45:54+00:00,194.73833333333334,1.0,0.0,1.0,0.0
2014-09-11 17:46:00+00:00,195.655,1.0,0.0,1.0,0.0
2014-09-11 17:46:06+00:00,195.1833333333333,1.0,0.0,1.0,0.0
2014-09-11 17:46:12+00:00,195.12666666666667,1.0,0.0,1.0,0.0
2014-09-11 17:46:18+00:00,195.70166666666668,1.0,0.0,1.0,0.0
2014-09-11 17:46:24+00:00,195.34166666666667,1.0,0.0,0.0,0.0
2014-09-11 17:46:30+00:00,195.61666666666667,0.0,0.0,1.0,0.0
2014-09-11 17:46:36+00:00,195.59833333333333,1.0,0.0,1.0,0.0
2014-09-11 17:46:42+00:00,194.47,1.0,0.0,0.0,0.0
2014-09-11 17:46:48+00:00,194.60833333333335,1.0,0.0,1.0,0.0
2014-09-11 17:46:54+00:00,195.01500000000001,1.0,0.0,1.0,0.0
2014-09-11 17:47:00+00:00,194.35666666666665,0.0,0.0,1.0,0.0
2014-09-11 17:47:06+00:00,194.03833333333333,1.0,0.0,1.0,0.0
2014-09-11 17:47:12+00:00,192.26333333333332,1.0,0.0,1.0,0.0
2014-09-11 17:47:18+00:00,193.23000000000002,1.0,0.0,1.0,0.0
2014-09-11 17:47:24+00:00,192.92499999999998,1.0,0.0,1.0,0.0
2014-09-11 17:47:30+00:00,195.025,1.0,0.0,0.0,0.0
2014-09-11 17:47:36+00:00,195.92999999999998,1.0,0.0,1.0,0.0
2014-09-11 17:47:42+00:00,195.81166666666664,1.0,0.0,1.0,0.0
2014-09-11 17:47:48+00:00,196.48000000000002,0.0,0.0,1.0,0.0
2014-09-11 17:47:54+00:00,196.53666666666666,1.0,0.0,1.0,0.0
2014-09-11 17:48:00+00:00,196.32833333333335,1.0,0.0,0.0,0.0
2014-09-11 17:48:06+00:00,196.23666666666668,1.0,0.0,1.0,0.0
2014-09-11 17:48:12+00:00,196.205,1.0,0.0,1.0,0.0
2014-09-11 17:48:18+00:00,195.88,1.0,0.0,1.0,0.0
2014-09-11 17:48:24+00:00,195.18499999999997,0.0,0.0,1.0,0.0
2014-09-11 17:48:30+00:00,194.59,1.0,0.0,1.0,0.0
2014-09-11 17:48:36+00:00,194.9416666666667,1.0,0.0,1.0,0.0
2014-09-11 17:48:42+00:00,195.12833333333333,1.0,0.0,1.0,0.0
2014-09-11 17:48:48+00:00,194.995,1.0,0.0,1.0,0.0
2014-09-11 17:48:54+00:00,194.66333333333333,1.0,0.0,1.0,0.0
2014-09-11 17:49:00+00:00,194.88666666666666,1.0,0.0,0.0,0.0
2014-09-11 17:49:06+00:00,194.53166666666667,1.0,0.0,1.0,0.0
2014-09-11 17:49:12+00:00,194.09500000000003,1.0,0.0,1.0,0.0
2014-09-11 17:49:18+00:00,194.41333333333333,1.0,0.0,1.0,0.0
2014-09-11 17:49:24+00:00,194.04333333333332,0.0,0.0,1.0,0.0
2014-09-11 17:49:30+00:00,194.23833333333334,1.0,0.0,1.0,0.0
2014-09-11 17:49:36+00:00,194.82000000000002,1.0,0.0,1.0,0.0
2014-09-11 17:49:42+00:00,194.56000000000003,1.0,0.0,0.0,0.0
2014-09-11 17:49:48+00:00,195.03,0.0,0.0,1.0,0.0
2014-09-11 17:49:54+00:00,195.27166666666668,1.0,0.0,1.0,0.0
2014-09-11 17:50:00+00:00,195.38833333333332,1.0,0.0,1.0,0.0
2014-09-11 17:50:06+00:00,195.22166666666666,1.0,0.0,1.0,0.0
2014-09-11 17:50:12+00:00,195.10666666666668,1.0,0.0,1.0,0.0
2014-09-11 17:50:18+00:00,194.85166666666666,1.0,0.0,1.0,0.0
2014-09-11 17:50:24+00:00,194.84166666666667,1.0,0.0,0.0,0.0
2014-09-11 17:50:30+00:00,195.25333333333333,1.0,0.0,1.0,0.0
2014-09-11 17:50:36+00:00,195.26999999999998,1.0,0.0,1.0,0.0
2014-09-11 17:50:42+00:00,193.87666666666667,1.0,0.0,1.0,0.0
2014-09-11 17:50:48+00:00,193.51833333333335,0.0,0.0,1.0,0.0
2014-09-11 17:50:54+00:00,193.34666666666666,1.0,0.0,1.0,0.0
2014-09-11 17:51:00+00:00,193.47,1.0,0.0,1.0,0.0
2014-09-11 17:51:06+00:00,193.61833333333334,1.0,0.0,0.0,0.0
2014-09-11 17:51:12+00:00,194.0533333333333,0.0,0.0,1.0,0.0
2014-09-11 17:51:18+00:00,194.08166666666668,1.0,0.0,1.0,0.0
2014-09-11 17:51:24+00:00,194.11666666666667,1.0,0.0,1.0,0.0
2014-09-11 17:51:30+00:00,194.38166666666666,1.0,0.0,1.0,0.0
2014-09-11 17:51:36+00:00,194.67,1.0,0.0,1.0,0.0
2014-09-11 17:51:42+00:00,194.83166666666668,1.0,0.0,1.0,0.0
2014-09-11 17:51:48+00:00,194.915,1.0,0.0,1.0,0.0
2014-09-11 17:51:54+00:00,424.27500000000003,1.0,0.0,0.0,0.0
2014-09-11 17:52:00+00:00,297.755,1.0,102.0,1.0,0.0
2014-09-11 17:52:06+00:00,295.34666666666664,1.0,101.0,1.0,0.0
2014-09-11 17:52:12+00:00,293.4633333333333,1.0,98.0,1.0,0.0
2014-09-11 17:52:18+00:00,291.205,0.0,95.0,1.0,0.0
2014-09-11 17:52:24+00:00,278.695,1.0,95.0,1.0,0.0
2014-09-11 17:52:30+00:00,269.66333333333336,1.0,93.0,1.0,0.0
2014-09-11 17:52:36+00:00,270.02833333333336,1.0,0.0,1.0,0.0
2014-09-11 17:52:42+00:00,268.9816666666666,1.0,93.0,1.0,0.0
2014-09-11 17:52:48+00:00,268.53000000000003,1.0,92.0,1.0,0.0
2014-09-11 17:52:54+00:00,266.77,1.0,92.0,1.0,0.0
2014-09-11 17:53:00+00:00,265.6566666666667,1.0,90.0,1.0,0.0
2014-09-11 17:53:06+00:00,265.2,1.0,89.0,0.0,0.0
2014-09-11 17:53:12+00:00,267.47499999999997,0.0,88.0,1.0,0.0
2014-09-11 17:53:18+00:00,268.0466666666667,1.0,88.0,1.0,0.0
2014-09-11 17:53:24+00:00,267.9816666666666,1.0,0.0,1.0,0.0
2014-09-11 17:53:30+00:00,267.965,1.0,89.0,1.0,0.0
2014-09-11 17:53:36+00:00,267.895,1.0,89.0,1.0,0.0
2014-09-11 17:53:42+00:00,268.84,1.0,89.0,1.0,0.0
2014-09-11 17:53:48+00:00,269.04,1.0,90.0,1.0,0.0
2014-09-11 17:53:54+00:00,269.19666666666666,1.0,89.0,0.0,0.0
2014-09-11 17:54:00+00:00,269.395,0.0,89.0,1.0,0.0
2014-09-11 17:54:06+00:00,268.84999999999997,1.0,0.0,1.0,0.0
2014-09-11 17:54:12+00:00,269.25500000000005,1.0,89.0,1.0,0.0
2014-09-11 17:54:18+00:00,269.9316666666667,1.0,89.0,0.0,0.0
2014-09-11 17:54:24+00:00,270.2366666666667,0.0,89.0,1.0,0.0
2014-09-11 17:54:30+00:00,270.5833333333333,1.0,0.0,1.0,0.0
2014-09-11 17:54:36+00:00,270.7316666666666,1.0,89.0,1.0,0.0
2014-09-11 17:54:42+00:00,270.16,1.0,89.0,0.0,0.0
2014-09-11 17:54:48+00:00,270.4533333333333,0.0,0.0,1.0,0.0
2014-09-11 17:54:54+00:00,270.3283333333333,1.0,89.0,1.0,0.0
2014-09-11 17:55:00+00:00,270.76166666666666,1.0,89.0,1.0,0.0
2014-09-11 17:55:06+00:00,270.97499999999997,1.0,88.0,0.0,0.0
2014-09-11 17:55:12+00:00,270.8833333333333,0.0,89.0,1.0,0.0
2014-09-11 17:55:18+00:00,270.17333333333335,1.0,0.0,1.0,0.0
2014-09-11 17:55:24+00:00,270.06666666666666,1.0,89.0,1.0,0.0
2014-09-11 17:55:30+00:00,269.9583333333333,1.0,89.0,1.0,0.0
2014-09-11 17:55:36+00:00,269.5933333333333,1.0,89.0,0.0,0.0
2014-09-11 17:55:42+00:00,269.8233333333333,0.0,88.0,1.0,0.0
2014-09-11 17:55:48+00:00,303.86333333333334,1.0,0.0,1.0,0.0
2014-09-11 17:55:54+00:00,365.95,1.0,88.0,1.0,0.0
2014-09-11 17:56:00+00:00,450.33166666666665,1.0,89.0,0.0,0.0
2014-09-11 17:56:06+00:00,1710.49,0.0,0.0,2.0,0.0
2014-09-11 17:56:12+00:00,1978.8616666666667,1.0,88.0,1593.0,0.0
2014-09-11 17:56:18+00:00,1978.085,1.0,88.0,0.0,0.0
2014-09-11 17:56:24+00:00,553.375,1.0,88.0,1593.0,0.0
2014-09-11 17:56:30+00:00,364.9216666666667,1.0,88.0,200.0,0.0
2014-09-11 17:56:36+00:00,364.66833333333335,1.0,88.0,544.0,0.0
2014-09-11 17:56:42+00:00,363.9216666666666,1.0,88.0,1.0,0.0
2014-09-11 17:56:48+00:00,362.3733333333333,1.0,87.0,1.0,0.0
2014-09-11 17:56:54+00:00,269.1016666666667,0.0,88.0,1.0,0.0
2014-09-11 17:57:00+00:00,269.19166666666666,1.0,88.0,1.0,0.0
2014-09-11 17:57:06+00:00,267.84999999999997,1.0,0.0,1.0,0.0
2014-09-11 17:57:12+00:00,268.2133333333333,1.0,87.0,0.0,0.0
2014-09-11 17:57:18+00:00,268.7866666666667,1.0,87.0,1.0,0.0
2014-09-11 17:57:24+00:00,268.62166666666667,0.0,0.0,1.0,0.0
2014-09-11 17:57:30+00:00,268.9533333333333,1.0,87.0,1.0,0.0
2014-09-11 17:57:36+00:00,268.825,1.0,87.0,0.0,0.0
2014-09-11 17:57:42+00:00,268.0116666666667,0.0,87.0,1.0,0.0
2014-09-11 17:57:48+00:00,268.735,1.0,87.0,1.0,0.0
2014-09-11 17:57:54+00:00,268.84166666666664,1.0,87.0,1.0,0.0
2014-09-11 17:58:00+00:00,269.6816666666667,1.0,86.0,1.0,0.0
2014-09-11 17:58:06+00:00,268.89,1.0,87.0,1.0,0.0
2014-09-11 17:58:12+00:00,268.2683333333334,1.0,87.0,1.0,0.0
2014-09-11 17:58:18+00:00,268.19666666666666,1.0,87.0,1.0,0.0
2014-09-11 17:58:24+00:00,268.56666666666666,1.0,0.0,1.0,0.0
2014-09-11 17:58:30+00:00,268.4716666666667,1.0,86.0,1.0,0.0
2014-09-11 17:58:36+00:00,267.605,1.0,86.0,0.0,0.0
2014-09-11 17:58:42+00:00,267.6066666666666,1.0,86.0,1.0,0.0
2014-09-11 17:58:48+00:00,266.8333333333333,1.0,86.0,0.0,0.0
2014-09-11 17:58:54+00:00,266.09,0.0,0.0,1.0,0.0
2014-09-11 17:59:00+00:00,266.16333333333336,1.0,85.0,1.0,0.0
2014-09-11 17:59:06+00:00,266.455,1.0,86.0,0.0,0.0
2014-09-11 17:59:12+00:00,266.36833333333334,1.0,85.0,1.0,0.0
2014-09-11 17:59:18+00:00,265.4683333333333,0.0,85.0,1.0,0.0
2014-09-11 17:59:24+00:00,264.895,1.0,0.0,1.0,0.0
2014-09-11 17:59:30+00:00,265.07666666666665,1.0,85.0,1.0,0.0
2014-09-11 17:59:36+00:00,265.75333333333333,1.0,85.0,1.0,0.0
2014-09-11 17:59:42+00:00,265.89166666666665,1.0,86.0,1.0,0.0
2014-09-11 17:59:48+00:00,265.90333333333336,1.0,85.0,0.0,0.0
2014-09-11 17:59:54+00:00,266.0466666666667,1.0,85.0,1.0,0.0
2014-09-11 18:00:00+00:00,267.21166666666664,1.0,86.0,0.0,0.0
2014-09-11 18:00:06+00:00,267.10833333333335,0.0,0.0,1.0,0.0
2014-09-11 18:00:12+00:00,266.3616666666667,1.0,85.0,1.0,0.0
2014-09-11 18:00:18+00:00,267.1116666666667,1.0,85.0,0.0,0.0
2014-09-11 18:00:24+00:00,267.15,0.0,84.0,1.0,0.0
2014-09-11 18:00:30+00:00,266.818,1.0,85.0,1.0,0.0
2014-09-11 18:00:36+00:00,266.6857142857143,1.0,85.0,1.0,0.0
2014-09-11 18:00:42+00:00,267.20799999999997,1.0,0.0,1.0,0.0
2014-09-11 18:00:48+00:00,266.6228571428572,1.0,85.0,1.0,0.0
2014-09-11 18:00:54+00:00,266.7,1.0,85.0,1.0,0.0
2014-09-11 18:01:00+00:00,266.6933333333333,1.0,85.0,1.0,0.0
2014-09-11 18:01:06+00:00,267.365,1.0,85.0,1.0,0.0
2014-09-11 18:01:12+00:00,266.325,1.0,84.0,0.0,0.0
2014-09-11 18:01:18+00:00,265.81333333333333,1.0,84.0,1.0,0.0
2014-09-11 18:01:24+00:00,265.9766666666667,1.0,84.0,1.0,0.0
2014-09-11 18:01:30+00:00,266.065,1.0,85.0,1.0,0.0
2014-09-11 18:01:36+00:00,266.60166666666663,0.0,0.0,1.0,0.0
2014-09-11 18:01:42+00:00,266.56,1.0,85.0,1.0,0.0
2014-09-11 18:01:48+00:00,266.60333333333335,1.0,85.0,1.0,0.0
2014-09-11 18:01:54+00:00,266.39,1.0,84.0,1.0,0.0
2014-09-11 18:02:00+00:00,266.7733333333333,1.0,84.0,0.0,0.0
2014-09-11 18:02:06+00:00,265.6166666666667,1.0,84.0,1.0,0.0
2014-09-11 18:02:12+00:00,265.03,1.0,85.0,1.0,0.0
2014-09-11 18:02:18+00:00,265.62166666666667,0.0,84.0,1.0,0.0
2014-09-11 18:02:24+00:00,265.94166666666666,1.0,0.0,1.0,0.0
2014-09-11 18:02:30+00:00,265.965,1.0,84.0,1.0,0.0
2014-09-11 18:02:36+00:00,265.88166666666666,1.0,83.0,0.0,0.0
2014-09-11 18:02:42+00:00,266.22833333333335,0.0,84.0,1.0,0.0
2014-09-11 18:02:48+00:00,266.135,1.0,0.0,1.0,0.0
2014-09-11 18:02:54+00:00,233.46166666666667,1.0,84.0,1.0,0.0
2014-09-11 18:03:00+00:00,181.5,1.0,0.0,1.0,0.0
2014-09-11 18:03:06+00:00,181.28833333333333,1.0,0.0,0.0,0.0
2014-09-11 18:03:12+00:00,180.99333333333334,1.0,0.0,1.0,0.0
2014-09-11 18:03:18+00:00,180.89,1.0,0.0,1.0,0.0
2014-09-11 18:03:24+00:00,180.40833333333333,0.0,0.0,1.0,0.0
2014-09-11 18:03:30+00:00,180.48333333333335,1.0,0.0,1.0,0.0
2014-09-11 18:03:36+00:00,180.66833333333332,1.0,0.0,1.0,0.0
2014-09-11 18:03:42+00:00,180.505,1.0,0.0,1.0,0.0
2014-09-11 18:03:48+00:00,180.01,1.0,0.0,1.0,0.0
2014-09-11 18:03:54+00:00,179.6783333333333,1.0,0.0,0.0,0.0
2014-09-11 18:04:00+00:00,179.98000000000002,0.0,0.0,1.0,0.0
2014-09-11 18:04:06+00:00,179.88333333333333,1.0,0.0,1.0,0.0
2014-09-11 18:04:12+00:00,179.63166666666666,1.0,0.0,1.0,0.0
2014-09-11 18:04:18+00:00,179.75,1.0,0.0,1.0,0.0
2014-09-11 18:04:24+00:00,179.82000000000002,1.0,0.0,1.0,0.0
2014-09-11 18:04:30+00:00,180.47666666666666,1.0,0.0,0.0,0.0
2014-09-11 18:04:36+00:00,180.82000000000002,1.0,0.0,1.0,0.0
2014-09-11 18:04:42+00:00,180.79833333333332,1.0,0.0,1.0,0.0
2014-09-11 18:04:48+00:00,180.5,0.0,0.0,1.0,0.0
2014-09-11 18:04:54+00:00,180.98166666666665,1.0,0.0,1.0,0.0
2014-09-11 18:05:00+00:00,181.39833333333334,1.0,0.0,0.0,0.0
2014-09-11 18:05:06+00:00,181.12333333333333,1.0,0.0,1.0,0.0
2014-09-11 18:05:12+00:00,181.215,1.0,0.0,1.0,0.0
2014-09-11 18:05:18+00:00,179.40666666666667,0.0,0.0,1.0,0.0
2014-09-11 18:05:24+00:00,178.92166666666665,1.0,0.0,1.0,0.0
2014-09-11 18:05:30+00:00,178.30166666666665,1.0,0.0,1.0,0.0
2014-09-11 18:05:36+00:00,178.31500000000003,1.0,0.0,1.0,0.0
2014-09-11 18:05:42+00:00,177.97833333333332,1.0,0.0,0.0,0.0
2014-09-11 18:05:48+00:00,178.12,0.0,0.0,1.0,0.0
2014-09-11 18:05:54+00:00,178.51666666666665,1.0,0.0,1.0,0.0
2014-09-11 18:06:00+00:00,178.89,1.0,0.0,1.0,0.0
2014-09-11 18:06:06+00:00,178.59166666666667,1.0,0.0,0.0,0.0
2014-09-11 18:06:12+00:00,178.98166666666668,0.0,0.0,1.0,0.0
2014-09-11 18:06:18+00:00,179.23666666666668,1.0,0.0,1.0,0.0
2014-09-11 18:06:24+00:00,179.22666666666666,1.0,0.0,1.0,0.0
2014-09-11 18:06:30+00:00,180.165,1.0,0.0,1.0,0.0
2014-09-11 18:06:36+00:00,180.07333333333335,1.0,0.0,0.0,0.0
2014-09-11 18:06:42+00:00,180.64833333333334,0.0,0.0,1.0,0.0
2014-09-11 18:06:48+00:00,180.40166666666667,1.0,0.0,1.0,0.0
2014-09-11 18:06:54+00:00,180.00833333333333,1.0,0.0,1.0,0.0
2014-09-11 18:07:00+00:00,179.835,1.0,0.0,1.0,0.0
2014-09-11 18:07:06+00:00,178.33666666666667,1.0,0.0,1.0,0.0
2014-09-11 18:07:12+00:00,178.53,1.0,0.0,1.0,0.0
2014-09-11 18:07:18+00:00,178.49833333333333,1.0,0.0,0.0,0.0
2014-09-11 18:07:24+00:00,178.17666666666665,0.0,0.0,1.0,0.0
2014-09-11 18:07:30+00:00,178.14666666666668,1.0,0.0,1.0,0.0
2014-09-11 18:07:36+00:00,178.0683333333333,1.0,0.0,1.0,0.0
2014-09-11 18:07:42+00:00,178.28166666666667,1.0,0.0,1.0,0.0
2014-09-11 18:07:48+00:00,178.30499999999998,1.0,0.0,0.0,0.0
2014-09-11 18:07:54+00:00,178.70333333333335,1.0,0.0,1.0,0.0
2014-09-11 18:08:00+00:00,179.31000000000003,1.0,0.0,1.0,0.0
2014-09-11 18:08:06+00:00,178.9283333333333,1.0,0.0,0.0,0.0
2014-09-11 18:08:12+00:00,178.9466666666667,0.0,0.0,1.0,0.0
2014-09-11 18:08:18+00:00,178.93499999999997,1.0,0.0,1.0,0.0
2014-09-11 18:08:24+00:00,178.80499999999998,0.0,0.0,1.0,0.0
2014-09-11 18:08:30+00:00,179.12166666666667,1.0,0.0,1.0,0.0
2014-09-11 18:08:36+00:00,178.965,1.0,0.0,1.0,0.0
2014-09-11 18:08:42+00:00,178.85833333333335,1.0,0.0,0.0,0.0
2014-09-11 18:08:48+00:00,178.40166666666667,0.0,0.0,1.0,0.0
2014-09-11 18:08:54+00:00,177.93166666666664,1.0,0.0,1.0,0.0
2014-09-11 18:09:00+00:00,177.86666666666667,1.0,0.0,1.0,0.0
2014-09-11 18:09:06+00:00,178.095,1.0,0.0,0.0,0.0
2014-09-11 18:09:12+00:00,178.665,1.0,0.0,1.0,0.0
2014-09-11 18:09:18+00:00,178.595,1.0,0.0,1.0,0.0
2014-09-11 18:09:24+00:00,177.84166666666667,0.0,0.0,1.0,0.0
2014-09-11 18:09:30+00:00,177.91333333333333,1.0,0.0,1.0,0.0
2014-09-11 18:09:36+00:00,177.61833333333334,1.0,0.0,1.0,0.0
2014-09-11 18:09:42+00:00,178.24166666666667,1.0,0.0,1.0,0.0
2014-09-11 18:09:48+00:00,178.13833333333332,1.0,0.0,0.0,0.0
2014-09-11 18:09:54+00:00,178.47,1.0,0.0,1.0,0.0
2014-09-11 18:10:00+00:00,178.62166666666667,0.0,0.0,1.0,0.0
2014-09-11 18:10:06+00:00,178.79333333333332,1.0,0.0,1.0,0.0
2014-09-11 18:10:12+00:00,179.6966666666667,1.0,0.0,0.0,0.0
2014-09-11 18:10:18+00:00,179.43166666666664,1.0,0.0,1.0,0.0
2014-09-11 18:10:24+00:00,179.47833333333332,1.0,0.0,1.0,0.0
2014-09-11 18:10:30+00:00,179.71166666666667,0.0,0.0,1.0,0.0
2014-09-11 18:10:36+00:00,179.49833333333333,1.0,0.0,1.0,0.0
2014-09-11 18:10:42+00:00,179.67499999999998,1.0,0.0,1.0,0.0
2014-09-11 18:10:48+00:00,179.48333333333335,1.0,0.0,1.0,0.0
2014-09-11 18:10:54+00:00,178.65333333333334,1.0,0.0,0.0,0.0
2014-09-11 18:11:00+00:00,178.94833333333335,0.0,0.0,1.0,0.0
2014-09-11 18:11:06+00:00,178.51,1.0,0.0,1.0,0.0
2014-09-11 18:11:12+00:00,178.83666666666667,1.0,0.0,1.0,0.0
2014-09-11 18:11:18+00:00,178.62666666666667,1.0,0.0,0.0,0.0
2014-09-11 18:11:24+00:00,177.98333333333335,1.0,0.0,1.0,0.0
2014-09-11 18:11:30+00:00,178.41333333333333,1.0,0.0,1.0,0.0
2014-09-11 18:11:36+00:00,178.82333333333335,1.0,0.0,1.0,0.0
2014-09-11 18:11:42+00:00,178.955,0.0,0.0,1.0,0.0
2014-09-11 18:11:48+00:00,178.84833333333333,1.0,0.0,1.0,0.0
2014-09-11 18:11:54+00:00,179.32666666666668,1.0,0.0,1.0,0.0
2014-09-11 18:12:00+00:00,179.31499999999997,1.0,0.0,0.0,0.0
2014-09-11 18:12:06+00:00,179.25833333333333,0.0,0.0,1.0,0.0
2014-09-11 18:12:12+00:00,179.20333333333335,1.0,0.0,1.0,0.0
2014-09-11 18:12:18+00:00,178.60166666666666,1.0,0.0,1.0,0.0
2014-09-11 18:12:24+00:00,178.75,1.0,0.0,1.0,0.0
2014-09-11 18:12:30+00:00,179.1483333333333,1.0,0.0,0.0,0.0
2014-09-11 18:12:36+00:00,178.84,1.0,0.0,1.0,0.0
2014-09-11 18:12:42+00:00,178.53166666666667,1.0,0.0,1.0,0.0
2014-09-11 18:12:48+00:00,178.48499999999999,1.0,0.0,1.0,0.0
2014-09-11 18:12:54+00:00,178.835,1.0,0.0,1.0,0.0
2014-09-11 18:13:00+00:00,178.65333333333334,0.0,0.0,1.0,0.0
2014-09-11 18:13:06+00:00,178.44333333333336,1.0,0.0,1.0,0.0
2014-09-11 18:13:12+00:00,178.52833333333334,1.0,0.0,1.0,0.0
2014-09-11 18:13:18+00:00,178.92999999999998,1.0,0.0,0.0,0.0
2014-09-11 18:13:24+00:00,178.255,1.0,0.0,1.0,0.0
2014-09-11 18:13:30+00:00,178.025,1.0,0.0,1.0,0.0
2014-09-11 18:13:36+00:00,177.86166666666668,0.0,0.0,1.0,0.0
2014-09-11 18:13:42+00:00,178.39833333333334,1.0,0.0,1.0,0.0
2014-09-11 18:13:48+00:00,178.4283333333333,1.0,0.0,0.0,0.0
2014-09-11 18:13:54+00:00,178.49833333333333,1.0,0.0,1.0,0.0
2014-09-11 18:14:00+00:00,178.53333333333333,1.0,0.0,1.0,0.0
2014-09-11 18:14:06+00:00,177.765,0.0,0.0,1.0,0.0
2014-09-11 18:14:12+00:00,178.51,1.0,0.0,1.0,0.0
2014-09-11 18:14:18+00:00,179.10833333333335,1.0,0.0,1.0,0.0
2014-09-11 18:14:24+00:00,179.61,1.0,0.0,0.0,0.0
2014-09-11 18:14:30+00:00,179.615,0.0,0.0,1.0,0.0
2014-09-11 18:14:36+00:00,179.66666666666666,1.0,0.0,1.0,0.0
2014-09-11 18:14:42+00:00,179.95333333333335,1.0,0.0,1.0,0.0
2014-09-11 18:14:48+00:00,179.1833333333333,1.0,0.0,0.0,0.0
2014-09-11 18:14:54+00:00,178.55499999999998,1.0,0.0,1.0,0.0
2014-09-11 18:15:00+00:00,178.31833333333336,1.0,0.0,1.0,0.0
2014-09-11 18:15:06+00:00,178.32666666666668,0.0,0.0,1.0,0.0
2014-09-11 18:15:12+00:00,177.99333333333334,1.0,0.0,1.0,0.0
2014-09-11 18:15:18+00:00,178.285,1.0,0.0,1.0,0.0
2014-09-11 18:15:24+00:00,178.25,1.0,0.0,1.0,0.0
2014-09-11 18:15:30+00:00,178.6966666666667,1.0,0.0,1.0,0.0
2014-09-11 18:15:36+00:00,179.03,1.0,0.0,1.0,0.0
2014-09-11 18:15:42+00:00,179.3116666666667,1.0,0.0,0.0,0.0
2014-09-11 18:15:48+00:00,179.14166666666665,0.0,0.0,1.0,0.0
2014-09-11 18:15:54+00:00,179.07500000000002,1.0,0.0,1.0,0.0
2014-09-11 18:16:00+00:00,179.27166666666668,1.0,0.0,0.0,0.0
2014-09-11 18:16:06+00:00,179.62,0.0,0.0,1.0,0.0
2014-09-11 18:16:12+00:00,406.9766666666667,1.0,0.0,1.0,0.0
2014-09-11 18:16:18+00:00,271.99833333333333,1.0,0.0,1.0,0.0
2014-09-11 18:16:24+00:00,271.5933333333333,1.0,94.0,1.0,0.0
2014-09-11 18:16:30+00:00,270.1766666666667,1.0,91.0,0.0,0.0
2014-09-11 18:16:36+00:00,269.63,1.0,90.0,1.0,0.0
2014-09-11 18:16:42+00:00,269.005,1.0,90.0,1.0,0.0
2014-09-11 18:16:48+00:00,268.20166666666665,1.0,89.0,1.0,0.0
2014-09-11 18:16:54+00:00,268.00166666666667,1.0,89.0,1.0,0.0
2014-09-11 18:17:00+00:00,268.49,0.0,89.0,1.0,0.0
2014-09-11 18:17:06+00:00,268.0366666666667,1.0,89.0,1.0,0.0
2014-09-11 18:17:12+00:00,267.98333333333335,1.0,89.0,1.0,0.0
2014-09-11 18:17:18+00:00,268.465,1.0,0.0,1.0,0.0
2014-09-11 18:17:24+00:00,270.90166666666664,1.0,90.0,1.0,0.0
2014-09-11 18:17:30+00:00,269.305,1.0,91.0,0.0,0.0
2014-09-11 18:17:36+00:00,268.54333333333335,1.0,90.0,1.0,0.0
2014-09-11 18:17:42+00:00,266.7366666666667,0.0,87.0,1.0,0.0
2014-09-11 18:17:48+00:00,265.7866666666667,1.0,86.0,1.0,0.0
2014-09-11 18:17:54+00:00,265.37333333333333,1.0,0.0,1.0,0.0
2014-09-11 18:18:00+00:00,265.08666666666664,1.0,85.0,1.0,0.0
2014-09-11 18:18:06+00:00,265.3866666666667,1.0,84.0,0.0,0.0
2014-09-11 18:18:12+00:00,266.14666666666665,1.0,85.0,1.0,0.0
2014-09-11 18:18:18+00:00,266.48,1.0,86.0,1.0,0.0
2014-09-11 18:18:24+00:00,267.49666666666667,0.0,0.0,1.0,0.0
2014-09-11 18:18:30+00:00,268.2766666666667,1.0,87.0,1.0,0.0
2014-09-11 18:18:36+00:00,268.20166666666665,1.0,87.0,1.0,0.0
2014-09-11 18:18:42+00:00,268.96166666666664,1.0,87.0,0.0,0.0
2014-09-11 18:18:48+00:00,268.58166666666665,0.0,88.0,1.0,0.0
2014-09-11 18:18:54+00:00,269.0783333333333,1.0,88.0,1.0,0.0
2014-09-11 18:19:00+00:00,268.82166666666666,1.0,89.0,1.0,0.0
2014-09-11 18:19:06+00:00,268.8966666666667,1.0,89.0,1.0,0.0
2014-09-11 18:19:12+00:00,269.14500000000004,1.0,89.0,1.0,0.0
2014-09-11 18:19:18+00:00,269.475,1.0,90.0,1.0,0.0
2014-09-11 18:19:24+00:00,269.6333333333333,1.0,0.0,1.0,0.0
2014-09-11 18:19:30+00:00,270.2233333333333,1.0,90.0,1.0,0.0
2014-09-11 18:19:36+00:00,271.17833333333334,1.0,90.0,1.0,0.0
2014-09-11 18:19:42+00:00,271.88,1.0,91.0,1.0,0.0
2014-09-11 18:19:48+00:00,271.80333333333334,1.0,91.0,0.0,0.0
2014-09-11 18:19:54+00:00,272.095,0.0,0.0,1.0,0.0
2014-09-11 18:20:00+00:00,272.2183333333333,1.0,91.0,1.0,0.0
2014-09-11 18:20:06+00:00,272.615,1.0,92.0,0.0,0.0
2014-09-11 18:20:12+00:00,272.93333333333334,1.0,91.0,1.0,0.0
2014-09-11 18:20:18+00:00,273.17333333333335,1.0,92.0,1.0,0.0
2014-09-11 18:20:24+00:00,273.61,0.0,92.0,1.0,0.0
2014-09-11 18:20:30+00:00,273.375,1.0,0.0,1.0,0.0
2014-09-11 18:20:36+00:00,274.11,1.0,92.0,1.0,0.0
2014-09-11 18:20:42+00:00,274.08166666666665,1.0,93.0,1.0,0.0
2014-09-11 18:20:48+00:00,273.47666666666663,1.0,93.0,0.0,0.0
2014-09-11 18:20:54+00:00,273.91,0.0,93.0,1.0,0.0
2014-09-11 18:21:00+00:00,274.33166666666665,1.0,93.0,1.0,0.0
2014-09-11 18:21:06+00:00,273.81166666666667,1.0,93.0,1.0,0.0
2014-09-11 18:21:12+00:00,273.67333333333335,1.0,0.0,1.0,0.0
2014-09-11 18:21:18+00:00,273.24833333333333,1.0,94.0,1.0,0.0
2014-09-11 18:21:24+00:00,273.4266666666667,1.0,93.0,1.0,0.0
2014-09-11 18:21:30+00:00,273.1516666666667,1.0,93.0,1.0,0.0
2014-09-11 18:21:36+00:00,273.2766666666667,1.0,93.0,0.0,0.0
2014-09-11 18:21:42+00:00,274.01,1.0,93.0,1.0,0.0
2014-09-11 18:21:48+00:00,274.53833333333336,1.0,93.0,1.0,0.0
2014-09-11 18:21:54+00:00,275.87,1.0,94.0,1.0,0.0
2014-09-11 18:22:00+00:00,275.565,0.0,0.0,1.0,0.0
2014-09-11 18:22:06+00:00,275.52500000000003,1.0,94.0,1.0,0.0
2014-09-11 18:22:12+00:00,275.42333333333335,1.0,94.0,0.0,0.0
2014-09-11 18:22:18+00:00,274.895,0.0,94.0,1.0,0.0
2014-09-11 18:22:24+00:00,275.05833333333334,1.0,0.0,1.0,0.0
2014-09-11 18:22:30+00:00,275.07666666666665,1.0,94.0,1.0,0.0
2014-09-11 18:22:36+00:00,274.92333333333335,1.0,93.0,1.0,0.0
2014-09-11 18:22:42+00:00,275.12,1.0,94.0,0.0,0.0
2014-09-11 18:22:48+00:00,275.17,0.0,94.0,1.0,0.0
2014-09-11 18:22:54+00:00,275.08,1.0,0.0,1.0,0.0
2014-09-11 18:23:00+00:00,274.7383333333333,1.0,93.0,1.0,0.0
2014-09-11 18:23:06+00:00,273.95666666666665,1.0,93.0,0.0,0.0
2014-09-11 18:23:12+00:00,273.40166666666664,1.0,93.0,1.0,0.0
2014-09-11 18:23:18+00:00,272.51666666666665,1.0,93.0,1.0,0.0
2014-09-11 18:23:24+00:00,272.70666666666665,1.0,93.0,1.0,0.0
2014-09-11 18:23:30+00:00,270.635,1.0,93.0,1.0,0.0
2014-09-11 18:23:36+00:00,268.9116666666667,1.0,93.0,1.0,0.0
2014-09-11 18:23:42+00:00,268.7633333333333,0.0,0.0,1.0,0.0
2014-09-11 18:23:48+00:00,268.2083333333333,1.0,93.0,1.0,0.0
2014-09-11 18:23:54+00:00,268.2,1.0,93.0,1.0,0.0
2014-09-11 18:24:00+00:00,268.445,1.0,92.0,0.0,0.0
2014-09-11 18:24:06+00:00,267.97333333333336,0.0,92.0,1.0,0.0
2014-09-11 18:24:12+00:00,267.42,1.0,0.0,1.0,0.0
2014-09-11 18:24:18+00:00,242.91333333333333,1.0,92.0,1.0,0.0
2014-09-11 18:24:24+00:00,229.10500000000002,1.0,92.0,1.0,0.0
2014-09-11 18:24:30+00:00,229.32666666666668,1.0,92.0,0.0,0.0
2014-09-11 18:24:36+00:00,228.90166666666667,1.0,92.0,1.0,0.0
2014-09-11 18:24:42+00:00,228.38166666666666,0.0,91.0,1.0,0.0
2014-09-11 18:24:48+00:00,228.81333333333336,1.0,91.0,1.0,0.0
2014-09-11 18:24:54+00:00,228.50666666666666,1.0,0.0,1.0,0.0
2014-09-11 18:25:00+00:00,228.34333333333333,1.0,91.0,1.0,0.0
2014-09-11 18:25:06+00:00,228.465,1.0,91.0,0.0,0.0
2014-09-11 18:25:12+00:00,227.92499999999998,0.0,91.0,1.0,0.0
2014-09-11 18:25:18+00:00,227.43666666666664,1.0,0.0,1.0,0.0
2014-09-11 18:25:24+00:00,227.48000000000002,1.0,91.0,1.0,0.0
2014-09-11 18:25:30+00:00,227.91,1.0,91.0,0.0,0.0
2014-09-11 18:25:36+00:00,227.63000000000002,1.0,90.0,1.0,0.0
2014-09-11 18:25:42+00:00,227.80285714285716,1.0,90.0,1.0,0.0
2014-09-11 18:25:48+00:00,227.89833333333334,1.0,91.0,1.0,0.0
2014-09-11 18:25:54+00:00,227.28833333333333,1.0,90.0,1.0,0.0
2014-09-11 18:26:00+00:00,227.14166666666665,1.0,90.0,1.0,0.0
2014-09-11 18:26:06+00:00,227.42999999999998,0.0,90.0,1.0,0.0
2014-09-11 18:26:12+00:00,227.52833333333334,1.0,91.0,1.0,0.0
2014-09-11 18:26:18+00:00,227.52166666666668,1.0,0.0,1.0,0.0
2014-09-11 18:26:24+00:00,227.78666666666666,1.0,90.0,1.0,0.0
2014-09-11 18:26:30+00:00,227.28833333333333,1.0,90.0,0.0,0.0
2014-09-11 18:26:36+00:00,226.335,1.0,90.0,1.0,0.0
2014-09-11 18:26:42+00:00,226.35500000000002,0.0,89.0,1.0,0.0
2014-09-11 18:26:48+00:00,226.39,1.0,0.0,1.0,0.0
2014-09-11 18:26:54+00:00,226.64499999999998,1.0,90.0,1.0,0.0
2014-09-11 18:27:00+00:00,226.45666666666668,1.0,90.0,1.0,0.0
2014-09-11 18:27:06+00:00,226.56499999999997,1.0,91.0,0.0,0.0
2014-09-11 18:27:12+00:00,226.49166666666667,1.0,90.0,1.0,0.0
2014-09-11 18:27:18+00:00,226.49833333333333,0.0,90.0,1.0,0.0
2014-09-11 18:27:24+00:00,227.215,1.0,0.0,1.0,0.0
2014-09-11 18:27:30+00:00,227.88333333333333,1.0,90.0,1.0,0.0
2014-09-11 18:27:36+00:00,206.54666666666665,1.0,90.0,0.0,0.0
2014-09-11 18:27:42+00:00,205.715,1.0,91.0,1.0,0.0
2014-09-11 18:27:48+00:00,205.83166666666668,1.0,90.0,1.0,0.0
2014-09-11 18:27:54+00:00,205.97333333333336,1.0,90.0,1.0,0.0
2014-09-11 18:28:00+00:00,205.63166666666666,0.0,90.0,1.0,0.0
2014-09-11 18:28:06+00:00,205.52666666666664,1.0,0.0,1.0,0.0
2014-09-11 18:28:12+00:00,206.005,1.0,89.0,1.0,0.0
2014-09-11 18:28:18+00:00,205.62833333333333,1.0,90.0,0.0,0.0
2014-09-11 18:28:24+00:00,205.49666666666667,0.0,90.0,1.0,0.0
2014-09-11 18:28:30+00:00,205.87333333333333,1.0,0.0,1.0,0.0
2014-09-11 18:28:36+00:00,206.345,1.0,90.0,1.0,0.0
2014-09-11 18:28:42+00:00,207.54,1.0,90.0,1.0,0.0
2014-09-11 18:28:48+00:00,207.535,1.0,90.0,0.0,0.0
2014-09-11 18:28:54+00:00,207.985,1.0,90.0,1.0,0.0
2014-09-11 18:29:00+00:00,207.005,0.0,90.0,1.0,0.0
2014-09-11 18:29:06+00:00,209.30166666666665,1.0,0.0,1.0,0.0
2014-09-11 18:29:12+00:00,210.25333333333333,1.0,90.0,1.0,0.0
2014-09-11 18:29:18+00:00,210.34333333333333,1.0,90.0,1.0,0.0
2014-09-11 18:29:24+00:00,210.235,1.0,90.0,1.0,0.0
2014-09-11 18:29:30+00:00,210.405,1.0,89.0,0.0,0.0
2014-09-11 18:29:36+00:00,210.51666666666665,1.0,90.0,1.0,0.0
2014-09-11 18:29:42+00:00,210.48666666666668,0.0,90.0,1.0,0.0
2014-09-11 18:29:48+00:00,210.41333333333333,1.0,90.0,1.0,0.0
2014-09-11 18:29:54+00:00,263.46166666666664,1.0,0.0,1.0,0.0
2014-09-11 18:30:00+00:00,301.86499999999995,1.0,90.0,1.0,0.0
2014-09-11 18:30:06+00:00,301.7183333333333,1.0,90.0,0.0,0.0
2014-09-11 18:30:12+00:00,301.36833333333334,1.0,91.0,1.0,0.0
2014-09-11 18:30:18+00:00,301.74833333333333,1.0,90.0,0.0,0.0
2014-09-11 18:30:24+00:00,300.925,1.0,90.0,1.0,0.0
2014-09-11 18:30:30+00:00,300.68666666666667,1.0,90.0,1.0,0.0
2014-09-11 18:30:36+00:00,300.28000000000003,0.0,0.0,1.0,0.0
2014-09-11 18:30:42+00:00,300.99666666666667,1.0,90.0,1.0,0.0
2014-09-11 18:30:48+00:00,301.635,1.0,90.0,1.0,0.0
2014-09-11 18:30:54+00:00,302.165,1.0,90.0,0.0,0.0
2014-09-11 18:31:00+00:00,301.585,1.0,90.0,1.0,0.0
2014-09-11 18:31:06+00:00,301.83166666666665,0.0,90.0,1.0,0.0
2014-09-11 18:31:12+00:00,301.335,1.0,90.0,1.0,0.0
2014-09-11 18:31:18+00:00,301.80833333333334,1.0,0.0,1.0,0.0
2014-09-11 18:31:24+00:00,301.88,1.0,90.0,1.0,0.0
2014-09-11 18:31:30+00:00,302.2633333333333,1.0,91.0,1.0,0.0
2014-09-11 18:31:36+00:00,301.89166666666665,1.0,90.0,0.0,0.0
2014-09-11 18:31:42+00:00,301.52833333333336,1.0,90.0,1.0,0.0
2014-09-11 18:31:48+00:00,301.02333333333337,0.0,0.0,1.0,0.0
2014-09-11 18:31:54+00:00,300.80333333333334,1.0,90.0,1.0,0.0
2014-09-11 18:32:00+00:00,301.2,1.0,90.0,1.0,0.0
2014-09-11 18:32:06+00:00,301.3833333333333,1.0,90.0,1.0,0.0
2014-09-11 18:32:12+00:00,301.185,1.0,90.0,0.0,0.0
2014-09-11 18:32:18+00:00,302.03833333333336,0.0,90.0,1.0,0.0
2014-09-11 18:32:24+00:00,302.0216666666667,1.0,91.0,1.0,0.0
2014-09-11 18:32:30+00:00,303.49833333333333,1.0,90.0,1.0,0.0
2014-09-11 18:32:36+00:00,302.97499999999997,1.0,0.0,1.0,0.0
2014-09-11 18:32:42+00:00,302.74666666666667,1.0,90.0,1.0,0.0
2014-09-11 18:32:48+00:00,304.125,1.0,91.0,0.0,0.0
2014-09-11 18:32:54+00:00,303.31,1.0,90.0,1.0,0.0
2014-09-11 18:33:00+00:00,303.40000000000003,1.0,90.0,1.0,0.0
2014-09-11 18:33:06+00:00,303.1066666666666,1.0,91.0,1.0,0.0
2014-09-11 18:33:12+00:00,302.46166666666664,0.0,0.0,1.0,0.0
2014-09-11 18:33:18+00:00,302.575,1.0,90.0,1.0,0.0
2014-09-11 18:33:24+00:00,302.73833333333334,1.0,91.0,1.0,0.0
2014-09-11 18:33:30+00:00,302.93666666666667,1.0,90.0,0.0,0.0
2014-09-11 18:33:36+00:00,303.0333333333333,1.0,90.0,1.0,0.0
2014-09-11 18:33:42+00:00,302.87166666666667,1.0,91.0,1.0,0.0
2014-09-11 18:33:48+00:00,302.63166666666666,1.0,90.0,1.0,0.0
2014-09-11 18:33:54+00:00,302.6766666666667,0.0,0.0,1.0,0.0
2014-09-11 18:34:00+00:00,302.635,1.0,91.0,1.0,0.0
2014-09-11 18:34:06+00:00,302.3883333333333,1.0,90.0,1.0,0.0
2014-09-11 18:34:12+00:00,302.16833333333335,1.0,91.0,0.0,0.0
2014-09-11 18:34:18+00:00,301.91833333333335,0.0,90.0,1.0,0.0
2014-09-11 18:34:24+00:00,301.84499999999997,1.0,91.0,1.0,0.0
2014-09-11 18:34:30+00:00,301.805,1.0,90.0,1.0,0.0
2014-09-11 18:34:36+00:00,307.3833333333333,1.0,90.0,1.0,0.0
2014-09-11 18:34:42+00:00,304.54833333333335,1.0,91.0,1.0,0.0
2014-09-11 18:34:48+00:00,304.6766666666667,1.0,90.0,1.0,0.0
2014-09-11 18:34:54+00:00,304.06166666666667,1.0,0.0,1.0,0.0
2014-09-11 18:35:00+00:00,302.27,1.0,90.0,1.0,0.0
2014-09-11 18:35:06+00:00,303.61833333333334,1.0,90.0,0.0,0.0
2014-09-11 18:35:12+00:00,325.4116666666667,1.0,91.0,1.0,0.0
2014-09-11 18:35:18+00:00,336.77500000000003,0.0,90.0,1.0,0.0
2014-09-11 18:35:24+00:00,338.9633333333333,1.0,90.0,1.0,0.0
2014-09-11 18:35:30+00:00,338.64000000000004,1.0,0.0,1.0,0.0
2014-09-11 18:35:36+00:00,338.76500000000004,1.0,91.0,1.0,0.0
2014-09-11 18:35:42+00:00,340.5883333333333,1.0,90.0,0.0,0.0
2014-09-11 18:35:48+00:00,351.7133333333333,0.0,105.0,1.0,0.0
2014-09-11 18:35:54+00:00,340.665,1.0,0.0,1.0,0.0
2014-09-11 18:36:00+00:00,341.24333333333334,1.0,90.0,1.0,0.0
2014-09-11 18:36:06+00:00,342.945,1.0,90.0,1.0,0.0
2014-09-11 18:36:12+00:00,341.3933333333334,1.0,91.0,0.0,0.0
2014-09-11 18:36:18+00:00,342.12833333333333,1.0,90.0,1.0,0.0
2014-09-11 18:36:24+00:00,341.795,1.0,91.0,1.0,0.0
2014-09-11 18:36:30+00:00,342.7166666666667,1.0,91.0,1.0,0.0
2014-09-11 18:36:36+00:00,342.62000000000006,0.0,0.0,1.0,0.0
2014-09-11 18:36:42+00:00,342.50666666666666,1.0,91.0,1.0,0.0
2014-09-11 18:36:48+00:00,342.8,1.0,91.0,0.0,0.0
2014-09-11 18:36:54+00:00,342.545,1.0,91.0,1.0,0.0
2014-09-11 18:37:00+00:00,342.3766666666666,0.0,91.0,1.0,0.0
2014-09-11 18:37:06+00:00,343.16,1.0,91.0,1.0,0.0
2014-09-11 18:37:12+00:00,343.1116666666667,1.0,90.0,1.0,0.0
2014-09-11 18:37:18+00:00,343.41166666666663,1.0,91.0,1.0,0.0
2014-09-11 18:37:24+00:00,342.4216666666666,1.0,91.0,1.0,0.0
2014-09-11 18:37:30+00:00,343.0116666666666,1.0,91.0,1.0,0.0
2014-09-11 18:37:36+00:00,344.385,1.0,0.0,1.0,0.0
2014-09-11 18:37:42+00:00,343.9866666666667,1.0,91.0,1.0,0.0
2014-09-11 18:37:48+00:00,342.9666666666667,1.0,91.0,0.0,0.0
2014-09-11 18:37:54+00:00,344.48,0.0,0.0,1.0,0.0
2014-09-11 18:38:00+00:00,343.035,1.0,91.0,1.0,0.0
2014-09-11 18:38:06+00:00,342.99666666666667,1.0,91.0,0.0,0.0
2014-09-11 18:38:12+00:00,343.91833333333335,1.0,91.0,1.0,0.0
2014-09-11 18:38:18+00:00,344.17,1.0,91.0,1.0,0.0
2014-09-11 18:38:24+00:00,343.93,0.0,91.0,1.0,0.0
2014-09-11 18:38:30+00:00,344.43833333333333,1.0,91.0,1.0,0.0
2014-09-11 18:38:36+00:00,344.385,1.0,90.0,1.0,0.0
2014-09-11 18:38:42+00:00,344.56,1.0,0.0,1.0,0.0
2014-09-11 18:38:48+00:00,344.62166666666667,1.0,91.0,1.0,0.0
2014-09-11 18:38:54+00:00,344.77,1.0,90.0,0.0,0.0
2014-09-11 18:39:00+00:00,343.955,0.0,91.0,1.0,0.0
2014-09-11 18:39:06+00:00,343.94666666666666,1.0,90.0,1.0,0.0
2014-09-11 18:39:12+00:00,343.15000000000003,1.0,0.0,1.0,0.0
2014-09-11 18:39:18+00:00,342.935,1.0,91.0,1.0,0.0
2014-09-11 18:39:24+00:00,343.25,1.0,90.0,1.0,0.0
2014-09-11 18:39:30+00:00,344.08,1.0,90.0,0.0,0.0
2014-09-11 18:39:36+00:00,343.57166666666666,1.0,90.0,1.0,0.0
2014-09-11 18:39:42+00:00,343.895,1.0,90.0,1.0,0.0
2014-09-11 18:39:48+00:00,343.8433333333333,1.0,91.0,0.0,0.0
2014-09-11 18:39:54+00:00,343.82666666666665,0.0,90.0,1.0,0.0
2014-09-11 18:40:00+00:00,343.6666666666667,1.0,91.0,1.0,0.0
2014-09-11 18:40:06+00:00,342.9116666666667,1.0,90.0,1.0,0.0
2014-09-11 18:40:12+00:00,343.73,1.0,90.0,1.0,0.0
2014-09-11 18:40:18+00:00,345.695,1.0,0.0,1.0,0.0
2014-09-11 18:40:24+00:00,345.9983333333333,1.0,91.0,1.0,0.0
2014-09-11 18:40:30+00:00,347.3183333333333,1.0,92.0,1.0,0.0
2014-09-11 18:40:36+00:00,348.47,1.0,92.0,1.0,0.0
2014-09-11 18:40:42+00:00,348.74666666666667,1.0,93.0,1.0,0.0
2014-09-11 18:40:48+00:00,347.63166666666666,1.0,93.0,0.0,0.0
2014-09-11 18:40:54+00:00,347.02500000000003,1.0,92.0,1.0,0.0
2014-09-11 18:41:00+00:00,346.6166666666666,1.0,92.0,1.0,0.0
2014-09-11 18:41:06+00:00,346.845,0.0,0.0,1.0,0.0
2014-09-11 18:41:12+00:00,347.215,1.0,92.0,1.0,0.0
2014-09-11 18:41:18+00:00,346.36833333333334,1.0,91.0,1.0,0.0
2014-09-11 18:41:24+00:00,345.6933333333333,1.0,91.0,0.0,0.0
2014-09-11 18:41:30+00:00,345.72499999999997,1.0,91.0,1.0,0.0
2014-09-11 18:41:36+00:00,345.56166666666667,0.0,90.0,1.0,0.0
2014-09-11 18:41:42+00:00,345.27,1.0,90.0,1.0,0.0
2014-09-11 18:41:48+00:00,344.5133333333333,1.0,90.0,1.0,0.0
2014-09-11 18:41:54+00:00,344.74666666666667,1.0,0.0,1.0,0.0
2014-09-11 18:42:00+00:00,343.63166666666666,1.0,89.0,1.0,0.0
2014-09-11 18:42:06+00:00,343.28999999999996,1.0,88.0,0.0,0.0
2014-09-11 18:42:12+00:00,345.21166666666664,1.0,89.0,1.0,0.0
2014-09-11 18:42:18+00:00,345.31333333333333,0.0,88.0,1.0,0.0
2014-09-11 18:42:24+00:00,345.76,1.0,0.0,1.0,0.0
2014-09-11 18:42:30+00:00,345.09833333333336,1.0,88.0,1.0,0.0
2014-09-11 18:42:36+00:00,344.16,1.0,88.0,0.0,0.0
2014-09-11 18:42:42+00:00,344.38166666666666,1.0,87.0,1.0,0.0
2014-09-11 18:42:48+00:00,344.41333333333336,0.0,87.0,1.0,0.0
2014-09-11 18:42:54+00:00,344.68666666666667,1.0,0.0,1.0,0.0
2014-09-11 18:43:00+00:00,344.6033333333333,1.0,87.0,1.0,0.0
2014-09-11 18:43:06+00:00,343.00666666666666,1.0,87.0,1.0,0.0
2014-09-11 18:43:12+00:00,344.15000000000003,1.0,87.0,1.0,0.0
2014-09-11 18:43:18+00:00,350.8966666666667,1.0,87.0,0.0,0.0
2014-09-11 18:43:24+00:00,346.16833333333335,1.0,105.0,1.0,0.0
2014-09-11 18:43:30+00:00,344.4216666666666,1.0,87.0,1.0,0.0
2014-09-11 18:43:36+00:00,344.465,1.0,86.0,1.0,0.0
2014-09-11 18:43:42+00:00,344.3666666666666,0.0,86.0,1.0,0.0
2014-09-11 18:43:48+00:00,344.2616666666667,1.0,0.0,1.0,0.0
2014-09-11 18:43:54+00:00,343.52666666666664,1.0,86.0,1.0,0.0
2014-09-11 18:44:00+00:00,343.81333333333333,1.0,85.0,1.0,0.0
2014-09-11 18:44:06+00:00,344.575,1.0,85.0,1.0,0.0
2014-09-11 18:44:12+00:00,343.4766666666667,1.0,86.0,0.0,0.0
2014-09-11 18:44:18+00:00,340.28833333333336,1.0,85.0,1.0,0.0
2014-09-11 18:44:24+00:00,339.67,0.0,85.0,1.0,0.0
2014-09-11 18:44:30+00:00,271.0733333333333,1.0,85.0,1.0,0.0
2014-09-11 18:44:36+00:00,253.54,1.0,0.0,1.0,0.0
2014-09-11 18:44:42+00:00,254.22166666666666,1.0,0.0,1.0,0.0
2014-09-11 18:44:48+00:00,254.32000000000002,1.0,0.0,1.0,0.0
2014-09-11 18:44:54+00:00,253.85333333333332,1.0,0.0,0.0,0.0
2014-09-11 18:45:00+00:00,253.50666666666666,1.0,0.0,1.0,0.0
2014-09-11 18:45:06+00:00,253.66666666666666,0.0,0.0,1.0,0.0
2014-09-11 18:45:12+00:00,253.70666666666668,1.0,0.0,1.0,0.0
2014-09-11 18:45:18+00:00,253.08333333333334,1.0,0.0,0.0,0.0
2014-09-11 18:45:24+00:00,253.84166666666667,1.0,0.0,1.0,0.0
2014-09-11 18:45:30+00:00,254.35333333333335,1.0,0.0,1.0,0.0
2014-09-11 18:45:36+00:00,253.89833333333334,1.0,0.0,1.0,0.0
2014-09-11 18:45:42+00:00,253.99166666666667,1.0,0.0,1.0,0.0
2014-09-11 18:45:48+00:00,253.88833333333332,0.0,0.0,1.0,0.0
2014-09-11 18:45:54+00:00,253.995,1.0,0.0,1.0,0.0
2014-09-11 18:46:00+00:00,253.16,1.0,0.0,1.0,0.0
2014-09-11 18:46:06+00:00,253.03166666666667,1.0,0.0,1.0,0.0
2014-09-11 18:46:12+00:00,252.5583333333333,1.0,0.0,1.0,0.0
2014-09-11 18:46:18+00:00,252.74,1.0,0.0,1.0,0.0
2014-09-11 18:46:24+00:00,253.04166666666666,1.0,0.0,1.0,0.0
2014-09-11 18:46:30+00:00,253.37333333333333,1.0,0.0,0.0,0.0
2014-09-11 18:46:36+00:00,253.50666666666666,0.0,0.0,1.0,0.0
2014-09-11 18:46:42+00:00,254.11833333333334,1.0,0.0,1.0,0.0
2014-09-11 18:46:48+00:00,254.03166666666667,1.0,0.0,1.0,0.0
2014-09-11 18:46:54+00:00,252.29833333333332,1.0,0.0,0.0,0.0
2014-09-11 18:47:00+00:00,252.85500000000002,1.0,0.0,1.0,0.0
2014-09-11 18:47:06+00:00,253.21833333333333,1.0,0.0,1.0,0.0
2014-09-11 18:47:12+00:00,253.30166666666665,1.0,0.0,1.0,0.0
2014-09-11 18:47:18+00:00,253.14166666666665,0.0,0.0,1.0,0.0
2014-09-11 18:47:24+00:00,251.91333333333333,1.0,0.0,1.0,0.0
2014-09-11 18:47:30+00:00,252.45000000000002,1.0,0.0,1.0,0.0
2014-09-11 18:47:36+00:00,251.91833333333332,1.0,0.0,1.0,0.0
2014-09-11 18:47:42+00:00,251.72166666666666,1.0,0.0,0.0,0.0
2014-09-11 18:47:48+00:00,252.06833333333336,1.0,0.0,1.0,0.0
2014-09-11 18:47:54+00:00,250.8083333333333,1.0,0.0,1.0,0.0
2014-09-11 18:48:00+00:00,251.115,1.0,0.0,1.0,0.0
2014-09-11 18:48:06+00:00,252.12333333333333,1.0,0.0,1.0,0.0
2014-09-11 18:48:12+00:00,251.18833333333336,0.0,0.0,1.0,0.0
2014-09-11 18:48:18+00:00,252.08333333333334,1.0,0.0,1.0,0.0
2014-09-11 18:48:24+00:00,353.435,1.0,0.0,1.0,0.0
2014-09-11 18:48:30+00:00,1646.4866666666667,1.0,0.0,244.0,0.0
2014-09-11 18:48:36+00:00,1850.7733333333333,1.0,0.0,1582.0,0.0
2014-09-11 18:48:42+00:00,1852.1599999999999,1.0,0.0,0.0,0.0
2014-09-11 18:48:48+00:00,1847.0416666666667,1.0,0.0,1573.0,0.0
2014-09-11 18:48:54+00:00,1847.5316666666668,1.0,0.0,1583.0,0.0
2014-09-11 18:49:00+00:00,1842.9399999999998,0.0,0.0,1595.0,0.0
2014-09-11 18:49:06+00:00,1842.2933333333333,1.0,0.0,1572.0,0.0
2014-09-11 18:49:12+00:00,1792.6085714285714,1.0,0.0,1567.0,0.0
2014-09-11 18:49:18+00:00,1745.614,1.0,0.0,1580.0,0.0
2014-09-11 18:49:24+00:00,1745.712857142857,1.0,0.0,1582.0,0.0
2014-09-11 18:49:30+00:00,1736.5333333333335,1.0,0.0,0.0,0.0
2014-09-11 18:49:36+00:00,1732.0433333333333,1.0,0.0,1560.0,0.0
2014-09-11 18:49:42+00:00,1732.2816666666668,1.0,0.0,1569.0,0.0
2014-09-11 18:49:48+00:00,1722.4316666666666,1.0,0.0,1573.0,0.0
2014-09-11 18:49:54+00:00,1728.7816666666668,0.0,0.0,1563.0,0.0
2014-09-11 18:50:00+00:00,1719.8866666666665,1.0,0.0,1569.0,0.0
2014-09-11 18:50:06+00:00,1718.2733333333333,1.0,0.0,0.0,0.0
2014-09-11 18:50:12+00:00,1714.6000000000001,1.0,0.0,1542.0,0.0
2014-09-11 18:50:18+00:00,1703.3616666666667,1.0,0.0,1539.0,0.0
2014-09-11 18:50:24+00:00,1708.7699999999998,1.0,0.0,1533.0,0.0
2014-09-11 18:50:30+00:00,1706.2766666666666,1.0,0.0,1530.0,0.0
2014-09-11 18:50:36+00:00,1701.4716666666666,1.0,0.0,1529.0,0.0
2014-09-11 18:50:42+00:00,1701.11,1.0,0.0,1528.0,0.0
2014-09-11 18:50:48+00:00,1692.2983333333334,1.0,0.0,1540.0,0.0
2014-09-11 18:50:54+00:00,1687.8933333333334,0.0,0.0,1515.0,0.0
2014-09-11 18:51:00+00:00,1677.8566666666666,1.0,0.0,1523.0,0.0
2014-09-11 18:51:06+00:00,1669.9216666666669,1.0,0.0,1506.0,0.0
2014-09-11 18:51:12+00:00,1674.595,1.0,0.0,0.0,0.0
2014-09-11 18:51:18+00:00,1657.7466666666667,1.0,0.0,1517.0,0.0
2014-09-11 18:51:24+00:00,1669.2633333333333,1.0,0.0,1503.0,0.0
2014-09-11 18:51:30+00:00,1661.4983333333332,1.0,0.0,1501.0,0.0
2014-09-11 18:51:36+00:00,1655.83,1.0,0.0,1503.0,0.0
2014-09-11 18:51:42+00:00,1659.265,1.0,0.0,1490.0,0.0
2014-09-11 18:51:48+00:00,1646.7183333333332,0.0,0.0,1503.0,0.0
2014-09-11 18:51:54+00:00,1651.3566666666666,1.0,0.0,1476.0,0.0
2014-09-11 18:52:00+00:00,1648.3616666666667,1.0,0.0,1483.0,0.0
2014-09-11 18:52:06+00:00,1647.235,1.0,0.0,1475.0,0.0
2014-09-11 18:52:12+00:00,1657.2616666666665,1.0,0.0,1465.0,0.0
2014-09-11 18:52:18+00:00,1642.1833333333334,1.0,0.0,1473.0,0.0
2014-09-11 18:52:24+00:00,1656.7133333333331,1.0,0.0,1457.0,0.0
2014-09-11 18:52:30+00:00,1657.2383333333335,1.0,0.0,1475.0,0.0
2014-09-11 18:52:36+00:00,1649.8883333333333,1.0,0.0,0.0,0.0
2014-09-11 18:52:42+00:00,1656.8483333333334,1.0,0.0,0.0,0.0
2014-09-11 18:52:48+00:00,1638.9766666666667,0.0,0.0,1463.0,0.0
2014-09-11 18:52:54+00:00,1644.1499999999999,1.0,0.0,1453.0,0.0
2014-09-11 18:53:00+00:00,1638.01,1.0,0.0,1438.0,0.0
2014-09-11 18:53:06+00:00,1633.95,1.0,0.0,1425.0,0.0
2014-09-11 18:53:12+00:00,1642.3083333333334,1.0,0.0,1446.0,0.0
2014-09-11 18:53:18+00:00,1628.245,1.0,0.0,1429.0,0.0
2014-09-11 18:53:24+00:00,1630.5600000000002,1.0,0.0,1429.0,0.0
2014-09-11 18:53:30+00:00,1627.635,1.0,0.0,1431.0,0.0
2014-09-11 18:53:36+00:00,1624.2783333333334,1.0,0.0,0.0,0.0
2014-09-11 18:53:42+00:00,1626.8883333333333,1.0,0.0,1422.0,0.0
2014-09-11 18:53:48+00:00,1607.8383333333334,0.0,0.0,1423.0,0.0
2014-09-11 18:53:54+00:00,1616.7300000000002,1.0,0.0,1408.0,0.0
2014-09-11 18:54:00+00:00,1599.6266666666668,1.0,0.0,1413.0,0.0
2014-09-11 18:54:06+00:00,1584.075,1.0,0.0,1415.0,0.0
2014-09-11 18:54:12+00:00,1590.8416666666665,1.0,0.0,1411.0,0.0
2014-09-11 18:54:18+00:00,1577.0666666666666,1.0,0.0,1416.0,0.0
2014-09-11 18:54:24+00:00,1579.4116666666666,1.0,0.0,1404.0,0.0
2014-09-11 18:54:30+00:00,1578.575,1.0,0.0,1412.0,0.0
2014-09-11 18:54:36+00:00,1568.5783333333331,1.0,0.0,0.0,0.0
2014-09-11 18:54:42+00:00,1574.6966666666667,1.0,0.0,1394.0,0.0
2014-09-11 18:54:48+00:00,1561.7633333333333,1.0,0.0,1409.0,0.0
2014-09-11 18:54:54+00:00,1563.6066666666666,0.0,0.0,1381.0,0.0
2014-09-11 18:55:00+00:00,1558.045,1.0,0.0,1403.0,0.0
2014-09-11 18:55:06+00:00,1548.3966666666665,1.0,0.0,1390.0,0.0
2014-09-11 18:55:12+00:00,1559.1000000000001,1.0,0.0,1376.0,0.0
2014-09-11 18:55:18+00:00,1544.3383333333334,1.0,0.0,1384.0,0.0
2014-09-11 18:55:24+00:00,1553.7,1.0,0.0,1378.0,0.0
2014-09-11 18:55:30+00:00,1553.51,1.0,0.0,1384.0,0.0
2014-09-11 18:55:36+00:00,558.62,1.0,0.0,1374.0,0.0
2014-09-11 18:55:42+00:00,172.93833333333336,1.0,0.0,0.0,0.0
2014-09-11 18:55:48+00:00,172.58,1.0,0.0,0.0,0.0
2014-09-11 18:55:54+00:00,172.0583333333333,1.0,0.0,1.0,0.0
2014-09-11 18:56:00+00:00,172.17,0.0,0.0,1.0,0.0
2014-09-11 18:56:06+00:00,171.83,1.0,0.0,1.0,0.0
2014-09-11 18:56:12+00:00,171.71166666666667,1.0,0.0,1.0,0.0
2014-09-11 18:56:18+00:00,171.16166666666666,1.0,0.0,1.0,0.0
2014-09-11 18:56:24+00:00,170.975,1.0,0.0,1.0,0.0
2014-09-11 18:56:30+00:00,171.12,1.0,0.0,0.0,0.0
2014-09-11 18:56:36+00:00,171.53,1.0,0.0,1.0,0.0
2014-09-11 18:56:42+00:00,171.245,0.0,0.0,1.0,0.0
2014-09-11 18:56:48+00:00,171.07333333333335,1.0,0.0,1.0,0.0
2014-09-11 18:56:54+00:00,171.09166666666667,1.0,0.0,0.0,0.0
2014-09-11 18:57:00+00:00,171.39666666666668,0.0,0.0,1.0,0.0
2014-09-11 18:57:06+00:00,171.54999999999998,1.0,0.0,1.0,0.0
2014-09-11 18:57:12+00:00,171.835,1.0,0.0,1.0,0.0
2014-09-11 18:57:18+00:00,171.92,1.0,0.0,1.0,0.0
2014-09-11 18:57:24+00:00,172.15,1.0,0.0,1.0,0.0
2014-09-11 18:57:30+00:00,172.20666666666668,1.0,0.0,1.0,0.0
2014-09-11 18:57:36+00:00,172.74333333333334,1.0,0.0,1.0,0.0
2014-09-11 18:57:42+00:00,172.23166666666665,1.0,0.0,1.0,0.0
2014-09-11 18:57:48+00:00,172.0,1.0,0.0,0.0,0.0
2014-09-11 18:57:54+00:00,171.87166666666667,1.0,0.0,1.0,0.0
2014-09-11 18:58:00+00:00,171.365,0.0,0.0,1.0,0.0
2014-09-11 18:58:06+00:00,171.57666666666668,1.0,0.0,1.0,0.0
2014-09-11 18:58:12+00:00,171.90833333333333,1.0,0.0,1.0,0.0
2014-09-11 18:58:18+00:00,171.93666666666664,1.0,0.0,1.0,0.0
2014-09-11 18:58:24+00:00,171.49166666666667,1.0,0.0,1.0,0.0
2014-09-11 18:58:30+00:00,171.37166666666667,1.0,0.0,0.0,0.0
2014-09-11 18:58:36+00:00,171.405,0.0,0.0,1.0,0.0
2014-09-11 18:58:42+00:00,171.52666666666664,1.0,0.0,1.0,0.0
2014-09-11 18:58:48+00:00,170.32166666666666,1.0,0.0,1.0,0.0
2014-09-11 18:58:54+00:00,170.52666666666667,1.0,0.0,1.0,0.0
2014-09-11 18:59:00+00:00,170.45166666666668,1.0,0.0,1.0,0.0
2014-09-11 18:59:06+00:00,169.62833333333333,1.0,0.0,0.0,0.0
2014-09-11 18:59:12+00:00,169.64666666666668,1.0,0.0,1.0,0.0
2014-09-11 18:59:18+00:00,169.92499999999998,1.0,0.0,1.0,0.0
2014-09-11 18:59:24+00:00,170.26,1.0,0.0,1.0,0.0
2014-09-11 18:59:30+00:00,170.095,0.0,0.0,1.0,0.0
2014-09-11 18:59:36+00:00,170.07833333333335,1.0,0.0,1.0,0.0
2014-09-11 18:59:42+00:00,170.41,1.0,0.0,0.0,0.0
2014-09-11 18:59:48+00:00,170.125,1.0,0.0,1.0,0.0
2014-09-11 18:59:54+00:00,170.36333333333334,1.0,0.0,1.0,0.0
2014-09-11 19:00:00+00:00,250.06000000000003,0.0,0.0,1.0,0.0
2014-09-11 19:00:06+00:00,257.7,1.0,0.0,1.0,0.0
2014-09-11 19:00:12+00:00,256.3383333333333,1.0,0.0,1.0,0.0
2014-09-11 19:00:18+00:00,2426.351666666667,1.0,0.0,1.0,0.0
2014-09-11 19:00:24+00:00,2673.931666666667,1.0,0.0,1.0,0.0
2014-09-11 19:00:30+00:00,2653.8883333333333,1.0,0.0,1.0,0.0
2014-09-11 19:00:36+00:00,2641.8366666666666,1.0,0.0,1.0,0.0
2014-09-11 19:00:42+00:00,2635.5016666666666,1.0,0.0,0.0,0.0
2014-09-11 19:00:48+00:00,2637.4216666666666,0.0,0.0,1.0,0.0
2014-09-11 19:00:54+00:00,2634.1,1.0,0.0,1.0,0.0
2014-09-11 19:01:00+00:00,2641.595,1.0,0.0,0.0,0.0
2014-09-11 19:01:06+00:00,2645.16,1.0,0.0,1.0,0.0
2014-09-11 19:01:12+00:00,2660.3783333333336,1.0,17.0,1.0,0.0
2014-09-11 19:01:18+00:00,2668.27,1.0,0.0,1.0,0.0
2014-09-11 19:01:24+00:00,2673.2483333333334,1.0,17.0,1.0,0.0
2014-09-11 19:01:30+00:00,2680.32,1.0,17.0,1.0,0.0
2014-09-11 19:01:36+00:00,2675.43,1.0,17.0,1.0,0.0
2014-09-11 19:01:42+00:00,2674.241666666667,1.0,17.0,0.0,0.0
2014-09-11 19:01:48+00:00,2661.79,1.0,17.0,1.0,0.0
2014-09-11 19:01:54+00:00,2653.491666666667,1.0,0.0,1.0,0.0
2014-09-11 19:02:00+00:00,2665.5866666666666,1.0,0.0,1.0,0.0
2014-09-11 19:02:06+00:00,2656.93,1.0,0.0,1.0,0.0
2014-09-11 19:02:12+00:00,2587.648333333333,1.0,0.0,1.0,0.0
2014-09-11 19:02:18+00:00,2581.5633333333335,0.0,0.0,1.0,0.0
2014-09-11 19:02:24+00:00,2580.741666666667,1.0,0.0,1.0,0.0
2014-09-11 19:02:30+00:00,2572.8816666666667,1.0,0.0,1.0,0.0
2014-09-11 19:02:36+00:00,2758.1299999999997,1.0,0.0,1.0,0.0
2014-09-11 19:02:42+00:00,2688.61,1.0,0.0,1.0,0.0
2014-09-11 19:02:48+00:00,2679.505,1.0,0.0,1.0,0.0
2014-09-11 19:02:54+00:00,2674.681666666667,1.0,0.0,1.0,0.0
2014-09-11 19:03:00+00:00,1695.5833333333333,1.0,0.0,1.0,0.0
2014-09-11 19:03:06+00:00,281.61833333333334,1.0,0.0,0.0,0.0
2014-09-11 19:03:12+00:00,281.93,0.0,0.0,1.0,0.0
2014-09-11 19:03:18+00:00,279.6466666666667,1.0,0.0,1.0,0.0
2014-09-11 19:03:24+00:00,342.1483333333333,1.0,0.0,1.0,0.0
2014-09-11 19:03:30+00:00,346.3766666666667,1.0,0.0,0.0,0.0
2014-09-11 19:03:36+00:00,358.66833333333335,1.0,0.0,1.0,0.0
2014-09-11 19:03:42+00:00,351.44166666666666,1.0,0.0,1.0,0.0
2014-09-11 19:03:48+00:00,349.12833333333333,1.0,0.0,1.0,0.0
2014-09-11 19:03:54+00:00,345.71000000000004,1.0,0.0,1.0,0.0
2014-09-11 19:04:00+00:00,351.02833333333336,1.0,0.0,1.0,0.0
2014-09-11 19:04:06+00:00,353.50333333333333,0.0,0.0,1.0,0.0
2014-09-11 19:04:12+00:00,353.0733333333333,1.0,0.0,1.0,0.0
2014-09-11 19:04:18+00:00,354.2683333333334,1.0,0.0,1.0,0.0
2014-09-11 19:04:24+00:00,352.54333333333335,1.0,0.0,1.0,0.0
2014-09-11 19:04:30+00:00,352.3616666666667,1.0,0.0,0.0,0.0
2014-09-11 19:04:36+00:00,351.62000000000006,0.0,0.0,1.0,0.0
2014-09-11 19:04:42+00:00,351.1816666666667,1.0,0.0,1.0,0.0
2014-09-11 19:04:48+00:00,350.81,1.0,0.0,1.0,0.0
2014-09-11 19:04:54+00:00,350.09,1.0,0.0,1.0,0.0
2014-09-11 19:05:00+00:00,374.7733333333333,1.0,0.0,1.0,0.0
2014-09-11 19:05:06+00:00,363.815,1.0,0.0,1.0,0.0
2014-09-11 19:05:12+00:00,360.1766666666667,1.0,0.0,0.0,0.0
2014-09-11 19:05:18+00:00,368.1016666666667,1.0,0.0,1.0,0.0
2014-09-11 19:05:24+00:00,375.4983333333334,1.0,0.0,1.0,0.0
2014-09-11 19:05:30+00:00,364.0716666666667,0.0,0.0,1.0,0.0
2014-09-11 19:05:36+00:00,360.595,1.0,0.0,1.0,0.0
2014-09-11 19:05:42+00:00,360.34999999999997,1.0,0.0,1.0,0.0
2014-09-11 19:05:48+00:00,358.45166666666665,1.0,0.0,0.0,0.0
2014-09-11 19:05:54+00:00,357.91166666666663,0.0,0.0,1.0,0.0
2014-09-11 19:06:00+00:00,358.2833333333333,1.0,0.0,1.0,0.0
2014-09-11 19:06:06+00:00,362.4066666666667,1.0,0.0,1.0,0.0
2014-09-11 19:06:12+00:00,359.43833333333333,1.0,0.0,1.0,0.0
2014-09-11 19:06:18+00:00,375.02666666666664,1.0,0.0,1.0,0.0
2014-09-11 19:06:24+00:00,370.885,1.0,0.0,1.0,0.0
2014-09-11 19:06:30+00:00,361.8333333333333,1.0,0.0,1.0,0.0
2014-09-11 19:06:36+00:00,373.605,1.0,0.0,1.0,0.0
2014-09-11 19:06:42+00:00,366.1066666666666,1.0,0.0,0.0,0.0
2014-09-11 19:06:48+00:00,365.56,1.0,0.0,1.0,0.0
2014-09-11 19:06:54+00:00,369.46999999999997,1.0,0.0,1.0,0.0
2014-09-11 19:07:00+00:00,359.675,1.0,0.0,1.0,0.0
2014-09-11 19:07:06+00:00,359.48333333333335,1.0,0.0,1.0,0.0
2014-09-11 19:07:12+00:00,363.0733333333333,1.0,0.0,1.0,0.0
2014-09-11 19:07:18+00:00,370.26500000000004,0.0,0.0,1.0,0.0
2014-09-11 19:07:24+00:00,371.8416666666667,1.0,0.0,1.0,0.0
2014-09-11 19:07:30+00:00,368.6483333333333,1.0,0.0,1.0,0.0
2014-09-11 19:07:36+00:00,362.7366666666667,1.0,0.0,0.0,0.0
2014-09-11 19:07:42+00:00,362.40166666666664,0.0,0.0,1.0,0.0
2014-09-11 19:07:48+00:00,369.07,1.0,0.0,1.0,0.0
2014-09-11 19:07:54+00:00,363.2616666666667,1.0,0.0,0.0,0.0
2014-09-11 19:08:00+00:00,371.83666666666664,0.0,0.0,1.0,0.0
2014-09-11 19:08:06+00:00,366.94666666666666,1.0,0.0,1.0,0.0
2014-09-11 19:08:12+00:00,364.73499999999996,1.0,0.0,1.0,0.0
2014-09-11 19:08:18+00:00,373.12166666666667,1.0,0.0,1.0,0.0
2014-09-11 19:08:24+00:00,379.72333333333336,1.0,0.0,1.0,0.0
2014-09-11 19:08:30+00:00,371.625,1.0,0.0,1.0,0.0
2014-09-11 19:08:36+00:00,377.9066666666667,1.0,0.0,1.0,0.0
2014-09-11 19:08:42+00:00,369.44,1.0,0.0,1.0,0.0
2014-09-11 19:08:48+00:00,366.23,1.0,0.0,1.0,0.0
2014-09-11 19:08:54+00:00,370.9916666666666,1.0,0.0,0.0,0.0
2014-09-11 19:09:00+00:00,376.9116666666667,1.0,0.0,1.0,0.0
2014-09-11 19:09:06+00:00,366.4583333333333,0.0,0.0,1.0,0.0
2014-09-11 19:09:12+00:00,366.405,1.0,0.0,1.0,0.0
2014-09-11 19:09:18+00:00,380.2633333333333,1.0,0.0,1.0,0.0
2014-09-11 19:09:24+00:00,360.25500000000005,1.0,0.0,1.0,0.0
2014-09-11 19:09:30+00:00,381.33500000000004,1.0,0.0,1.0,0.0
2014-09-11 19:09:36+00:00,387.51500000000004,1.0,0.0,1.0,0.0
2014-09-11 19:09:42+00:00,387.05833333333334,1.0,0.0,0.0,0.0
2014-09-11 19:09:48+00:00,392.4266666666667,0.0,0.0,1.0,0.0
2014-09-11 19:09:54+00:00,396.14166666666665,1.0,0.0,1.0,0.0
2014-09-11 19:10:00+00:00,396.6016666666667,1.0,0.0,1.0,0.0
2014-09-11 19:10:06+00:00,395.375,1.0,0.0,0.0,0.0
2014-09-11 19:10:12+00:00,391.2583333333334,0.0,0.0,1.0,0.0
2014-09-11 19:10:18+00:00,394.0333333333333,1.0,0.0,1.0,0.0
2014-09-11 19:10:24+00:00,369.8766666666667,1.0,0.0,1.0,0.0
2014-09-11 19:10:30+00:00,363.715,1.0,0.0,1.0,0.0
2014-09-11 19:10:36+00:00,361.74,1.0,0.0,1.0,0.0
2014-09-11 19:10:42+00:00,359.08666666666664,1.0,0.0,0.0,0.0
2014-09-11 19:10:48+00:00,361.3516666666667,0.0,0.0,1.0,0.0
2014-09-11 19:10:54+00:00,367.63166666666666,1.0,0.0,1.0,0.0
2014-09-11 19:11:00+00:00,373.9583333333333,1.0,0.0,1.0,0.0
2014-09-11 19:11:06+00:00,366.4983333333333,1.0,0.0,1.0,0.0
2014-09-11 19:11:12+00:00,367.89166666666665,1.0,0.0,1.0,0.0
2014-09-11 19:11:18+00:00,368.50333333333333,1.0,0.0,0.0,0.0
2014-09-11 19:11:24+00:00,367.2633333333333,0.0,0.0,1.0,0.0
2014-09-11 19:11:30+00:00,365.7,1.0,0.0,1.0,0.0
2014-09-11 19:11:36+00:00,362.66,1.0,0.0,1.0,0.0
2014-09-11 19:11:42+00:00,368.705,1.0,0.0,0.0,0.0
2014-09-11 19:11:48+00:00,362.195,0.0,0.0,1.0,0.0
2014-09-11 19:11:54+00:00,364.7966666666666,1.0,0.0,1.0,0.0
2014-09-11 19:12:00+00:00,374.9866666666667,1.0,0.0,1.0,0.0
2014-09-11 19:12:06+00:00,374.24666666666667,1.0,0.0,1.0,0.0
2014-09-11 19:12:12+00:00,365.90000000000003,1.0,0.0,1.0,0.0
2014-09-11 19:12:18+00:00,367.385,1.0,0.0,1.0,0.0
2014-09-11 19:12:24+00:00,368.7316666666666,1.0,0.0,1.0,0.0
2014-09-11 19:12:30+00:00,370.73499999999996,1.0,0.0,1.0,0.0
2014-09-11 19:12:36+00:00,371.7483333333333,1.0,0.0,0.0,0.0
2014-09-11 19:12:42+00:00,376.8416666666667,1.0,0.0,1.0,0.0
2014-09-11 19:12:48+00:00,375.57,0.0,0.0,1.0,0.0
2014-09-11 19:12:54+00:00,370.575,1.0,0.0,1.0,0.0
2014-09-11 19:13:00+00:00,370.8983333333333,1.0,0.0,1.0,0.0
2014-09-11 19:13:06+00:00,365.60833333333335,1.0,0.0,1.0,0.0
2014-09-11 19:13:12+00:00,365.84,1.0,0.0,1.0,0.0
2014-09-11 19:13:18+00:00,367.60999999999996,1.0,0.0,1.0,0.0
2014-09-11 19:13:24+00:00,370.855,1.0,0.0,0.0,0.0
2014-09-11 19:13:30+00:00,367.9483333333333,0.0,0.0,1.0,0.0
2014-09-11 19:13:36+00:00,373.2633333333333,1.0,0.0,1.0,0.0
2014-09-11 19:13:42+00:00,373.36,1.0,0.0,1.0,0.0
2014-09-11 19:13:48+00:00,374.704,1.0,0.0,1.0,0.0
2014-09-11 19:13:54+00:00,382.47333333333336,1.0,0.0,1.0,0.0
2014-09-11 19:14:00+00:00,386.87166666666667,1.0,0.0,1.0,0.0
2014-09-11 19:14:06+00:00,385.17333333333335,1.0,0.0,0.0,0.0
2014-09-11 19:14:12+00:00,400.55571428571426,0.0,0.0,1.0,0.0
2014-09-11 19:14:18+00:00,405.25,1.0,0.0,1.0,0.0
2014-09-11 19:14:24+00:00,382.6385714285715,1.0,0.0,0.0,0.0
2014-09-11 19:14:30+00:00,374.74333333333334,0.0,0.0,1.0,0.0
2014-09-11 19:14:36+00:00,371.36833333333334,1.0,0.0,1.0,0.0
2014-09-11 19:14:42+00:00,363.46166666666664,1.0,0.0,1.0,0.0
2014-09-11 19:14:48+00:00,363.32666666666665,1.0,0.0,1.0,0.0
2014-09-11 19:14:54+00:00,367.2633333333333,1.0,0.0,1.0,0.0
2014-09-11 19:15:00+00:00,369.785,1.0,0.0,1.0,0.0
2014-09-11 19:15:06+00:00,370.07166666666666,1.0,0.0,0.0,0.0
2014-09-11 19:15:12+00:00,366.12833333333333,1.0,0.0,1.0,0.0
2014-09-11 19:15:18+00:00,381.17,0.0,0.0,1.0,0.0
2014-09-11 19:15:24+00:00,379.46333333333337,1.0,0.0,1.0,0.0
2014-09-11 19:15:30+00:00,375.76,1.0,0.0,0.0,0.0
2014-09-11 19:15:36+00:00,379.0916666666667,1.0,0.0,1.0,0.0
2014-09-11 19:15:42+00:00,383.25500000000005,1.0,0.0,1.0,0.0
2014-09-11 19:15:48+00:00,382.4066666666667,1.0,0.0,1.0,0.0
2014-09-11 19:15:54+00:00,361.83500000000004,0.0,0.0,1.0,0.0
2014-09-11 19:16:00+00:00,360.48333333333335,1.0,0.0,1.0,0.0
2014-09-11 19:16:06+00:00,359.0116666666666,1.0,0.0,1.0,0.0
2014-09-11 19:16:12+00:00,361.08666666666664,1.0,0.0,1.0,0.0
2014-09-11 19:16:18+00:00,362.34666666666664,1.0,0.0,1.0,0.0
2014-09-11 19:16:24+00:00,367.02500000000003,1.0,0.0,1.0,0.0
2014-09-11 19:16:30+00:00,355.4916666666666,1.0,0.0,0.0,0.0
2014-09-11 19:16:36+00:00,379.70166666666665,0.0,0.0,1.0,0.0
2014-09-11 19:16:42+00:00,370.455,1.0,0.0,1.0,0.0
2014-09-11 19:16:48+00:00,368.70666666666665,1.0,0.0,0.0,0.0
2014-09-11 19:16:54+00:00,372.69666666666666,1.0,0.0,1.0,0.0
2014-09-11 19:17:00+00:00,373.7316666666666,1.0,0.0,1.0,0.0
2014-09-11 19:17:06+00:00,371.22166666666664,1.0,0.0,1.0,0.0
2014-09-11 19:17:12+00:00,376.59833333333336,0.0,0.0,1.0,0.0
2014-09-11 19:17:18+00:00,363.77500000000003,1.0,0.0,1.0,0.0
2014-09-11 19:17:24+00:00,373.16499999999996,1.0,0.0,1.0,0.0
2014-09-11 19:17:30+00:00,373.1366666666666,1.0,0.0,1.0,0.0
2014-09-11 19:17:36+00:00,389.93,1.0,0.0,1.0,0.0
2014-09-11 19:17:42+00:00,370.39166666666665,1.0,0.0,0.0,0.0
2014-09-11 19:17:48+00:00,375.125,0.0,0.0,1.0,0.0
2014-09-11 19:17:54+00:00,372.895,1.0,0.0,1.0,0.0
2014-09-11 19:18:00+00:00,363.15333333333336,1.0,0.0,1.0,0.0
2014-09-11 19:18:06+00:00,379.22166666666664,1.0,0.0,0.0,0.0
2014-09-11 19:18:12+00:00,377.2916666666667,0.0,0.0,1.0,0.0
2014-09-11 19:18:18+00:00,374.23333333333335,1.0,0.0,1.0,0.0
2014-09-11 19:18:24+00:00,375.7716666666667,1.0,0.0,1.0,0.0
2014-09-11 19:18:30+00:00,369.45666666666665,1.0,0.0,0.0,0.0
2014-09-11 19:18:36+00:00,369.6433333333334,1.0,0.0,1.0,0.0
2014-09-11 19:18:42+00:00,377.2166666666667,1.0,0.0,1.0,0.0
2014-09-11 19:18:48+00:00,377.3933333333334,0.0,0.0,1.0,0.0
2014-09-11 19:18:54+00:00,370.66,1.0,0.0,1.0,0.0
2014-09-11 19:19:00+00:00,379.2816666666667,1.0,0.0,0.0,0.0
2014-09-11 19:19:06+00:00,378.37166666666667,0.0,0.0,1.0,0.0
2014-09-11 19:19:12+00:00,372.945,1.0,0.0,1.0,0.0
2014-09-11 19:19:18+00:00,385.44666666666666,1.0,0.0,1.0,0.0
2014-09-11 19:19:24+00:00,380.80333333333334,1.0,0.0,1.0,0.0
2014-09-11 19:19:30+00:00,390.77500000000003,1.0,0.0,1.0,0.0
2014-09-11 19:19:36+00:00,387.825,1.0,0.0,1.0,0.0
2014-09-11 19:19:42+00:00,379.9266666666667,1.0,0.0,0.0,0.0
2014-09-11 19:19:48+00:00,388.13333333333327,1.0,0.0,1.0,0.0
2014-09-11 19:19:54+00:00,390.90333333333336,1.0,0.0,1.0,0.0
2014-09-11 19:20:00+00:00,382.0083333333334,1.0,0.0,0.0,0.0
2014-09-11 19:20:06+00:00,376.2383333333333,0.0,0.0,1.0,0.0
2014-09-11 19:20:12+00:00,383.83166666666665,1.0,0.0,1.0,0.0
2014-09-11 19:20:18+00:00,377.0733333333333,1.0,0.0,1.0,0.0
2014-09-11 19:20:24+00:00,373.8066666666667,1.0,0.0,0.0,0.0
2014-09-11 19:20:30+00:00,365.23333333333335,0.0,0.0,1.0,0.0
2014-09-11 19:20:36+00:00,368.875,1.0,0.0,1.0,0.0
2014-09-11 19:20:42+00:00,378.45,1.0,0.0,1.0,0.0
2014-09-11 19:20:48+00:00,380.24666666666667,1.0,0.0,1.0,0.0
2014-09-11 19:20:54+00:00,378.2483333333333,1.0,0.0,1.0,0.0
2014-09-11 19:21:00+00:00,382.8316666666667,1.0,0.0,1.0,0.0
2014-09-11 19:21:06+00:00,378.68333333333334,1.0,0.0,0.0,0.0
2014-09-11 19:21:12+00:00,383.7733333333333,1.0,0.0,1.0,0.0
2014-09-11 19:21:18+00:00,378.8066666666667,1.0,0.0,1.0,0.0
2014-09-11 19:21:24+00:00,379.615,1.0,0.0,1.0,0.0
2014-09-11 19:21:30+00:00,383.17333333333335,0.0,0.0,1.0,0.0
2014-09-11 19:21:36+00:00,370.06166666666667,1.0,0.0,1.0,0.0
2014-09-11 19:21:42+00:00,361.41333333333336,1.0,0.0,0.0,0.0
2014-09-11 19:21:48+00:00,366.5916666666667,1.0,0.0,1.0,0.0
2014-09-11 19:21:54+00:00,369.96,0.0,0.0,1.0,0.0
2014-09-11 19:22:00+00:00,367.38000000000005,1.0,0.0,1.0,0.0
2014-09-11 19:22:06+00:00,363.66833333333335,1.0,0.0,1.0,0.0
2014-09-11 19:22:12+00:00,367.68,1.0,0.0,1.0,0.0
2014-09-11 19:22:18+00:00,370.8066666666667,1.0,0.0,1.0,0.0
2014-09-11 19:22:24+00:00,371.4816666666666,1.0,0.0,1.0,0.0
2014-09-11 19:22:30+00:00,370.365,1.0,0.0,0.0,0.0
2014-09-11 19:22:36+00:00,370.6983333333333,0.0,0.0,1.0,0.0
2014-09-11 19:22:42+00:00,370.295,1.0,0.0,1.0,0.0
2014-09-11 19:22:48+00:00,371.08,1.0,0.0,1.0,0.0
2014-09-11 19:22:54+00:00,368.35999999999996,1.0,0.0,1.0,0.0
2014-09-11 19:23:00+00:00,363.6433333333334,1.0,0.0,0.0,0.0
2014-09-11 19:23:06+00:00,362.4466666666667,0.0,0.0,1.0,0.0
2014-09-11 19:23:12+00:00,363.21166666666664,1.0,0.0,1.0,0.0
2014-09-11 19:23:18+00:00,367.8616666666667,1.0,0.0,1.0,0.0
2014-09-11 19:23:24+00:00,368.61833333333334,1.0,0.0,0.0,0.0
2014-09-11 19:23:30+00:00,367.3633333333333,1.0,0.0,1.0,0.0
2014-09-11 19:23:36+00:00,354.6766666666667,1.0,0.0,1.0,0.0
2014-09-11 19:23:42+00:00,367.97,1.0,0.0,1.0,0.0
2014-09-11 19:23:48+00:00,369.6466666666667,1.0,0.0,1.0,0.0
2014-09-11 19:23:54+00:00,377.8433333333333,1.0,0.0,1.0,0.0
2014-09-11 19:24:00+00:00,377.075,1.0,0.0,1.0,0.0
2014-09-11 19:24:06+00:00,375.97166666666664,0.0,0.0,1.0,0.0
2014-09-11 19:24:12+00:00,368.565,1.0,0.0,1.0,0.0
2014-09-11 19:24:18+00:00,376.56166666666667,1.0,0.0,1.0,0.0
2014-09-11 19:24:24+00:00,618.6566666666666,1.0,0.0,0.0,0.0
2014-09-11 19:24:30+00:00,480.0133333333333,1.0,101.0,1.0,0.0
2014-09-11 19:24:36+00:00,472.58833333333337,1.0,98.0,1.0,0.0
2014-09-11 19:24:42+00:00,479.1333333333334,1.0,97.0,1.0,0.0
2014-09-11 19:24:48+00:00,483.58666666666664,0.0,95.0,1.0,0.0
2014-09-11 19:24:54+00:00,483.1433333333334,1.0,0.0,1.0,0.0
2014-09-11 19:25:00+00:00,480.90000000000003,1.0,94.0,1.0,0.0
2014-09-11 19:25:06+00:00,485.55833333333334,1.0,93.0,1.0,0.0
2014-09-11 19:25:12+00:00,478.4433333333333,1.0,92.0,0.0,0.0
2014-09-11 19:25:18+00:00,472.9983333333333,0.0,91.0,1.0,0.0
2014-09-11 19:25:24+00:00,480.21999999999997,1.0,0.0,1.0,0.0
2014-09-11 19:25:30+00:00,473.2916666666667,1.0,88.0,1.0,0.0
2014-09-11 19:25:36+00:00,473.73,1.0,87.0,0.0,0.0
2014-09-11 19:25:42+00:00,474.385,1.0,88.0,1.0,0.0
2014-09-11 19:25:48+00:00,476.04833333333335,0.0,87.0,1.0,0.0
2014-09-11 19:25:54+00:00,464.84999999999997,1.0,0.0,1.0,0.0
2014-09-11 19:26:00+00:00,477.2733333333333,1.0,88.0,1.0,0.0
2014-09-11 19:26:06+00:00,465.9766666666667,1.0,0.0,1.0,0.0
2014-09-11 19:26:12+00:00,462.5783333333333,1.0,89.0,1.0,0.0
2014-09-11 19:26:18+00:00,466.6233333333333,1.0,89.0,1.0,0.0
2014-09-11 19:26:24+00:00,460.1166666666666,1.0,90.0,0.0,0.0
2014-09-11 19:26:30+00:00,470.8183333333333,1.0,89.0,1.0,0.0
2014-09-11 19:26:36+00:00,473.4683333333333,0.0,90.0,1.0,0.0
2014-09-11 19:26:42+00:00,480.83666666666664,1.0,89.0,1.0,0.0
2014-09-11 19:26:48+00:00,468.55,1.0,89.0,1.0,0.0
2014-09-11 19:26:54+00:00,470.73333333333335,1.0,0.0,1.0,0.0
2014-09-11 19:27:00+00:00,462.41833333333335,1.0,89.0,1.0,0.0
2014-09-11 19:27:06+00:00,470.1983333333333,1.0,89.0,0.0,0.0
2014-09-11 19:27:12+00:00,468.78999999999996,1.0,88.0,1.0,0.0
2014-09-11 19:27:18+00:00,462.54833333333335,0.0,0.0,1.0,0.0
2014-09-11 19:27:24+00:00,463.9816666666666,1.0,88.0,1.0,0.0
2014-09-11 19:27:30+00:00,475.27833333333336,1.0,88.0,1.0,0.0
2014-09-11 19:27:36+00:00,464.68,1.0,88.0,1.0,0.0
2014-09-11 19:27:42+00:00,474.13000000000005,1.0,88.0,1.0,0.0
2014-09-11 19:27:48+00:00,468.54833333333335,1.0,88.0,1.0,0.0
2014-09-11 19:27:54+00:00,466.52,1.0,88.0,1.0,0.0
2014-09-11 19:28:00+00:00,471.6933333333333,1.0,88.0,0.0,0.0
2014-09-11 19:28:06+00:00,475.27833333333336,0.0,88.0,1.0,0.0
2014-09-11 19:28:12+00:00,466.62999999999994,1.0,0.0,1.0,0.0
2014-09-11 19:28:18+00:00,474.5916666666667,1.0,87.0,0.0,0.0
2014-09-11 19:28:24+00:00,455.3333333333333,0.0,87.0,1.0,0.0
2014-09-11 19:28:30+00:00,473.465,1.0,87.0,1.0,0.0
2014-09-11 19:28:36+00:00,472.17833333333334,1.0,0.0,1.0,0.0
2014-09-11 19:28:42+00:00,458.875,1.0,87.0,1.0,0.0
2014-09-11 19:28:48+00:00,457.195,1.0,87.0,1.0,0.0
2014-09-11 19:28:54+00:00,469.455,1.0,87.0,0.0,0.0
2014-09-11 19:29:00+00:00,474.61833333333334,0.0,0.0,1.0,0.0
2014-09-11 19:29:06+00:00,475.37833333333333,1.0,86.0,1.0,0.0
2014-09-11 19:29:12+00:00,475.61999999999995,1.0,86.0,1.0,0.0
2014-09-11 19:29:18+00:00,476.3866666666666,1.0,87.0,1.0,0.0
2014-09-11 19:29:24+00:00,469.73,1.0,86.0,1.0,0.0
2014-09-11 19:29:30+00:00,475.075,1.0,86.0,1.0,0.0
2014-09-11 19:29:36+00:00,473.57166666666666,1.0,86.0,1.0,0.0
2014-09-11 19:29:42+00:00,467.695,1.0,86.0,0.0,0.0
2014-09-11 19:29:48+00:00,469.89000000000004,1.0,86.0,1.0,0.0
2014-09-11 19:29:54+00:00,464.3433333333333,0.0,86.0,1.0,0.0
2014-09-11 19:30:00+00:00,465.3333333333333,1.0,0.0,1.0,0.0
2014-09-11 19:30:06+00:00,466.06666666666666,1.0,86.0,1.0,0.0
2014-09-11 19:30:12+00:00,468.14166666666665,1.0,86.0,1.0,0.0
2014-09-11 19:30:18+00:00,463.72,1.0,86.0,0.0,0.0
2014-09-11 19:30:24+00:00,472.14000000000004,1.0,86.0,1.0,0.0
2014-09-11 19:30:30+00:00,471.59999999999997,1.0,86.0,1.0,0.0
2014-09-11 19:30:36+00:00,474.17833333333334,1.0,86.0,1.0,0.0
2014-09-11 19:30:42+00:00,471.51666666666665,0.0,85.0,1.0,0.0
2014-09-11 19:30:48+00:00,474.9666666666667,1.0,0.0,1.0,0.0
2014-09-11 19:30:54+00:00,471.5333333333333,1.0,86.0,1.0,0.0
2014-09-11 19:31:00+00:00,474.44666666666666,1.0,86.0,1.0,0.0
2014-09-11 19:31:06+00:00,474.58,1.0,86.0,1.0,0.0
2014-09-11 19:31:12+00:00,478.42,1.0,85.0,1.0,0.0
2014-09-11 19:31:18+00:00,478.20166666666665,1.0,85.0,0.0,0.0
2014-09-11 19:31:24+00:00,477.6666666666667,1.0,85.0,1.0,0.0
2014-09-11 19:31:30+00:00,477.6716666666666,0.0,0.0,1.0,0.0
2014-09-11 19:31:36+00:00,477.6033333333333,1.0,85.0,1.0,0.0
2014-09-11 19:31:42+00:00,477.19166666666666,1.0,85.0,0.0,0.0
2014-09-11 19:31:48+00:00,476.45,1.0,85.0,1.0,0.0
2014-09-11 19:31:54+00:00,475.445,1.0,85.0,1.0,0.0
2014-09-11 19:32:00+00:00,470.6233333333333,1.0,85.0,1.0,0.0
2014-09-11 19:32:06+00:00,471.34,1.0,85.0,1.0,0.0
2014-09-11 19:32:12+00:00,473.42,0.0,84.0,1.0,0.0
2014-09-11 19:32:18+00:00,474.79333333333335,1.0,84.0,1.0,0.0
2014-09-11 19:32:24+00:00,469.5016666666667,1.0,0.0,1.0,0.0
2014-09-11 19:32:30+00:00,468.52500000000003,1.0,85.0,1.0,0.0
2014-09-11 19:32:36+00:00,467.3233333333333,1.0,85.0,0.0,0.0
2014-09-11 19:32:42+00:00,463.1033333333333,0.0,0.0,1.0,0.0
2014-09-11 19:32:48+00:00,468.815,1.0,84.0,1.0,0.0
2014-09-11 19:32:54+00:00,467.8966666666667,1.0,84.0,1.0,0.0
2014-09-11 19:33:00+00:00,467.0,1.0,84.0,1.0,0.0
2014-09-11 19:33:06+00:00,472.23333333333335,1.0,84.0,1.0,0.0
2014-09-11 19:33:12+00:00,450.30333333333334,1.0,84.0,0.0,0.0
2014-09-11 19:33:18+00:00,450.17,0.0,84.0,1.0,0.0
2014-09-11 19:33:24+00:00,451.13166666666666,1.0,0.0,1.0,0.0
2014-09-11 19:33:30+00:00,448.70166666666665,1.0,84.0,1.0,0.0
2014-09-11 19:33:36+00:00,447.7083333333333,1.0,84.0,1.0,0.0
2014-09-11 19:33:42+00:00,451.50666666666666,1.0,84.0,1.0,0.0
2014-09-11 19:33:48+00:00,445.00499999999994,1.0,84.0,1.0,0.0
2014-09-11 19:33:54+00:00,453.1933333333333,1.0,84.0,0.0,0.0
2014-09-11 19:34:00+00:00,443.4083333333333,0.0,0.0,1.0,0.0
2014-09-11 19:34:06+00:00,446.6566666666667,1.0,84.0,1.0,0.0
2014-09-11 19:34:12+00:00,442.97,1.0,84.0,1.0,0.0
2014-09-11 19:34:18+00:00,453.77500000000003,1.0,84.0,1.0,0.0
2014-09-11 19:34:24+00:00,456.48333333333335,1.0,84.0,0.0,0.0
2014-09-11 19:34:30+00:00,472.8983333333333,0.0,83.0,1.0,0.0
2014-09-11 19:34:36+00:00,474.03,1.0,84.0,1.0,0.0
2014-09-11 19:34:42+00:00,459.16499999999996,1.0,0.0,1.0,0.0
2014-09-11 19:34:48+00:00,469.2366666666667,1.0,83.0,1.0,0.0
2014-09-11 19:34:54+00:00,473.27,1.0,84.0,1.0,0.0
2014-09-11 19:35:00+00:00,474.0333333333333,1.0,83.0,0.0,0.0
2014-09-11 19:35:06+00:00,472.58,1.0,82.0,1.0,0.0
2014-09-11 19:35:12+00:00,450.41833333333335,0.0,0.0,1.0,0.0
2014-09-11 19:35:18+00:00,419.0566666666667,1.0,83.0,1.0,0.0
2014-09-11 19:35:24+00:00,365.6583333333333,1.0,84.0,1.0,0.0
2014-09-11 19:35:30+00:00,372.30833333333334,1.0,0.0,0.0,0.0
2014-09-11 19:35:36+00:00,374.395,1.0,0.0,1.0,0.0
2014-09-11 19:35:42+00:00,394.25,0.0,0.0,1.0,0.0
2014-09-11 19:35:48+00:00,389.81333333333333,1.0,0.0,1.0,0.0
2014-09-11 19:35:54+00:00,385.16333333333336,1.0,0.0,1.0,0.0
2014-09-11 19:36:00+00:00,384.53,1.0,0.0,1.0,0.0
2014-09-11 19:36:06+00:00,376.7583333333334,1.0,0.0,0.0,0.0
2014-09-11 19:36:12+00:00,377.7166666666667,1.0,0.0,1.0,0.0
2014-09-11 19:36:18+00:00,376.1133333333333,0.0,0.0,1.0,0.0
2014-09-11 19:36:24+00:00,381.0316666666667,1.0,0.0,1.0,0.0
2014-09-11 19:36:30+00:00,380.31166666666667,1.0,0.0,1.0,0.0
2014-09-11 19:36:36+00:00,377.4783333333333,1.0,0.0,1.0,0.0
2014-09-11 19:36:42+00:00,370.1766666666667,1.0,0.0,1.0,0.0
2014-09-11 19:36:48+00:00,374.9316666666667,1.0,0.0,0.0,0.0
2014-09-11 19:36:54+00:00,374.46000000000004,1.0,0.0,1.0,0.0
2014-09-11 19:37:00+00:00,369.3333333333333,0.0,0.0,1.0,0.0
2014-09-11 19:37:06+00:00,368.17833333333334,1.0,0.0,1.0,0.0
2014-09-11 19:37:12+00:00,363.60999999999996,1.0,0.0,1.0,0.0
2014-09-11 19:37:18+00:00,373.7833333333333,1.0,0.0,1.0,0.0
2014-09-11 19:37:24+00:00,365.53666666666663,1.0,0.0,1.0,0.0
2014-09-11 19:37:30+00:00,362.715,1.0,0.0,1.0,0.0
2014-09-11 19:37:36+00:00,368.72333333333336,1.0,0.0,1.0,0.0
2014-09-11 19:37:42+00:00,373.91333333333336,1.0,0.0,1.0,0.0
2014-09-11 19:37:48+00:00,375.6266666666666,1.0,0.0,1.0,0.0
2014-09-11 19:37:54+00:00,383.7728571428571,1.0,0.0,1.0,0.0
2014-09-11 19:38:00+00:00,385.2,1.0,0.0,1.0,0.0
2014-09-11 19:38:06+00:00,384.73285714285714,1.0,0.0,1.0,0.0
2014-09-11 19:38:12+00:00,377.48400000000004,1.0,0.0,0.0,0.0
2014-09-11 19:38:18+00:00,373.96714285714285,0.0,0.0,1.0,0.0
2014-09-11 19:38:24+00:00,377.1166666666666,1.0,0.0,1.0,0.0
2014-09-11 19:38:30+00:00,368.12166666666667,1.0,0.0,0.0,0.0
2014-09-11 19:38:36+00:00,376.5233333333333,1.0,0.0,1.0,0.0
2014-09-11 19:38:42+00:00,381.18,0.0,0.0,1.0,0.0
2014-09-11 19:38:48+00:00,377.44,1.0,0.0,1.0,0.0
2014-09-11 19:38:54+00:00,375.6116666666667,1.0,0.0,1.0,0.0
2014-09-11 19:39:00+00:00,377.7733333333333,1.0,0.0,1.0,0.0
2014-09-11 19:39:06+00:00,361.3283333333333,1.0,0.0,0.0,0.0
2014-09-11 19:39:12+00:00,364.59999999999997,1.0,0.0,1.0,0.0
2014-09-11 19:39:18+00:00,363.17,1.0,0.0,1.0,0.0
2014-09-11 19:39:24+00:00,366.17333333333335,1.0,0.0,1.0,0.0
2014-09-11 19:39:30+00:00,364.185,1.0,0.0,1.0,0.0
2014-09-11 19:39:36+00:00,361.2383333333333,1.0,0.0,1.0,0.0
2014-09-11 19:39:42+00:00,362.7616666666666,1.0,0.0,1.0,0.0
2014-09-11 19:39:48+00:00,361.41833333333335,0.0,0.0,1.0,0.0
2014-09-11 19:39:54+00:00,366.24499999999995,1.0,0.0,1.0,0.0
2014-09-11 19:40:00+00:00,372.76500000000004,1.0,0.0,0.0,0.0
2014-09-11 19:40:06+00:00,369.38000000000005,1.0,0.0,1.0,0.0
2014-09-11 19:40:12+00:00,372.1616666666667,1.0,0.0,1.0,0.0
2014-09-11 19:40:18+00:00,366.685,1.0,0.0,1.0,0.0
2014-09-11 19:40:24+00:00,358.955,0.0,0.0,1.0,0.0
2014-09-11 19:40:30+00:00,364.38000000000005,1.0,0.0,1.0,0.0
2014-09-11 19:40:36+00:00,371.75,1.0,0.0,1.0,0.0
2014-09-11 19:40:42+00:00,388.03,1.0,0.0,1.0,0.0
2014-09-11 19:40:48+00:00,373.37999999999994,1.0,0.0,1.0,0.0
2014-09-11 19:40:54+00:00,371.5083333333334,1.0,0.0,1.0,0.0
2014-09-11 19:41:00+00:00,369.73333333333335,1.0,0.0,1.0,0.0
2014-09-11 19:41:06+00:00,389.19666666666666,1.0,0.0,0.0,0.0
2014-09-11 19:41:12+00:00,382.46333333333337,1.0,0.0,1.0,0.0
2014-09-11 19:41:18+00:00,384.69166666666666,0.0,0.0,1.0,0.0
2014-09-11 19:41:24+00:00,384.51,1.0,0.0,1.0,0.0
2014-09-11 19:41:30+00:00,377.97499999999997,1.0,0.0,1.0,0.0
2014-09-11 19:41:36+00:00,377.38166666666666,1.0,0.0,0.0,0.0
2014-09-11 19:41:42+00:00,380.8183333333333,1.0,0.0,1.0,0.0
2014-09-11 19:41:48+00:00,374.67833333333334,1.0,0.0,1.0,0.0
2014-09-11 19:41:54+00:00,372.24,1.0,0.0,0.0,0.0
2014-09-11 19:42:00+00:00,363.51500000000004,0.0,0.0,1.0,0.0
2014-09-11 19:42:06+00:00,371.1616666666667,1.0,0.0,1.0,0.0
2014-09-11 19:42:12+00:00,376.8533333333333,1.0,0.0,1.0,0.0
2014-09-11 19:42:18+00:00,383.4483333333333,1.0,0.0,1.0,0.0
2014-09-11 19:42:24+00:00,378.8566666666666,1.0,0.0,0.0,0.0
2014-09-11 19:42:30+00:00,375.57166666666666,1.0,0.0,1.0,0.0
2014-09-11 19:42:36+00:00,377.2833333333333,0.0,0.0,1.0,0.0
2014-09-11 19:42:42+00:00,382.57666666666665,1.0,0.0,1.0,0.0
2014-09-11 19:42:48+00:00,380.95,1.0,0.0,1.0,0.0
2014-09-11 19:42:54+00:00,390.6666666666667,1.0,0.0,1.0,0.0
2014-09-11 19:43:00+00:00,382.41499999999996,1.0,0.0,0.0,0.0
2014-09-11 19:43:06+00:00,386.6383333333333,1.0,0.0,1.0,0.0
2014-09-11 19:43:12+00:00,387.5116666666666,0.0,0.0,1.0,0.0
2014-09-11 19:43:18+00:00,369.68833333333333,1.0,0.0,1.0,0.0
2014-09-11 19:43:24+00:00,380.675,1.0,0.0,0.0,0.0
2014-09-11 19:43:30+00:00,380.9166666666667,1.0,0.0,1.0,0.0
2014-09-11 19:43:36+00:00,388.5466666666667,1.0,0.0,1.0,0.0
2014-09-11 19:43:42+00:00,389.8016666666667,1.0,0.0,1.0,0.0
2014-09-11 19:43:48+00:00,386.06166666666667,0.0,0.0,1.0,0.0
2014-09-11 19:43:54+00:00,367.39000000000004,1.0,0.0,1.0,0.0
2014-09-11 19:44:00+00:00,367.24666666666667,1.0,0.0,0.0,0.0
2014-09-11 19:44:06+00:00,367.195,1.0,0.0,1.0,0.0
2014-09-11 19:44:12+00:00,377.3566666666666,0.0,0.0,1.0,0.0
2014-09-11 19:44:18+00:00,366.28999999999996,1.0,0.0,1.0,0.0
2014-09-11 19:44:24+00:00,374.8333333333333,1.0,0.0,1.0,0.0
2014-09-11 19:44:30+00:00,377.86833333333334,1.0,0.0,0.0,0.0
2014-09-11 19:44:36+00:00,374.64000000000004,1.0,0.0,1.0,0.0
2014-09-11 19:44:42+00:00,373.41499999999996,1.0,0.0,1.0,0.0
2014-09-11 19:44:48+00:00,367.46166666666664,1.0,0.0,1.0,0.0
2014-09-11 19:44:54+00:00,368.73,1.0,0.0,1.0,0.0
2014-09-11 19:45:00+00:00,374.50666666666666,0.0,0.0,1.0,0.0
2014-09-11 19:45:06+00:00,375.07,1.0,0.0,1.0,0.0
2014-09-11 19:45:12+00:00,373.10833333333335,1.0,0.0,1.0,0.0
2014-09-11 19:45:18+00:00,590.5466666666666,1.0,0.0,0.0,0.0
2014-09-11 19:45:24+00:00,458.2633333333333,1.0,92.0,1.0,0.0
2014-09-11 19:45:30+00:00,458.92833333333334,0.0,90.0,1.0,0.0
2014-09-11 19:45:36+00:00,467.3733333333334,1.0,0.0,1.0,0.0
2014-09-11 19:45:42+00:00,458.0916666666667,1.0,89.0,1.0,0.0
2014-09-11 19:45:48+00:00,471.5183333333334,1.0,88.0,1.0,0.0
2014-09-11 19:45:54+00:00,480.6766666666667,1.0,88.0,1.0,0.0
2014-09-11 19:46:00+00:00,480.67333333333335,1.0,88.0,1.0,0.0
2014-09-11 19:46:06+00:00,478.06,1.0,88.0,0.0,0.0
2014-09-11 19:46:12+00:00,479.58666666666664,1.0,88.0,1.0,0.0
2014-09-11 19:46:18+00:00,462.705,1.0,88.0,1.0,0.0
2014-09-11 19:46:24+00:00,465.2916666666667,1.0,89.0,1.0,0.0
2014-09-11 19:46:30+00:00,464.61999999999995,1.0,90.0,1.0,0.0
2014-09-11 19:46:36+00:00,474.9683333333333,0.0,89.0,1.0,0.0
2014-09-11 19:46:42+00:00,475.1983333333333,1.0,88.0,1.0,0.0
2014-09-11 19:46:48+00:00,455.2316666666666,1.0,0.0,1.0,0.0
2014-09-11 19:46:54+00:00,455.8283333333333,1.0,86.0,0.0,0.0
2014-09-11 19:47:00+00:00,454.09999999999997,1.0,84.0,1.0,0.0
2014-09-11 19:47:06+00:00,448.425,1.0,84.0,1.0,0.0
2014-09-11 19:47:12+00:00,446.11999999999995,1.0,84.0,1.0,0.0
2014-09-11 19:47:18+00:00,464.4066666666667,1.0,86.0,1.0,0.0
2014-09-11 19:47:24+00:00,463.2916666666667,0.0,86.0,1.0,0.0
2014-09-11 19:47:30+00:00,455.2916666666667,1.0,87.0,1.0,0.0
2014-09-11 19:47:36+00:00,462.78,1.0,87.0,1.0,0.0
2014-09-11 19:47:42+00:00,464.2133333333333,1.0,0.0,1.0,0.0
2014-09-11 19:47:48+00:00,469.22333333333336,1.0,88.0,1.0,0.0
2014-09-11 19:47:54+00:00,459.5116666666667,1.0,88.0,1.0,0.0
2014-09-11 19:48:00+00:00,457.4816666666666,1.0,89.0,1.0,0.0
2014-09-11 19:48:06+00:00,460.81666666666666,1.0,89.0,1.0,0.0
2014-09-11 19:48:12+00:00,464.31,1.0,89.0,1.0,0.0
2014-09-11 19:48:18+00:00,463.55333333333334,1.0,88.0,1.0,0.0
2014-09-11 19:48:24+00:00,458.15166666666664,1.0,89.0,0.0,0.0
2014-09-11 19:48:30+00:00,483.3233333333333,1.0,90.0,1.0,0.0
2014-09-11 19:48:36+00:00,478.9316666666667,1.0,90.0,1.0,0.0
2014-09-11 19:48:42+00:00,478.67333333333335,1.0,91.0,1.0,0.0
2014-09-11 19:48:48+00:00,483.065,1.0,91.0,1.0,0.0
2014-09-11 19:48:54+00:00,484.71166666666664,0.0,91.0,1.0,0.0
2014-09-11 19:49:00+00:00,475.9816666666666,1.0,91.0,1.0,0.0
2014-09-11 19:49:06+00:00,474.47333333333336,1.0,91.0,1.0,0.0
2014-09-11 19:49:12+00:00,465.7366666666667,1.0,0.0,1.0,0.0
2014-09-11 19:49:18+00:00,461.8533333333333,1.0,91.0,1.0,0.0
2014-09-11 19:49:24+00:00,452.37833333333333,1.0,91.0,0.0,0.0
2014-09-11 19:49:30+00:00,454.69666666666666,1.0,92.0,1.0,0.0
2014-09-11 19:49:36+00:00,447.15166666666664,1.0,92.0,1.0,0.0
2014-09-11 19:49:42+00:00,447.82166666666666,0.0,92.0,1.0,0.0
2014-09-11 19:49:48+00:00,448.29333333333335,1.0,93.0,1.0,0.0
2014-09-11 19:49:54+00:00,444.46333333333337,1.0,93.0,1.0,0.0
2014-09-11 19:50:00+00:00,446.55333333333334,1.0,94.0,1.0,0.0
2014-09-11 19:50:06+00:00,476.2283333333333,1.0,0.0,1.0,0.0
2014-09-11 19:50:12+00:00,480.09833333333336,1.0,93.0,1.0,0.0
2014-09-11 19:50:18+00:00,463.915,1.0,93.0,0.0,0.0
2014-09-11 19:50:24+00:00,471.04833333333335,0.0,93.0,1.0,0.0
2014-09-11 19:50:30+00:00,486.52666666666664,1.0,0.0,1.0,0.0
2014-09-11 19:50:36+00:00,470.9866666666667,1.0,94.0,1.0,0.0
2014-09-11 19:50:42+00:00,462.12000000000006,1.0,93.0,1.0,0.0
2014-09-11 19:50:48+00:00,457.74,1.0,94.0,0.0,0.0
2014-09-11 19:50:54+00:00,486.5216666666667,1.0,94.0,1.0,0.0
2014-09-11 19:51:00+00:00,471.8333333333333,0.0,94.0,1.0,0.0
2014-09-11 19:51:06+00:00,464.71166666666664,1.0,95.0,1.0,0.0
2014-09-11 19:51:12+00:00,479.95666666666665,1.0,94.0,1.0,0.0
2014-09-11 19:51:18+00:00,482.94166666666666,1.0,0.0,1.0,0.0
2014-09-11 19:51:24+00:00,472.0133333333333,1.0,94.0,1.0,0.0
2014-09-11 19:51:30+00:00,480.66499999999996,1.0,95.0,0.0,0.0
2014-09-11 19:51:36+00:00,481.26,1.0,94.0,1.0,0.0
2014-09-11 19:51:42+00:00,447.34999999999997,1.0,94.0,1.0,0.0
2014-09-11 19:51:48+00:00,457.69,1.0,94.0,1.0,0.0
2014-09-11 19:51:54+00:00,454.12999999999994,1.0,94.0,1.0,0.0
2014-09-11 19:52:00+00:00,451.99,0.0,0.0,1.0,0.0
2014-09-11 19:52:06+00:00,449.97499999999997,1.0,94.0,1.0,0.0
2014-09-11 19:52:12+00:00,454.9916666666666,1.0,94.0,0.0,0.0
2014-09-11 19:52:18+00:00,459.1766666666667,1.0,95.0,1.0,0.0
2014-09-11 19:52:24+00:00,448.53833333333336,1.0,94.0,1.0,0.0
2014-09-11 19:52:30+00:00,445.585,1.0,94.0,1.0,0.0
2014-09-11 19:52:36+00:00,445.78666666666663,0.0,0.0,1.0,0.0
2014-09-11 19:52:42+00:00,448.43,1.0,93.0,1.0,0.0
2014-09-11 19:52:48+00:00,463.82666666666665,1.0,94.0,0.0,0.0
2014-09-11 19:52:54+00:00,477.75499999999994,1.0,93.0,1.0,0.0
2014-09-11 19:53:00+00:00,486.11833333333334,1.0,93.0,1.0,0.0
2014-09-11 19:53:06+00:00,475.39000000000004,0.0,93.0,1.0,0.0
2014-09-11 19:53:12+00:00,478.13166666666666,1.0,0.0,1.0,0.0
2014-09-11 19:53:18+00:00,467.1716666666667,1.0,93.0,1.0,0.0
2014-09-11 19:53:24+00:00,472.6616666666667,1.0,92.0,0.0,0.0
2014-09-11 19:53:30+00:00,474.61833333333334,1.0,93.0,1.0,0.0
2014-09-11 19:53:36+00:00,475.28833333333336,1.0,93.0,1.0,0.0
2014-09-11 19:53:42+00:00,481.7316666666666,0.0,0.0,1.0,0.0
2014-09-11 19:53:48+00:00,481.0516666666667,1.0,92.0,1.0,0.0
2014-09-11 19:53:54+00:00,483.5133333333333,1.0,92.0,1.0,0.0
2014-09-11 19:54:00+00:00,477.2183333333333,1.0,92.0,1.0,0.0
2014-09-11 19:54:06+00:00,479.29333333333335,1.0,92.0,1.0,0.0
2014-09-11 19:54:12+00:00,478.83,1.0,92.0,0.0,0.0
2014-09-11 19:54:18+00:00,483.97,1.0,92.0,1.0,0.0
2014-09-11 19:54:24+00:00,469.67833333333334,1.0,92.0,1.0,0.0
2014-09-11 19:54:30+00:00,478.55833333333334,1.0,91.0,1.0,0.0
2014-09-11 19:54:36+00:00,476.7966666666667,0.0,92.0,1.0,0.0
2014-09-11 19:54:42+00:00,470.56166666666667,1.0,92.0,1.0,0.0
2014-09-11 19:54:48+00:00,463.9983333333334,1.0,91.0,1.0,0.0
2014-09-11 19:54:54+00:00,466.6483333333333,1.0,91.0,1.0,0.0
2014-09-11 19:55:00+00:00,470.67833333333334,1.0,91.0,1.0,0.0
2014-09-11 19:55:06+00:00,461.4766666666667,1.0,0.0,1.0,0.0
2014-09-11 19:55:12+00:00,464.62000000000006,1.0,91.0,1.0,0.0
2014-09-11 19:55:18+00:00,479.26,1.0,91.0,0.0,0.0
2014-09-11 19:55:24+00:00,467.75500000000005,1.0,91.0,1.0,0.0
2014-09-11 19:55:30+00:00,475.385,1.0,91.0,1.0,0.0
2014-09-11 19:55:36+00:00,471.8,0.0,91.0,1.0,0.0
2014-09-11 19:55:42+00:00,469.4983333333334,1.0,90.0,1.0,0.0
2014-09-11 19:55:48+00:00,467.53833333333336,1.0,91.0,1.0,0.0
2014-09-11 19:55:54+00:00,472.84499999999997,0.0,0.0,1.0,0.0
2014-09-11 19:56:00+00:00,470.29,1.0,91.0,1.0,0.0
2014-09-11 19:56:06+00:00,471.215,1.0,91.0,1.0,0.0
2014-09-11 19:56:12+00:00,474.9433333333333,1.0,92.0,1.0,0.0
2014-09-11 19:56:18+00:00,472.1783333333333,1.0,91.0,1.0,0.0
2014-09-11 19:56:24+00:00,473.88333333333327,1.0,92.0,1.0,0.0
2014-09-11 19:56:30+00:00,479.045,1.0,92.0,1.0,0.0
2014-09-11 19:56:36+00:00,469.34,1.0,92.0,1.0,0.0
2014-09-11 19:56:42+00:00,473.9583333333333,1.0,91.0,0.0,0.0
2014-09-11 19:56:48+00:00,469.53,0.0,91.0,1.0,0.0
2014-09-11 19:56:54+00:00,462.3983333333333,1.0,0.0,1.0,0.0
2014-09-11 19:57:00+00:00,467.79333333333335,1.0,91.0,1.0,0.0
2014-09-11 19:57:06+00:00,458.42333333333335,1.0,91.0,1.0,0.0
2014-09-11 19:57:12+00:00,477.6133333333333,1.0,91.0,0.0,0.0
2014-09-11 19:57:18+00:00,477.325,0.0,91.0,1.0,0.0
2014-09-11 19:57:24+00:00,466.96166666666664,1.0,91.0,1.0,0.0
2014-09-11 19:57:30+00:00,473.2616666666667,0.0,0.0,1.0,0.0
2014-09-11 19:57:36+00:00,471.7616666666667,0.0,90.0,1.0,0.0
2014-09-11 19:57:42+00:00,474.1616666666667,1.0,91.0,0.0,0.0
2014-09-11 19:57:48+00:00,455.2516666666667,1.0,90.0,1.0,0.0
2014-09-11 19:57:54+00:00,470.01,0.0,91.0,1.0,0.0
2014-09-11 19:58:00+00:00,460.135,1.0,91.0,1.0,0.0
2014-09-11 19:58:06+00:00,451.72166666666664,1.0,91.0,1.0,0.0
2014-09-11 19:58:12+00:00,459.3433333333333,1.0,91.0,1.0,0.0
2014-09-11 19:58:18+00:00,453.10999999999996,1.0,91.0,1.0,0.0
2014-09-11 19:58:24+00:00,455.98,1.0,0.0,1.0,0.0
2014-09-11 19:58:30+00:00,456.4666666666667,1.0,91.0,1.0,0.0
2014-09-11 19:58:36+00:00,459.24333333333334,1.0,91.0,0.0,0.0
2014-09-11 19:58:42+00:00,457.0016666666667,1.0,91.0,1.0,0.0
2014-09-11 19:58:48+00:00,457.305,1.0,91.0,0.0,0.0
2014-09-11 19:58:54+00:00,459.01,0.0,0.0,1.0,0.0
2014-09-11 19:59:00+00:00,463.97,1.0,90.0,1.0,0.0
2014-09-11 19:59:06+00:00,461.395,1.0,90.0,0.0,0.0
2014-09-11 19:59:12+00:00,451.52666666666664,1.0,91.0,1.0,0.0
2014-09-11 19:59:18+00:00,462.44666666666666,1.0,91.0,1.0,0.0
2014-09-11 19:59:24+00:00,456.18,0.0,91.0,1.0,0.0
2014-09-11 19:59:30+00:00,469.16333333333336,1.0,0.0,1.0,0.0
2014-09-11 19:59:36+00:00,460.9583333333333,1.0,91.0,1.0,0.0
2014-09-11 19:59:42+00:00,486.93333333333334,1.0,91.0,1.0,0.0
2014-09-11 19:59:48+00:00,471.5833333333333,1.0,91.0,1.0,0.0
2014-09-11 19:59:54+00:00,452.05333333333334,1.0,90.0,0.0,0.0
2014-09-11 20:00:00+00:00,458.7166666666667,0.0,0.0,1.0,0.0
2014-09-11 20:00:06+00:00,474.7833333333333,1.0,92.0,1.0,0.0
2014-09-11 20:00:12+00:00,454.28999999999996,1.0,91.0,1.0,0.0
2014-09-11 20:00:18+00:00,463.54833333333335,1.0,91.0,0.0,0.0
2014-09-11 20:00:24+00:00,467.635,1.0,90.0,1.0,0.0
2014-09-11 20:00:30+00:00,477.79285714285714,0.0,90.0,1.0,0.0
2014-09-11 20:00:36+00:00,464.254,1.0,92.0,1.0,0.0
2014-09-11 20:00:42+00:00,470.87,1.0,91.0,1.0,0.0
2014-09-11 20:00:48+00:00,472.834,1.0,0.0,1.0,0.0
2014-09-11 20:00:54+00:00,468.84000000000003,1.0,91.0,1.0,0.0
2014-09-11 20:01:00+00:00,465.0683333333333,1.0,91.0,0.0,0.0
2014-09-11 20:01:06+00:00,460.082,1.0,91.0,1.0,0.0
2014-09-11 20:01:12+00:00,469.74499999999995,1.0,91.0,1.0,0.0
2014-09-11 20:01:18+00:00,451.9271428571428,0.0,91.0,1.0,0.0
2014-09-11 20:01:24+00:00,445.7733333333333,1.0,0.0,1.0,0.0
2014-09-11 20:01:30+00:00,447.655,1.0,91.0,1.0,0.0
2014-09-11 20:01:36+00:00,445.06,1.0,91.0,1.0,0.0
2014-09-11 20:01:42+00:00,446.0316666666667,1.0,91.0,0.0,0.0
2014-09-11 20:01:48+00:00,443.42333333333335,1.0,91.0,1.0,0.0
2014-09-11 20:01:54+00:00,449.16833333333335,0.0,0.0,1.0,0.0
2014-09-11 20:02:00+00:00,462.01,1.0,91.0,1.0,0.0
2014-09-11 20:02:06+00:00,460.77,1.0,91.0,1.0,0.0
2014-09-11 20:02:12+00:00,459.895,1.0,91.0,0.0,0.0
2014-09-11 20:02:18+00:00,458.6466666666667,1.0,91.0,1.0,0.0
2014-09-11 20:02:24+00:00,463.7,1.0,91.0,1.0,0.0
2014-09-11 20:02:30+00:00,462.78999999999996,0.0,91.0,1.0,0.0
2014-09-11 20:02:36+00:00,458.20666666666665,1.0,91.0,1.0,0.0
2014-09-11 20:02:42+00:00,460.41833333333335,1.0,0.0,1.0,0.0
2014-09-11 20:02:48+00:00,462.5816666666667,1.0,91.0,1.0,0.0
2014-09-11 20:02:54+00:00,473.2716666666667,1.0,91.0,0.0,0.0
2014-09-11 20:03:00+00:00,478.11999999999995,1.0,91.0,1.0,0.0
2014-09-11 20:03:06+00:00,486.06166666666667,1.0,90.0,1.0,0.0
2014-09-11 20:03:12+00:00,477.22333333333336,0.0,0.0,1.0,0.0
2014-09-11 20:03:18+00:00,476.7133333333333,1.0,92.0,1.0,0.0
2014-09-11 20:03:24+00:00,478.8016666666667,1.0,91.0,0.0,0.0
2014-09-11 20:03:30+00:00,478.9983333333333,1.0,91.0,1.0,0.0
2014-09-11 20:03:36+00:00,478.92333333333335,1.0,91.0,1.0,0.0
2014-09-11 20:03:42+00:00,475.79833333333335,0.0,0.0,1.0,0.0
2014-09-11 20:03:48+00:00,477.45166666666665,1.0,92.0,1.0,0.0
2014-09-11 20:03:54+00:00,482.14166666666665,1.0,91.0,1.0,0.0
2014-09-11 20:04:00+00:00,477.88166666666666,1.0,91.0,0.0,0.0
2014-09-11 20:04:06+00:00,475.795,0.0,91.0,1.0,0.0
2014-09-11 20:04:12+00:00,475.02500000000003,1.0,0.0,1.0,0.0
2014-09-11 20:04:18+00:00,475.3433333333333,1.0,91.0,1.0,0.0
2014-09-11 20:04:24+00:00,481.22333333333336,1.0,90.0,1.0,0.0
2014-09-11 20:04:30+00:00,480.49333333333334,1.0,92.0,1.0,0.0
2014-09-11 20:04:36+00:00,480.8733333333333,1.0,91.0,0.0,0.0
2014-09-11 20:04:42+00:00,478.80833333333334,0.0,0.0,1.0,0.0
2014-09-11 20:04:48+00:00,475.65166666666664,1.0,91.0,1.0,0.0
2014-09-11 20:04:54+00:00,474.31166666666667,1.0,92.0,1.0,0.0
2014-09-11 20:05:00+00:00,475.9783333333333,1.0,91.0,0.0,0.0
2014-09-11 20:05:06+00:00,487.4533333333333,0.0,91.0,1.0,0.0
2014-09-11 20:05:12+00:00,478.46166666666664,1.0,0.0,1.0,0.0
2014-09-11 20:05:18+00:00,480.7866666666667,1.0,92.0,1.0,0.0
2014-09-11 20:05:24+00:00,480.59666666666664,1.0,91.0,1.0,0.0
2014-09-11 20:05:30+00:00,483.5416666666667,1.0,91.0,1.0,0.0
2014-09-11 20:05:36+00:00,480.2716666666667,1.0,91.0,0.0,0.0
2014-09-11 20:05:42+00:00,478.55,1.0,91.0,1.0,0.0
2014-09-11 20:05:48+00:00,475.2066666666667,0.0,0.0,1.0,0.0
2014-09-11 20:05:54+00:00,479.125,1.0,91.0,1.0,0.0
2014-09-11 20:06:00+00:00,477.68333333333334,1.0,91.0,1.0,0.0
2014-09-11 20:06:06+00:00,483.5683333333333,1.0,92.0,1.0,0.0
2014-09-11 20:06:12+00:00,476.47,1.0,91.0,1.0,0.0
2014-09-11 20:06:18+00:00,476.81166666666667,1.0,92.0,1.0,0.0
2014-09-11 20:06:24+00:00,467.9983333333333,1.0,92.0,0.0,0.0
2014-09-11 20:06:30+00:00,446.5783333333334,0.0,91.0,1.0,0.0
2014-09-11 20:06:36+00:00,457.5516666666667,1.0,91.0,1.0,0.0
2014-09-11 20:06:42+00:00,453.27833333333336,1.0,0.0,1.0,0.0
2014-09-11 20:06:48+00:00,462.0783333333333,1.0,92.0,1.0,0.0
2014-09-11 20:06:54+00:00,450.93,1.0,92.0,1.0,0.0
2014-09-11 20:07:00+00:00,474.0333333333333,1.0,91.0,1.0,0.0
2014-09-11 20:07:06+00:00,453.34,1.0,91.0,1.0,0.0
2014-09-11 20:07:12+00:00,444.21166666666664,1.0,91.0,0.0,0.0
2014-09-11 20:07:18+00:00,445.62833333333333,0.0,0.0,1.0,0.0
2014-09-11 20:07:24+00:00,477.90333333333336,1.0,91.0,1.0,0.0
2014-09-11 20:07:30+00:00,455.1566666666667,1.0,91.0,0.0,0.0
2014-09-11 20:07:36+00:00,464.37999999999994,1.0,92.0,1.0,0.0
2014-09-11 20:07:42+00:00,458.58666666666664,1.0,92.0,1.0,0.0
2014-09-11 20:07:48+00:00,470.3066666666667,1.0,91.0,1.0,0.0
2014-09-11 20:07:54+00:00,450.0533333333333,1.0,92.0,1.0,0.0
2014-09-11 20:08:00+00:00,463.47333333333336,0.0,91.0,1.0,0.0
2014-09-11 20:08:06+00:00,464.17333333333335,1.0,0.0,1.0,0.0
2014-09-11 20:08:12+00:00,460.94,1.0,91.0,1.0,0.0
2014-09-11 20:08:18+00:00,456.1466666666667,1.0,91.0,1.0,0.0
2014-09-11 20:08:24+00:00,462.6616666666667,1.0,91.0,1.0,0.0
2014-09-11 20:08:30+00:00,464.15333333333336,1.0,91.0,0.0,0.0
2014-09-11 20:08:36+00:00,476.74666666666667,0.0,91.0,1.0,0.0
2014-09-11 20:08:42+00:00,466.20166666666665,1.0,91.0,1.0,0.0
2014-09-11 20:08:48+00:00,457.0016666666667,1.0,92.0,1.0,0.0
2014-09-11 20:08:54+00:00,470.6333333333334,1.0,91.0,1.0,0.0
2014-09-11 20:09:00+00:00,487.07666666666665,1.0,0.0,1.0,0.0
2014-09-11 20:09:06+00:00,476.7283333333333,1.0,91.0,1.0,0.0
2014-09-11 20:09:12+00:00,468.395,1.0,91.0,0.0,0.0
2014-09-11 20:09:18+00:00,473.7366666666667,0.0,91.0,1.0,0.0
2014-09-11 20:09:24+00:00,483.8533333333333,1.0,0.0,1.0,0.0
2014-09-11 20:09:30+00:00,480.3616666666667,1.0,91.0,1.0,0.0
2014-09-11 20:09:36+00:00,471.7916666666667,1.0,91.0,0.0,0.0
2014-09-11 20:09:42+00:00,473.93333333333334,1.0,92.0,1.0,0.0
2014-09-11 20:09:48+00:00,475.77500000000003,1.0,91.0,1.0,0.0
2014-09-11 20:09:54+00:00,466.07666666666665,0.0,91.0,1.0,0.0
2014-09-11 20:10:00+00:00,458.77666666666664,1.0,91.0,1.0,0.0
2014-09-11 20:10:06+00:00,446.465,1.0,91.0,1.0,0.0
2014-09-11 20:10:12+00:00,395.105,1.0,0.0,1.0,0.0
2014-09-11 20:10:18+00:00,356.00333333333333,1.0,91.0,1.0,0.0
2014-09-11 20:10:24+00:00,357.13000000000005,1.0,0.0,1.0,0.0
2014-09-11 20:10:30+00:00,358.9166666666667,1.0,0.0,1.0,0.0
2014-09-11 20:10:36+00:00,354.9916666666666,1.0,0.0,1.0,0.0
2014-09-11 20:10:42+00:00,353.9316666666667,1.0,0.0,1.0,0.0
2014-09-11 20:10:48+00:00,357.2483333333333,1.0,0.0,1.0,0.0
2014-09-11 20:10:54+00:00,358.2966666666666,1.0,0.0,0.0,0.0
2014-09-11 20:11:00+00:00,356.54833333333335,1.0,0.0,1.0,0.0
2014-09-11 20:11:06+00:00,356.67333333333335,1.0,0.0,1.0,0.0
2014-09-11 20:11:12+00:00,355.5516666666667,0.0,0.0,1.0,0.0
2014-09-11 20:11:18+00:00,355.3666666666666,1.0,0.0,1.0,0.0
2014-09-11 20:11:24+00:00,354.39000000000004,1.0,0.0,1.0,0.0
2014-09-11 20:11:30+00:00,355.1466666666667,1.0,0.0,1.0,0.0
2014-09-11 20:11:36+00:00,355.35833333333335,1.0,0.0,0.0,0.0
2014-09-11 20:11:42+00:00,357.045,1.0,0.0,1.0,0.0
2014-09-11 20:11:48+00:00,360.97333333333336,1.0,0.0,1.0,0.0
2014-09-11 20:11:54+00:00,364.3566666666666,0.0,0.0,1.0,0.0
2014-09-11 20:12:00+00:00,360.6433333333334,1.0,0.0,1.0,0.0
2014-09-11 20:12:06+00:00,357.6033333333333,1.0,0.0,1.0,0.0
2014-09-11 20:12:12+00:00,357.5883333333333,1.0,0.0,1.0,0.0
2014-09-11 20:12:18+00:00,352.86999999999995,1.0,0.0,1.0,0.0
2014-09-11 20:12:24+00:00,354.4866666666667,1.0,0.0,0.0,0.0
2014-09-11 20:12:30+00:00,354.1933333333333,1.0,0.0,1.0,0.0
2014-09-11 20:12:36+00:00,354.68666666666667,0.0,0.0,1.0,0.0
2014-09-11 20:12:42+00:00,355.52500000000003,1.0,0.0,1.0,0.0
2014-09-11 20:12:48+00:00,353.9116666666667,1.0,0.0,1.0,0.0
2014-09-11 20:12:54+00:00,352.675,1.0,0.0,0.0,0.0
2014-09-11 20:13:00+00:00,356.155,0.0,0.0,1.0,0.0
2014-09-11 20:13:06+00:00,366.06666666666666,1.0,0.0,1.0,0.0
2014-09-11 20:13:12+00:00,354.8566666666666,1.0,0.0,1.0,0.0
2014-09-11 20:13:18+00:00,374.815,1.0,0.0,1.0,0.0
2014-09-11 20:13:24+00:00,359.0933333333333,1.0,0.0,0.0,0.0
2014-09-11 20:13:30+00:00,362.71000000000004,0.0,0.0,1.0,0.0
2014-09-11 20:13:36+00:00,354.9783333333333,1.0,0.0,1.0,0.0
2014-09-11 20:13:42+00:00,359.6383333333333,1.0,0.0,1.0,0.0
2014-09-11 20:13:48+00:00,358.49333333333334,1.0,0.0,1.0,0.0
2014-09-11 20:13:54+00:00,356.9083333333333,1.0,0.0,0.0,0.0
2014-09-11 20:14:00+00:00,357.3633333333333,1.0,0.0,1.0,0.0
2014-09-11 20:14:06+00:00,358.0783333333334,1.0,0.0,1.0,0.0
2014-09-11 20:14:12+00:00,358.27833333333336,1.0,0.0,1.0,0.0
2014-09-11 20:14:18+00:00,358.4916666666666,1.0,0.0,1.0,0.0
2014-09-11 20:14:24+00:00,356.7916666666667,1.0,0.0,1.0,0.0
2014-09-11 20:14:30+00:00,358.07,1.0,0.0,1.0,0.0
2014-09-11 20:14:36+00:00,357.37833333333333,1.0,0.0,1.0,0.0
2014-09-11 20:14:42+00:00,357.6116666666667,1.0,0.0,1.0,0.0
2014-09-11 20:14:48+00:00,357.66499999999996,1.0,0.0,1.0,0.0
2014-09-11 20:14:54+00:00,363.77833333333336,1.0,0.0,1.0,0.0
2014-09-11 20:15:00+00:00,359.58666666666664,0.0,0.0,1.0,0.0
2014-09-11 20:15:06+00:00,359.9166666666667,1.0,0.0,1.0,0.0
2014-09-11 20:15:12+00:00,357.75500000000005,1.0,0.0,1.0,0.0
2014-09-11 20:15:18+00:00,358.655,1.0,0.0,1.0,0.0
2014-09-11 20:15:24+00:00,357.8233333333333,1.0,0.0,0.0,0.0
2014-09-11 20:15:30+00:00,357.8666666666666,1.0,0.0,1.0,0.0
2014-09-11 20:15:36+00:00,359.27500000000003,0.0,0.0,1.0,0.0
2014-09-11 20:15:42+00:00,359.71166666666664,1.0,0.0,1.0,0.0
2014-09-11 20:15:48+00:00,355.94666666666666,1.0,0.0,1.0,0.0
2014-09-11 20:15:54+00:00,355.445,1.0,0.0,0.0,0.0
2014-09-11 20:16:00+00:00,352.49666666666667,1.0,0.0,1.0,0.0
2014-09-11 20:16:06+00:00,352.825,1.0,0.0,1.0,0.0
2014-09-11 20:16:12+00:00,353.37833333333333,0.0,0.0,1.0,0.0
2014-09-11 20:16:18+00:00,353.885,1.0,0.0,1.0,0.0
2014-09-11 20:16:24+00:00,357.43666666666667,1.0,0.0,1.0,0.0
2014-09-11 20:16:30+00:00,354.08166666666665,1.0,0.0,1.0,0.0
2014-09-11 20:16:36+00:00,354.47333333333336,1.0,0.0,1.0,0.0
2014-09-11 20:16:42+00:00,356.0,1.0,0.0,1.0,0.0
2014-09-11 20:16:48+00:00,350.5183333333334,1.0,0.0,1.0,0.0
2014-09-11 20:16:54+00:00,351.05333333333334,1.0,0.0,1.0,0.0
2014-09-11 20:17:00+00:00,351.2083333333333,1.0,0.0,0.0,0.0
2014-09-11 20:17:06+00:00,350.695,1.0,0.0,1.0,0.0
2014-09-11 20:17:12+00:00,350.68333333333334,1.0,0.0,1.0,0.0
2014-09-11 20:17:18+00:00,351.175,1.0,0.0,1.0,0.0
2014-09-11 20:17:24+00:00,350.375,0.0,0.0,1.0,0.0
2014-09-11 20:17:30+00:00,351.3183333333333,1.0,0.0,1.0,0.0
2014-09-11 20:17:36+00:00,351.195,1.0,0.0,0.0,0.0
2014-09-11 20:17:42+00:00,352.18666666666667,0.0,0.0,1.0,0.0
2014-09-11 20:17:48+00:00,350.03833333333336,1.0,0.0,1.0,0.0
2014-09-11 20:17:54+00:00,351.355,1.0,0.0,1.0,0.0
2014-09-11 20:18:00+00:00,351.19666666666666,1.0,0.0,0.0,0.0
2014-09-11 20:18:06+00:00,349.91166666666663,1.0,0.0,1.0,0.0
2014-09-11 20:18:12+00:00,351.89000000000004,0.0,0.0,1.0,0.0
2014-09-11 20:18:18+00:00,352.3883333333333,1.0,0.0,1.0,0.0
2014-09-11 20:18:24+00:00,353.32666666666665,1.0,0.0,1.0,0.0
2014-09-11 20:18:30+00:00,351.68333333333334,1.0,0.0,1.0,0.0
2014-09-11 20:18:36+00:00,350.02500000000003,1.0,0.0,1.0,0.0
2014-09-11 20:18:42+00:00,350.44166666666666,1.0,0.0,0.0,0.0
2014-09-11 20:18:48+00:00,367.71166666666664,1.0,0.0,1.0,0.0
2014-09-11 20:18:54+00:00,366.215,1.0,0.0,1.0,0.0
2014-09-11 20:19:00+00:00,365.92,1.0,0.0,1.0,0.0
2014-09-11 20:19:06+00:00,366.08166666666665,0.0,0.0,1.0,0.0
2014-09-11 20:19:12+00:00,366.67833333333334,1.0,0.0,1.0,0.0
2014-09-11 20:19:18+00:00,366.2316666666666,1.0,0.0,0.0,0.0
2014-09-11 20:19:24+00:00,366.46166666666664,1.0,0.0,1.0,0.0
2014-09-11 20:19:30+00:00,365.89000000000004,1.0,0.0,1.0,0.0
2014-09-11 20:19:36+00:00,365.66166666666663,0.0,0.0,1.0,0.0
2014-09-11 20:19:42+00:00,366.22333333333336,1.0,0.0,1.0,0.0
2014-09-11 20:19:48+00:00,366.2316666666666,1.0,0.0,1.0,0.0
2014-09-11 20:19:54+00:00,366.07,1.0,0.0,1.0,0.0
2014-09-11 20:20:00+00:00,366.66333333333336,1.0,0.0,1.0,0.0
2014-09-11 20:20:06+00:00,366.2916666666667,1.0,0.0,1.0,0.0
2014-09-11 20:20:12+00:00,366.56666666666666,1.0,0.0,0.0,0.0
2014-09-11 20:20:18+00:00,366.85999999999996,1.0,0.0,1.0,0.0
2014-09-11 20:20:24+00:00,367.2816666666667,1.0,0.0,1.0,0.0
2014-09-11 20:20:30+00:00,366.74500000000006,1.0,0.0,1.0,0.0
2014-09-11 20:20:36+00:00,350.41,1.0,0.0,1.0,0.0
2014-09-11 20:20:42+00:00,347.78,0.0,0.0,1.0,0.0
2014-09-11 20:20:48+00:00,347.7733333333333,1.0,0.0,1.0,0.0
2014-09-11 20:20:54+00:00,358.2966666666666,1.0,0.0,1.0,0.0
2014-09-11 20:21:00+00:00,365.5783333333333,1.0,0.0,1.0,0.0
2014-09-11 20:21:06+00:00,365.16833333333335,1.0,17.0,0.0,0.0
2014-09-11 20:21:12+00:00,348.07166666666666,1.0,17.0,1.0,0.0
2014-09-11 20:21:18+00:00,347.31666666666666,1.0,0.0,1.0,0.0
2014-09-11 20:21:24+00:00,337.46999999999997,1.0,0.0,1.0,0.0
2014-09-11 20:21:30+00:00,329.59666666666664,0.0,0.0,1.0,0.0
2014-09-11 20:21:36+00:00,333.70666666666665,1.0,0.0,1.0,0.0
2014-09-11 20:21:42+00:00,332.8983333333333,1.0,0.0,1.0,0.0
2014-09-11 20:21:48+00:00,332.0566666666667,1.0,0.0,1.0,0.0
2014-09-11 20:21:54+00:00,333.67833333333334,1.0,0.0,1.0,0.0
2014-09-11 20:22:00+00:00,334.62,1.0,0.0,0.0,0.0
2014-09-11 20:22:06+00:00,336.44666666666666,0.0,0.0,1.0,0.0
2014-09-11 20:22:12+00:00,333.12,1.0,0.0,1.0,0.0
2014-09-11 20:22:18+00:00,332.96,1.0,0.0,1.0,0.0
2014-09-11 20:22:24+00:00,331.4066666666667,1.0,0.0,0.0,0.0
2014-09-11 20:22:30+00:00,331.43833333333333,1.0,0.0,1.0,0.0
2014-09-11 20:22:36+00:00,331.2633333333333,1.0,0.0,1.0,0.0
2014-09-11 20:22:42+00:00,333.1366666666667,1.0,0.0,1.0,0.0
2014-09-11 20:22:48+00:00,331.68833333333333,0.0,0.0,1.0,0.0
2014-09-11 20:22:54+00:00,331.81666666666666,1.0,0.0,1.0,0.0
2014-09-11 20:23:00+00:00,332.70666666666665,1.0,0.0,1.0,0.0
2014-09-11 20:23:06+00:00,331.54,1.0,0.0,1.0,0.0
2014-09-11 20:23:12+00:00,332.90500000000003,1.0,0.0,0.0,0.0
2014-09-11 20:23:18+00:00,330.39500000000004,0.0,0.0,1.0,0.0
2014-09-11 20:23:24+00:00,331.75500000000005,1.0,0.0,1.0,0.0
2014-09-11 20:23:30+00:00,336.47333333333336,1.0,0.0,1.0,0.0
2014-09-11 20:23:36+00:00,332.555,1.0,0.0,1.0,0.0
2014-09-11 20:23:42+00:00,331.44166666666666,1.0,0.0,1.0,0.0
2014-09-11 20:23:48+00:00,332.84999999999997,1.0,0.0,1.0,0.0
2014-09-11 20:23:54+00:00,332.4733333333333,1.0,0.0,1.0,0.0
2014-09-11 20:24:00+00:00,330.57,1.0,0.0,1.0,0.0
2014-09-11 20:24:06+00:00,331.56,1.0,0.0,0.0,0.0
2014-09-11 20:24:12+00:00,331.13,1.0,0.0,1.0,0.0
2014-09-11 20:24:18+00:00,331.14,0.0,0.0,1.0,0.0
2014-09-11 20:24:24+00:00,330.97666666666663,1.0,0.0,1.0,0.0
2014-09-11 20:24:30+00:00,330.3866666666667,1.0,0.0,0.0,0.0
2014-09-11 20:24:36+00:00,330.27500000000003,1.0,0.0,1.0,0.0
2014-09-11 20:24:42+00:00,330.68,1.0,0.0,1.0,0.0
2014-09-11 20:24:48+00:00,329.8066666666667,1.0,0.0,1.0,0.0
2014-09-11 20:24:54+00:00,330.29,1.0,0.0,1.0,0.0
2014-09-11 20:25:00+00:00,331.62333333333333,1.0,0.0,1.0,0.0
2014-09-11 20:25:06+00:00,330.8283333333333,0.0,0.0,1.0,0.0
2014-09-11 20:25:12+00:00,331.7583333333333,1.0,0.0,1.0,0.0
2014-09-11 20:25:18+00:00,331.91833333333335,1.0,0.0,1.0,0.0
2014-09-11 20:25:24+00:00,330.22166666666664,1.0,0.0,1.0,0.0
2014-09-11 20:25:30+00:00,329.5466666666667,1.0,0.0,1.0,0.0
2014-09-11 20:25:36+00:00,330.43857142857144,1.0,0.0,0.0,0.0
2014-09-11 20:25:42+00:00,330.118,1.0,0.0,1.0,0.0
2014-09-11 20:25:48+00:00,330.42285714285714,1.0,0.0,1.0,0.0
2014-09-11 20:25:54+00:00,330.53833333333336,0.0,0.0,1.0,0.0
2014-09-11 20:26:00+00:00,329.78833333333336,1.0,0.0,1.0,0.0
2014-09-11 20:26:06+00:00,329.805,1.0,0.0,1.0,0.0
2014-09-11 20:26:12+00:00,328.754,1.0,0.0,1.0,0.0
2014-09-11 20:26:18+00:00,330.1985714285714,1.0,0.0,0.0,0.0
2014-09-11 20:26:24+00:00,330.2966666666667,1.0,0.0,1.0,0.0
2014-09-11 20:26:30+00:00,330.81666666666666,0.0,0.0,1.0,0.0
2014-09-11 20:26:36+00:00,331.58,1.0,0.0,1.0,0.0
2014-09-11 20:26:42+00:00,329.61833333333334,1.0,0.0,1.0,0.0
2014-09-11 20:26:48+00:00,330.7266666666667,1.0,0.0,1.0,0.0
2014-09-11 20:26:54+00:00,330.8,1.0,0.0,0.0,0.0
2014-09-11 20:27:00+00:00,328.0466666666667,0.0,0.0,1.0,0.0
2014-09-11 20:27:06+00:00,327.32,1.0,0.0,1.0,0.0
2014-09-11 20:27:12+00:00,328.1383333333333,1.0,0.0,1.0,0.0
2014-09-11 20:27:18+00:00,328.12833333333333,1.0,0.0,1.0,0.0
2014-09-11 20:27:24+00:00,327.2366666666667,1.0,0.0,1.0,0.0
2014-09-11 20:27:30+00:00,325.96666666666664,1.0,0.0,1.0,0.0
2014-09-11 20:27:36+00:00,326.7133333333333,1.0,0.0,1.0,0.0
2014-09-11 20:27:42+00:00,327.37666666666667,1.0,0.0,0.0,0.0
2014-09-11 20:27:48+00:00,327.1433333333334,1.0,0.0,1.0,0.0
2014-09-11 20:27:54+00:00,326.21166666666664,0.0,0.0,1.0,0.0
2014-09-11 20:28:00+00:00,325.25333333333333,1.0,0.0,1.0,0.0
2014-09-11 20:28:06+00:00,325.5983333333333,1.0,0.0,1.0,0.0
2014-09-11 20:28:12+00:00,325.53333333333336,1.0,0.0,1.0,0.0
2014-09-11 20:28:18+00:00,325.135,1.0,0.0,1.0,0.0
2014-09-11 20:28:24+00:00,325.59499999999997,1.0,0.0,1.0,0.0
2014-09-11 20:28:30+00:00,324.1766666666667,1.0,0.0,1.0,0.0
2014-09-11 20:28:36+00:00,323.7416666666667,1.0,0.0,1.0,0.0
2014-09-11 20:28:42+00:00,325.52500000000003,1.0,0.0,1.0,0.0
2014-09-11 20:28:48+00:00,331.9483333333333,1.0,0.0,1.0,0.0
2014-09-11 20:28:54+00:00,345.47499999999997,1.0,0.0,1.0,0.0
2014-09-11 20:29:00+00:00,326.06333333333333,1.0,0.0,0.0,0.0
2014-09-11 20:29:06+00:00,344.57,0.0,0.0,1.0,0.0
2014-09-11 20:29:12+00:00,340.17333333333335,1.0,0.0,1.0,0.0
2014-09-11 20:29:18+00:00,368.1816666666667,1.0,0.0,1.0,0.0
2014-09-11 20:29:24+00:00,373.18,1.0,0.0,0.0,0.0
2014-09-11 20:29:30+00:00,374.31,0.0,0.0,1.0,0.0
2014-09-11 20:29:36+00:00,369.93833333333333,1.0,0.0,1.0,0.0
2014-09-11 20:29:42+00:00,369.6366666666667,1.0,0.0,1.0,0.0
2014-09-11 20:29:48+00:00,375.03999999999996,1.0,0.0,1.0,0.0
2014-09-11 20:29:54+00:00,374.23499999999996,1.0,0.0,1.0,0.0
2014-09-11 20:30:00+00:00,370.65333333333336,1.0,0.0,0.0,0.0
2014-09-11 20:30:06+00:00,355.58666666666664,0.0,0.0,1.0,0.0
2014-09-11 20:30:12+00:00,334.91833333333335,1.0,0.0,1.0,0.0
2014-09-11 20:30:18+00:00,335.385,1.0,0.0,0.0,0.0
2014-09-11 20:30:24+00:00,333.13666666666666,0.0,0.0,1.0,0.0
2014-09-11 20:30:30+00:00,334.2966666666667,1.0,0.0,1.0,0.0
2014-09-11 20:30:36+00:00,332.885,1.0,0.0,1.0,0.0
2014-09-11 20:30:42+00:00,333.0566666666667,1.0,0.0,1.0,0.0
2014-09-11 20:30:48+00:00,335.9066666666667,1.0,0.0,1.0,0.0
2014-09-11 20:30:54+00:00,337.2183333333333,1.0,0.0,0.0,0.0
2014-09-11 20:31:00+00:00,357.825,0.0,0.0,1.0,0.0
2014-09-11 20:31:06+00:00,355.10999999999996,1.0,0.0,1.0,0.0
2014-09-11 20:31:12+00:00,336.6766666666667,1.0,0.0,1.0,0.0
2014-09-11 20:31:18+00:00,329.72666666666663,1.0,0.0,0.0,0.0
2014-09-11 20:31:24+00:00,331.24,0.0,0.0,1.0,0.0
2014-09-11 20:31:30+00:00,330.3833333333333,1.0,0.0,1.0,0.0
2014-09-11 20:31:36+00:00,330.2266666666667,1.0,0.0,1.0,0.0
2014-09-11 20:31:42+00:00,330.29333333333335,1.0,0.0,0.0,0.0
2014-09-11 20:31:48+00:00,329.84,0.0,0.0,1.0,0.0
2014-09-11 20:31:54+00:00,329.84,1.0,0.0,1.0,0.0
2014-09-11 20:32:00+00:00,330.745,1.0,0.0,0.0,0.0
2014-09-11 20:32:06+00:00,329.93833333333333,1.0,0.0,1.0,0.0
2014-09-11 20:32:12+00:00,329.2916666666667,1.0,0.0,1.0,0.0
2014-09-11 20:32:18+00:00,329.48,1.0,0.0,1.0,0.0
2014-09-11 20:32:24+00:00,329.5733333333333,0.0,0.0,1.0,0.0
2014-09-11 20:32:30+00:00,329.97333333333336,1.0,0.0,1.0,0.0
2014-09-11 20:32:36+00:00,329.8283333333333,1.0,0.0,1.0,0.0
2014-09-11 20:32:42+00:00,329.29,1.0,0.0,0.0,0.0
2014-09-11 20:32:48+00:00,329.5466666666667,1.0,0.0,1.0,0.0
2014-09-11 20:32:54+00:00,329.42833333333334,0.0,0.0,1.0,0.0
2014-09-11 20:33:00+00:00,329.71166666666664,1.0,0.0,1.0,0.0
2014-09-11 20:33:06+00:00,330.03000000000003,1.0,0.0,1.0,0.0
2014-09-11 20:33:12+00:00,329.72666666666663,1.0,0.0,1.0,0.0
2014-09-11 20:33:18+00:00,329.1016666666667,1.0,0.0,0.0,0.0
2014-09-11 20:33:24+00:00,329.50666666666666,1.0,0.0,1.0,0.0
2014-09-11 20:33:30+00:00,330.87166666666667,0.0,0.0,1.0,0.0
2014-09-11 20:33:36+00:00,330.12666666666667,1.0,0.0,1.0,0.0
2014-09-11 20:33:42+00:00,329.8983333333333,1.0,0.0,0.0,0.0
2014-09-11 20:33:48+00:00,329.04833333333335,1.0,0.0,1.0,0.0
2014-09-11 20:33:54+00:00,328.51166666666666,0.0,0.0,1.0,0.0
2014-09-11 20:34:00+00:00,328.8,1.0,0.0,1.0,0.0
2014-09-11 20:34:06+00:00,328.7133333333333,1.0,0.0,1.0,0.0
2014-09-11 20:34:12+00:00,329.5183333333334,1.0,0.0,1.0,0.0
2014-09-11 20:34:18+00:00,329.42833333333334,1.0,0.0,1.0,0.0
2014-09-11 20:34:24+00:00,329.815,1.0,0.0,0.0,0.0
2014-09-11 20:34:30+00:00,331.2383333333333,1.0,0.0,1.0,0.0
2014-09-11 20:34:36+00:00,332.4016666666667,1.0,0.0,1.0,0.0
2014-09-11 20:34:42+00:00,330.8283333333333,1.0,0.0,1.0,0.0
2014-09-11 20:34:48+00:00,330.99833333333333,0.0,0.0,1.0,0.0
2014-09-11 20:34:54+00:00,332.24666666666667,1.0,0.0,1.0,0.0
2014-09-11 20:35:00+00:00,332.08,1.0,0.0,1.0,0.0
2014-09-11 20:35:06+00:00,332.54833333333335,1.0,0.0,0.0,0.0
2014-09-11 20:35:12+00:00,333.4066666666667,0.0,0.0,1.0,0.0
2014-09-11 20:35:18+00:00,333.6483333333333,1.0,0.0,1.0,0.0
2014-09-11 20:35:24+00:00,333.0933333333333,1.0,0.0,1.0,0.0
2014-09-11 20:35:30+00:00,330.1933333333333,1.0,0.0,1.0,0.0
2014-09-11 20:35:36+00:00,330.3283333333333,1.0,0.0,1.0,0.0
2014-09-11 20:35:42+00:00,328.435,1.0,0.0,0.0,0.0
2014-09-11 20:35:48+00:00,326.82,1.0,0.0,1.0,0.0
2014-09-11 20:35:54+00:00,388.34,1.0,0.0,1.0,0.0
2014-09-11 20:36:00+00:00,445.0133333333333,0.0,0.0,1.0,0.0
2014-09-11 20:36:06+00:00,438.3733333333333,1.0,17.0,1.0,0.0
2014-09-11 20:36:12+00:00,425.91,1.0,17.0,1.0,0.0
2014-09-11 20:36:18+00:00,426.27833333333336,1.0,0.0,0.0,0.0
2014-09-11 20:36:24+00:00,426.10999999999996,1.0,0.0,1.0,0.0
2014-09-11 20:36:30+00:00,426.18666666666667,1.0,0.0,1.0,0.0
2014-09-11 20:36:36+00:00,1537.2883333333332,1.0,0.0,1.0,0.0
2014-09-11 20:36:42+00:00,2070.4283333333333,1.0,0.0,1.0,0.0
2014-09-11 20:36:48+00:00,2070.471666666667,1.0,0.0,1.0,0.0
2014-09-11 20:36:54+00:00,2061.3566666666666,0.0,0.0,1.0,0.0
2014-09-11 20:37:00+00:00,2057.5,1.0,0.0,1.0,0.0
2014-09-11 20:37:06+00:00,2058.766666666667,1.0,0.0,1.0,0.0
2014-09-11 20:37:12+00:00,2060.005,1.0,0.0,1.0,0.0
2014-09-11 20:37:18+00:00,2051.733333333333,1.0,0.0,1.0,0.0
2014-09-11 20:37:24+00:00,2052.146666666667,1.0,0.0,1.0,0.0
2014-09-11 20:37:30+00:00,2048.4466666666667,1.0,0.0,1.0,0.0
2014-09-11 20:37:36+00:00,2048.6883333333335,1.0,0.0,1.0,0.0
2014-09-11 20:37:42+00:00,2039.5566666666666,1.0,0.0,1.0,0.0
2014-09-11 20:37:48+00:00,2037.5566666666666,1.0,0.0,1.0,0.0
2014-09-11 20:37:54+00:00,2036.755,1.0,0.0,0.0,0.0
2014-09-11 20:38:00+00:00,2037.2816666666668,0.0,0.0,1.0,0.0
2014-09-11 20:38:06+00:00,2031.5766666666666,1.0,0.0,1.0,0.0
2014-09-11 20:38:12+00:00,2034.7383333333335,1.0,0.0,1.0,0.0
2014-09-11 20:38:18+00:00,2042.3783333333333,1.0,0.0,1.0,0.0
2014-09-11 20:38:24+00:00,2042.2183333333332,1.0,0.0,1.0,0.0
2014-09-11 20:38:30+00:00,2044.5900000000001,1.0,0.0,1.0,0.0
2014-09-11 20:38:36+00:00,2052.765,1.0,0.0,1.0,0.0
2014-09-11 20:38:42+00:00,2057.47,1.0,0.0,1.0,0.0
2014-09-11 20:38:48+00:00,2060.5016666666666,1.0,0.0,1.0,0.0
2014-09-11 20:38:54+00:00,2058.1316666666667,1.0,0.0,1.0,0.0
2014-09-11 20:39:00+00:00,2061.971666666667,1.0,0.0,0.0,0.0
2014-09-11 20:39:06+00:00,2058.96,1.0,0.0,1.0,0.0
2014-09-11 20:39:12+00:00,2052.8166666666666,1.0,0.0,1.0,0.0
2014-09-11 20:39:18+00:00,2052.778333333333,1.0,0.0,1.0,0.0
2014-09-11 20:39:24+00:00,2064.383333333333,1.0,0.0,1.0,0.0
2014-09-11 20:39:30+00:00,2056.225,0.0,17.0,1.0,0.0
2014-09-11 20:39:36+00:00,1472.125,1.0,0.0,1.0,0.0
2014-09-11 20:39:42+00:00,427.17499999999995,1.0,0.0,1.0,0.0
2014-09-11 20:39:48+00:00,426.69166666666666,1.0,0.0,1.0,0.0
2014-09-11 20:39:54+00:00,426.67,1.0,0.0,0.0,0.0
2014-09-11 20:40:00+00:00,426.47,0.0,0.0,1.0,0.0
2014-09-11 20:40:06+00:00,671.445,1.0,2.0,1.0,0.0
2014-09-11 20:40:12+00:00,544.9866666666667,1.0,103.0,1.0,0.0
2014-09-11 20:40:18+00:00,521.305,1.0,0.0,1.0,0.0
2014-09-11 20:40:24+00:00,439.69666666666666,1.0,118.0,1.0,0.0
2014-09-11 20:40:30+00:00,430.3866666666667,1.0,114.0,0.0,0.0
2014-09-11 20:40:36+00:00,432.7583333333334,0.0,0.0,1.0,0.0
2014-09-11 20:40:42+00:00,432.4766666666667,1.0,112.0,1.0,0.0
2014-09-11 20:40:48+00:00,431.44666666666666,1.0,112.0,1.0,0.0
2014-09-11 20:40:54+00:00,430.6666666666667,1.0,110.0,0.0,0.0
2014-09-11 20:41:00+00:00,432.31166666666667,1.0,109.0,1.0,0.0
2014-09-11 20:41:06+00:00,428.7966666666667,0.0,0.0,1.0,0.0
2014-09-11 20:41:12+00:00,426.28999999999996,1.0,107.0,1.0,0.0
2014-09-11 20:41:18+00:00,427.9083333333333,1.0,106.0,0.0,0.0
2014-09-11 20:41:24+00:00,426.6466666666667,1.0,106.0,1.0,0.0
2014-09-11 20:41:30+00:00,427.24499999999995,1.0,106.0,1.0,0.0
2014-09-11 20:41:36+00:00,429.01666666666665,1.0,107.0,1.0,0.0
2014-09-11 20:41:42+00:00,429.5083333333334,0.0,107.0,1.0,0.0
2014-09-11 20:41:48+00:00,430.40333333333336,1.0,0.0,1.0,0.0
2014-09-11 20:41:54+00:00,431.25333333333333,1.0,107.0,1.0,0.0
2014-09-11 20:42:00+00:00,428.715,1.0,107.0,0.0,0.0
2014-09-11 20:42:06+00:00,431.24333333333334,1.0,108.0,1.0,0.0
2014-09-11 20:42:12+00:00,430.34666666666664,1.0,107.0,1.0,0.0
2014-09-11 20:42:18+00:00,430.6016666666667,0.0,106.0,1.0,0.0
2014-09-11 20:42:24+00:00,429.54833333333335,1.0,107.0,1.0,0.0
2014-09-11 20:42:30+00:00,429.805,1.0,107.0,1.0,0.0
2014-09-11 20:42:36+00:00,430.075,1.0,0.0,1.0,0.0
2014-09-11 20:42:42+00:00,429.615,1.0,106.0,1.0,0.0
2014-09-11 20:42:48+00:00,429.34666666666664,1.0,106.0,0.0,0.0
2014-09-11 20:42:54+00:00,429.5933333333333,0.0,106.0,1.0,0.0
2014-09-11 20:43:00+00:00,431.85999999999996,1.0,106.0,1.0,0.0
2014-09-11 20:43:06+00:00,429.47333333333336,1.0,106.0,1.0,0.0
2014-09-11 20:43:12+00:00,430.3666666666666,1.0,106.0,1.0,0.0
2014-09-11 20:43:18+00:00,429.4783333333333,1.0,0.0,1.0,0.0
2014-09-11 20:43:24+00:00,430.1466666666667,1.0,105.0,1.0,0.0
2014-09-11 20:43:30+00:00,430.39166666666665,1.0,106.0,0.0,0.0
2014-09-11 20:43:36+00:00,428.84,1.0,106.0,1.0,0.0
2014-09-11 20:43:42+00:00,429.6983333333333,1.0,106.0,1.0,0.0
2014-09-11 20:43:48+00:00,428.87166666666667,0.0,106.0,1.0,0.0
2014-09-11 20:43:54+00:00,432.75666666666666,1.0,0.0,1.0,0.0
2014-09-11 20:44:00+00:00,428.57666666666665,1.0,106.0,1.0,0.0
2014-09-11 20:44:06+00:00,427.3833333333334,1.0,106.0,1.0,0.0
2014-09-11 20:44:12+00:00,426.16333333333336,1.0,106.0,0.0,0.0
2014-09-11 20:44:18+00:00,426.1333333333334,1.0,105.0,1.0,0.0
2014-09-11 20:44:24+00:00,425.315,1.0,105.0,1.0,0.0
2014-09-11 20:44:30+00:00,425.8333333333333,0.0,105.0,1.0,0.0
2014-09-11 20:44:36+00:00,425.5333333333333,1.0,0.0,1.0,0.0
2014-09-11 20:44:42+00:00,423.9683333333333,1.0,104.0,1.0,0.0
2014-09-11 20:44:48+00:00,425.48499999999996,1.0,105.0,0.0,0.0
2014-09-11 20:44:54+00:00,427.58500000000004,1.0,105.0,1.0,0.0
2014-09-11 20:45:00+00:00,427.52833333333336,1.0,105.0,1.0,0.0
2014-09-11 20:45:06+00:00,426.2083333333333,0.0,0.0,1.0,0.0
2014-09-11 20:45:12+00:00,426.575,1.0,105.0,1.0,0.0
2014-09-11 20:45:18+00:00,427.545,1.0,104.0,0.0,0.0
2014-09-11 20:45:24+00:00,425.8416666666667,1.0,104.0,1.0,0.0
2014-09-11 20:45:30+00:00,424.33833333333337,1.0,104.0,1.0,0.0
2014-09-11 20:45:36+00:00,427.27833333333336,1.0,103.0,1.0,0.0
2014-09-11 20:45:42+00:00,426.575,0.0,104.0,1.0,0.0
2014-09-11 20:45:48+00:00,424.83,1.0,105.0,1.0,0.0
2014-09-11 20:45:54+00:00,424.95666666666665,1.0,103.0,1.0,0.0
2014-09-11 20:46:00+00:00,423.96000000000004,1.0,0.0,1.0,0.0
2014-09-11 20:46:06+00:00,423.5333333333333,1.0,104.0,1.0,0.0
2014-09-11 20:46:12+00:00,424.2316666666666,1.0,104.0,0.0,0.0
2014-09-11 20:46:18+00:00,424.1716666666667,1.0,103.0,1.0,0.0
2014-09-11 20:46:24+00:00,428.0016666666667,1.0,104.0,1.0,0.0
2014-09-11 20:46:30+00:00,434.07666666666665,1.0,103.0,1.0,0.0
2014-09-11 20:46:36+00:00,434.7966666666667,1.0,103.0,1.0,0.0
2014-09-11 20:46:42+00:00,433.83500000000004,1.0,103.0,1.0,0.0
2014-09-11 20:46:48+00:00,433.10999999999996,0.0,0.0,1.0,0.0
2014-09-11 20:46:54+00:00,428.6383333333333,1.0,103.0,1.0,0.0
2014-09-11 20:47:00+00:00,429.34833333333336,1.0,103.0,1.0,0.0
2014-09-11 20:47:06+00:00,426.6033333333333,1.0,103.0,0.0,0.0
2014-09-11 20:47:12+00:00,428.135,1.0,103.0,1.0,0.0
2014-09-11 20:47:18+00:00,423.94,1.0,103.0,1.0,0.0
2014-09-11 20:47:24+00:00,427.44,0.0,103.0,1.0,0.0
2014-09-11 20:47:30+00:00,432.5683333333333,1.0,0.0,1.0,0.0
2014-09-11 20:47:36+00:00,426.8283333333333,1.0,104.0,1.0,0.0
2014-09-11 20:47:42+00:00,428.58,1.0,105.0,0.0,0.0
2014-09-11 20:47:48+00:00,430.96333333333337,1.0,107.0,1.0,0.0
2014-09-11 20:47:54+00:00,428.46166666666664,1.0,107.0,0.0,0.0
2014-09-11 20:48:00+00:00,429.8533333333333,0.0,0.0,1.0,0.0
2014-09-11 20:48:06+00:00,434.2083333333333,1.0,107.0,1.0,0.0
2014-09-11 20:48:12+00:00,433.87833333333333,1.0,108.0,1.0,0.0
2014-09-11 20:48:18+00:00,435.0566666666667,1.0,109.0,1.0,0.0
2014-09-11 20:48:24+00:00,432.96000000000004,1.0,109.0,1.0,0.0
2014-09-11 20:48:30+00:00,434.53,1.0,110.0,1.0,0.0
2014-09-11 20:48:36+00:00,435.51,1.0,110.0,1.0,0.0
2014-09-11 20:48:42+00:00,436.7683333333334,1.0,111.0,0.0,0.0
2014-09-11 20:48:48+00:00,437.5233333333333,0.0,112.0,1.0,0.0
2014-09-11 20:48:54+00:00,437.1983333333333,1.0,112.0,1.0,0.0
2014-09-11 20:49:00+00:00,441.41499999999996,1.0,0.0,1.0,0.0
2014-09-11 20:49:06+00:00,441.53666666666663,1.0,113.0,1.0,0.0
2014-09-11 20:49:12+00:00,438.57,1.0,112.0,1.0,0.0
2014-09-11 20:49:18+00:00,435.9116666666667,1.0,113.0,1.0,0.0
2014-09-11 20:49:24+00:00,442.82,1.0,111.0,1.0,0.0
2014-09-11 20:49:30+00:00,437.34833333333336,1.0,113.0,1.0,0.0
2014-09-11 20:49:36+00:00,438.1766666666667,1.0,112.0,0.0,0.0
2014-09-11 20:49:42+00:00,436.68833333333333,1.0,113.0,1.0,0.0
2014-09-11 20:49:48+00:00,437.08500000000004,0.0,113.0,1.0,0.0
2014-09-11 20:49:54+00:00,437.59999999999997,1.0,0.0,1.0,0.0
2014-09-11 20:50:00+00:00,436.1028571428572,1.0,113.0,1.0,0.0
2014-09-11 20:50:06+00:00,435.446,1.0,113.0,0.0,0.0
2014-09-11 20:50:12+00:00,435.13428571428574,1.0,113.0,1.0,0.0
2014-09-11 20:50:18+00:00,435.35200000000003,0.0,0.0,1.0,0.0
2014-09-11 20:50:24+00:00,443.3671428571429,1.0,113.0,1.0,0.0
2014-09-11 20:50:30+00:00,449.37166666666667,1.0,113.0,1.0,0.0
2014-09-11 20:50:36+00:00,443.7383333333333,1.0,113.0,1.0,0.0
2014-09-11 20:50:42+00:00,442.7483333333333,1.0,114.0,0.0,0.0
2014-09-11 20:50:48+00:00,435.5316666666667,1.0,113.0,1.0,0.0
2014-09-11 20:50:54+00:00,436.91166666666663,1.0,113.0,1.0,0.0
2014-09-11 20:51:00+00:00,436.285,1.0,114.0,1.0,0.0
2014-09-11 20:51:06+00:00,436.9666666666667,1.0,114.0,1.0,0.0
2014-09-11 20:51:12+00:00,440.29833333333335,0.0,114.0,1.0,0.0
2014-09-11 20:51:18+00:00,440.64166666666665,1.0,0.0,1.0,0.0
2014-09-11 20:51:24+00:00,443.68,1.0,114.0,1.0,0.0
2014-09-11 20:51:30+00:00,445.8766666666667,1.0,114.0,1.0,0.0
2014-09-11 20:51:36+00:00,446.55,1.0,116.0,0.0,0.0
2014-09-11 20:51:42+00:00,457.87000000000006,1.0,115.0,1.0,0.0
2014-09-11 20:51:48+00:00,447.17333333333335,1.0,115.0,1.0,0.0
2014-09-11 20:51:54+00:00,440.59666666666664,0.0,115.0,1.0,0.0
2014-09-11 20:52:00+00:00,438.66333333333336,1.0,0.0,1.0,0.0
2014-09-11 20:52:06+00:00,439.0416666666667,1.0,115.0,1.0,0.0
2014-09-11 20:52:12+00:00,439.93333333333334,1.0,115.0,0.0,0.0
2014-09-11 20:52:18+00:00,447.3616666666667,0.0,116.0,1.0,0.0
2014-09-11 20:52:24+00:00,449.96,1.0,115.0,1.0,0.0
2014-09-11 20:52:30+00:00,448.92333333333335,1.0,115.0,1.0,0.0
2014-09-11 20:52:36+00:00,442.1466666666667,1.0,114.0,1.0,0.0
2014-09-11 20:52:42+00:00,441.7183333333333,1.0,0.0,1.0,0.0
2014-09-11 20:52:48+00:00,439.93333333333334,1.0,116.0,1.0,0.0
2014-09-11 20:52:54+00:00,439.4166666666667,1.0,115.0,0.0,0.0
2014-09-11 20:53:00+00:00,439.62166666666667,1.0,115.0,1.0,0.0
2014-09-11 20:53:06+00:00,438.83,0.0,115.0,1.0,0.0
2014-09-11 20:53:12+00:00,438.22333333333336,1.0,0.0,1.0,0.0
2014-09-11 20:53:18+00:00,437.96333333333337,1.0,114.0,1.0,0.0
2014-09-11 20:53:24+00:00,438.2616666666667,1.0,115.0,0.0,0.0
2014-09-11 20:53:30+00:00,439.875,1.0,114.0,1.0,0.0
2014-09-11 20:53:36+00:00,437.09,0.0,114.0,1.0,0.0
2014-09-11 20:53:42+00:00,436.12166666666667,1.0,0.0,1.0,0.0
2014-09-11 20:53:48+00:00,434.78666666666663,1.0,113.0,1.0,0.0
2014-09-11 20:53:54+00:00,434.06333333333333,1.0,114.0,1.0,0.0
2014-09-11 20:54:00+00:00,454.8433333333333,1.0,114.0,0.0,0.0
2014-09-11 20:54:06+00:00,460.385,1.0,114.0,1.0,0.0
2014-09-11 20:54:12+00:00,450.8983333333333,0.0,114.0,1.0,0.0
2014-09-11 20:54:18+00:00,444.33666666666664,1.0,113.0,1.0,0.0
2014-09-11 20:54:24+00:00,443.5733333333333,1.0,114.0,1.0,0.0
2014-09-11 20:54:30+00:00,444.96,1.0,114.0,1.0,0.0
2014-09-11 20:54:36+00:00,437.89166666666665,1.0,0.0,1.0,0.0
2014-09-11 20:54:42+00:00,438.0133333333333,1.0,113.0,0.0,0.0
2014-09-11 20:54:48+00:00,440.20666666666665,1.0,113.0,1.0,0.0
2014-09-11 20:54:54+00:00,445.6816666666667,0.0,0.0,1.0,0.0
2014-09-11 20:55:00+00:00,435.215,1.0,114.0,1.0,0.0
2014-09-11 20:55:06+00:00,435.655,1.0,113.0,1.0,0.0
2014-09-11 20:55:12+00:00,436.98499999999996,1.0,113.0,0.0,0.0
2014-09-11 20:55:18+00:00,434.67,0.0,112.0,1.0,0.0
2014-09-11 20:55:24+00:00,437.15333333333336,1.0,112.0,1.0,0.0
2014-09-11 20:55:30+00:00,436.72,1.0,112.0,1.0,0.0
2014-09-11 20:55:36+00:00,435.26,1.0,113.0,1.0,0.0
2014-09-11 20:55:42+00:00,434.5416666666667,1.0,112.0,1.0,0.0
2014-09-11 20:55:48+00:00,434.1016666666667,1.0,0.0,1.0,0.0
2014-09-11 20:55:54+00:00,443.74666666666667,1.0,112.0,1.0,0.0
2014-09-11 20:56:00+00:00,449.2633333333333,1.0,112.0,1.0,0.0
2014-09-11 20:56:06+00:00,437.7616666666667,1.0,112.0,1.0,0.0
2014-09-11 20:56:12+00:00,436.6716666666666,1.0,112.0,0.0,0.0
2014-09-11 20:56:18+00:00,437.05333333333334,1.0,111.0,1.0,0.0
2014-09-11 20:56:24+00:00,437.23499999999996,1.0,111.0,1.0,0.0
2014-09-11 20:56:30+00:00,438.65333333333336,0.0,112.0,1.0,0.0
2014-09-11 20:56:36+00:00,437.94,1.0,111.0,1.0,0.0
2014-09-11 20:56:42+00:00,437.44,1.0,0.0,1.0,0.0
2014-09-11 20:56:48+00:00,436.58500000000004,1.0,111.0,1.0,0.0
2014-09-11 20:56:54+00:00,435.03666666666663,1.0,111.0,0.0,0.0
2014-09-11 20:57:00+00:00,434.32666666666665,1.0,111.0,1.0,0.0
2014-09-11 20:57:06+00:00,431.97,1.0,110.0,1.0,0.0
2014-09-11 20:57:12+00:00,439.3833333333334,1.0,111.0,0.0,0.0
2014-09-11 20:57:18+00:00,442.98,0.0,110.0,1.0,0.0
2014-09-11 20:57:24+00:00,439.0733333333333,1.0,111.0,1.0,0.0
2014-09-11 20:57:30+00:00,441.83,1.0,0.0,1.0,0.0
2014-09-11 20:57:36+00:00,439.1933333333333,1.0,110.0,1.0,0.0
2014-09-11 20:57:42+00:00,439.41166666666663,1.0,111.0,1.0,0.0
2014-09-11 20:57:48+00:00,442.3616666666667,1.0,110.0,0.0,0.0
2014-09-11 20:57:54+00:00,435.7966666666667,0.0,0.0,1.0,0.0
2014-09-11 20:58:00+00:00,435.175,1.0,111.0,1.0,0.0
2014-09-11 20:58:06+00:00,434.6583333333333,1.0,111.0,0.0,0.0
2014-09-11 20:58:12+00:00,439.73333333333335,0.0,111.0,1.0,0.0
2014-09-11 20:58:18+00:00,438.49666666666667,1.0,0.0,1.0,0.0
2014-09-11 20:58:24+00:00,437.9116666666667,1.0,111.0,1.0,0.0
2014-09-11 20:58:30+00:00,439.355,1.0,111.0,0.0,0.0
2014-09-11 20:58:36+00:00,436.87833333333333,0.0,110.0,1.0,0.0
2014-09-11 20:58:42+00:00,438.70666666666665,1.0,0.0,1.0,0.0
2014-09-11 20:58:48+00:00,435.5916666666667,1.0,111.0,1.0,0.0
2014-09-11 20:58:54+00:00,435.8616666666667,1.0,110.0,1.0,0.0
2014-09-11 20:59:00+00:00,437.4583333333333,1.0,111.0,1.0,0.0
2014-09-11 20:59:06+00:00,438.8566666666666,1.0,110.0,0.0,0.0
2014-09-11 20:59:12+00:00,441.43833333333333,0.0,110.0,1.0,0.0
2014-09-11 20:59:18+00:00,437.3566666666666,1.0,0.0,1.0,0.0
2014-09-11 20:59:24+00:00,436.22,1.0,111.0,1.0,0.0
2014-09-11 20:59:30+00:00,436.31166666666667,1.0,111.0,0.0,0.0
2014-09-11 20:59:36+00:00,437.2733333333333,0.0,111.0,1.0,0.0
2014-09-11 20:59:42+00:00,438.4216666666667,1.0,0.0,1.0,0.0
2014-09-11 20:59:48+00:00,439.7,1.0,111.0,1.0,0.0
2014-09-11 20:59:54+00:00,439.03999999999996,1.0,111.0,0.0,0.0
2014-09-11 21:00:00+00:00,442.42333333333335,0.0,0.0,1.0,0.0
2014-09-11 21:00:06+00:00,438.46166666666664,1.0,111.0,1.0,0.0
2014-09-11 21:00:12+00:00,442.18833333333333,1.0,111.0,1.0,0.0
2014-09-11 21:00:18+00:00,440.01500000000004,1.0,110.5,1.0,0.0
2014-09-11 21:00:24+00:00,441.965,1.0,0.0,1.0,0.0
2014-09-11 21:00:30+00:00,439.6016666666667,1.0,110.0,0.0,0.0
2014-09-11 21:00:36+00:00,440.11833333333334,1.0,111.0,1.0,0.0
2014-09-11 21:00:42+00:00,440.52500000000003,1.0,110.0,1.0,0.0
2014-09-11 21:00:48+00:00,438.06666666666666,1.0,110.0,1.0,0.0
2014-09-11 21:00:54+00:00,437.1166666666666,1.0,110.0,1.0,0.0
2014-09-11 21:01:00+00:00,439.065,0.0,110.0,1.0,0.0
2014-09-11 21:01:06+00:00,439.21000000000004,1.0,0.0,1.0,0.0
2014-09-11 21:01:12+00:00,440.29333333333335,1.0,111.0,1.0,0.0
2014-09-11 21:01:18+00:00,435.145,1.0,110.0,0.0,0.0
2014-09-11 21:01:24+00:00,432.2383333333333,0.0,110.0,1.0,0.0
2014-09-11 21:01:30+00:00,432.03833333333336,1.0,0.0,1.0,0.0
2014-09-11 21:01:36+00:00,433.8933333333334,1.0,110.0,1.0,0.0
2014-09-11 21:01:42+00:00,434.4533333333334,1.0,110.0,0.0,0.0
2014-09-11 21:01:48+00:00,433.92833333333334,0.0,111.0,1.0,0.0
2014-09-11 21:01:54+00:00,432.0116666666666,1.0,110.0,1.0,0.0
2014-09-11 21:02:00+00:00,433.35999999999996,1.0,0.0,1.0,0.0
2014-09-11 21:02:06+00:00,434.04333333333335,1.0,110.0,1.0,0.0
2014-09-11 21:02:12+00:00,436.7033333333333,1.0,110.0,1.0,0.0
2014-09-11 21:02:18+00:00,438.3233333333333,1.0,111.0,1.0,0.0
2014-09-11 21:02:24+00:00,435.41,1.0,109.0,1.0,0.0
2014-09-11 21:02:30+00:00,436.8233333333333,1.0,110.0,1.0,0.0
2014-09-11 21:02:36+00:00,436.8866666666667,1.0,110.0,1.0,0.0
2014-09-11 21:02:42+00:00,437.68833333333333,1.0,0.0,0.0,0.0
2014-09-11 21:02:48+00:00,437.19666666666666,0.0,110.5,1.0,0.0
2014-09-11 21:02:54+00:00,435.445,1.0,0.0,1.0,0.0
2014-09-11 21:03:00+00:00,437.6233333333333,1.0,110.0,1.0,0.0
2014-09-11 21:03:06+00:00,439.80833333333334,1.0,111.0,1.0,0.0
2014-09-11 21:03:12+00:00,436.32666666666665,1.0,110.0,1.0,0.0
2014-09-11 21:03:18+00:00,437.27,1.0,111.0,1.0,0.0
2014-09-11 21:03:24+00:00,438.22499999999997,1.0,110.0,0.0,0.0
2014-09-11 21:03:30+00:00,438.4483333333333,1.0,110.0,1.0,0.0
2014-09-11 21:03:36+00:00,437.8766666666666,0.0,0.0,1.0,0.0
2014-09-11 21:03:42+00:00,440.93833333333333,1.0,111.0,1.0,0.0
2014-09-11 21:03:48+00:00,445.0916666666667,1.0,110.0,1.0,0.0
2014-09-11 21:03:54+00:00,444.27833333333336,1.0,110.0,0.0,0.0
2014-09-11 21:04:00+00:00,448.98499999999996,1.0,111.0,1.0,0.0
2014-09-11 21:04:06+00:00,447.19,0.0,110.0,1.0,0.0
2014-09-11 21:04:12+00:00,442.6366666666667,1.0,0.0,1.0,0.0
2014-09-11 21:04:18+00:00,437.68333333333334,1.0,110.0,1.0,0.0
2014-09-11 21:04:24+00:00,437.27500000000003,1.0,111.0,0.0,0.0
2014-09-11 21:04:30+00:00,435.6716666666666,1.0,111.0,1.0,0.0
2014-09-11 21:04:36+00:00,435.1716666666667,1.0,111.0,1.0,0.0
2014-09-11 21:04:42+00:00,433.5416666666667,1.0,110.0,1.0,0.0
2014-09-11 21:04:48+00:00,441.195,1.0,110.0,1.0,0.0
2014-09-11 21:04:54+00:00,445.98,0.0,110.0,1.0,0.0
2014-09-11 21:05:00+00:00,444.435,1.0,0.0,1.0,0.0
2014-09-11 21:05:06+00:00,445.8866666666667,1.0,111.0,1.0,0.0
2014-09-11 21:05:12+00:00,448.4083333333333,1.0,111.0,1.0,0.0
2014-09-11 21:05:18+00:00,448.41,1.0,111.0,1.0,0.0
2014-09-11 21:05:24+00:00,442.13000000000005,1.0,111.0,0.0,0.0
2014-09-11 21:05:30+00:00,436.67333333333335,1.0,110.0,1.0,0.0
2014-09-11 21:05:36+00:00,435.61833333333334,0.0,111.0,1.0,0.0
2014-09-11 21:05:42+00:00,436.035,1.0,0.0,1.0,0.0
2014-09-11 21:05:48+00:00,436.1333333333334,1.0,111.0,1.0,0.0
2014-09-11 21:05:54+00:00,436.8333333333333,1.0,111.0,1.0,0.0
2014-09-11 21:06:00+00:00,435.62166666666667,1.0,111.0,1.0,0.0
2014-09-11 21:06:06+00:00,434.9816666666666,1.0,111.0,0.0,0.0
2014-09-11 21:06:12+00:00,435.55,1.0,111.0,1.0,0.0
2014-09-11 21:06:18+00:00,437.74,1.0,111.0,1.0,0.0
2014-09-11 21:06:24+00:00,439.06166666666667,1.0,111.0,1.0,0.0
2014-09-11 21:06:30+00:00,439.7183333333333,1.0,111.0,1.0,0.0
2014-09-11 21:06:36+00:00,439.22499999999997,0.0,111.0,1.0,0.0
2014-09-11 21:06:42+00:00,443.9533333333334,1.0,0.0,1.0,0.0
2014-09-11 21:06:48+00:00,440.4433333333333,1.0,111.0,1.0,0.0
2014-09-11 21:06:54+00:00,439.23,1.0,111.0,0.0,0.0
2014-09-11 21:07:00+00:00,438.4533333333333,0.0,111.0,1.0,0.0
2014-09-11 21:07:06+00:00,439.25666666666666,1.0,110.0,1.0,0.0
2014-09-11 21:07:12+00:00,437.9983333333333,1.0,0.0,1.0,0.0
2014-09-11 21:07:18+00:00,435.08666666666664,1.0,111.0,1.0,0.0
2014-09-11 21:07:24+00:00,434.06166666666667,1.0,111.0,0.0,0.0
2014-09-11 21:07:30+00:00,433.3016666666667,0.0,111.0,1.0,0.0
2014-09-11 21:07:36+00:00,433.8533333333333,1.0,0.0,1.0,0.0
2014-09-11 21:07:42+00:00,432.24,1.0,111.0,0.0,0.0
2014-09-11 21:07:48+00:00,432.6166666666666,1.0,111.0,1.0,0.0
2014-09-11 21:07:54+00:00,432.3433333333333,1.0,111.0,1.0,0.0
2014-09-11 21:08:00+00:00,432.6583333333333,0.0,111.0,1.0,0.0
2014-09-11 21:08:06+00:00,434.31666666666666,1.0,111.0,1.0,0.0
2014-09-11 21:08:12+00:00,434.59666666666664,1.0,0.0,1.0,0.0
2014-09-11 21:08:18+00:00,431.60999999999996,1.0,111.0,1.0,0.0
2014-09-11 21:08:24+00:00,447.1366666666667,1.0,111.0,0.0,0.0
2014-09-11 21:08:30+00:00,540.2783333333333,1.0,111.0,1.0,0.0
2014-09-11 21:08:36+00:00,544.7316666666667,0.0,111.0,1.0,0.0
2014-09-11 21:08:42+00:00,544.5500000000001,1.0,0.0,1.0,0.0
2014-09-11 21:08:48+00:00,543.18,1.0,111.0,1.0,0.0
2014-09-11 21:08:54+00:00,542.8733333333333,1.0,111.0,0.0,0.0
2014-09-11 21:09:00+00:00,545.3516666666666,0.0,0.0,1.0,0.0
2014-09-11 21:09:06+00:00,545.505,1.0,110.0,1.0,0.0
2014-09-11 21:09:12+00:00,527.4716666666667,1.0,111.0,0.0,0.0
2014-09-11 21:09:18+00:00,461.82166666666666,1.0,93.0,1.0,0.0
2014-09-11 21:09:24+00:00,430.3433333333333,1.0,93.0,1.0,0.0
2014-09-11 21:09:30+00:00,434.02500000000003,0.0,92.0,1.0,0.0
2014-09-11 21:09:36+00:00,437.96166666666664,1.0,93.0,1.0,0.0
2014-09-11 21:09:42+00:00,433.47333333333336,1.0,0.0,1.0,0.0
2014-09-11 21:09:48+00:00,432.12833333333333,1.0,93.0,1.0,0.0
2014-09-11 21:09:54+00:00,440.105,1.0,93.0,0.0,0.0
2014-09-11 21:10:00+00:00,434.04833333333335,0.0,93.0,1.0,0.0
2014-09-11 21:10:06+00:00,432.9883333333333,1.0,93.0,1.0,0.0
2014-09-11 21:10:12+00:00,433.115,1.0,93.0,1.0,0.0
2014-09-11 21:10:18+00:00,432.94666666666666,1.0,92.0,1.0,0.0
2014-09-11 21:10:24+00:00,437.48,1.0,93.0,1.0,0.0
2014-09-11 21:10:30+00:00,435.5783333333334,1.0,0.0,1.0,0.0
2014-09-11 21:10:36+00:00,434.89000000000004,1.0,93.0,1.0,0.0
2014-09-11 21:10:42+00:00,435.18,1.0,92.0,1.0,0.0
2014-09-11 21:10:48+00:00,434.7866666666667,1.0,93.0,0.0,0.0
2014-09-11 21:10:54+00:00,435.0566666666667,1.0,92.0,1.0,0.0
2014-09-11 21:11:00+00:00,435.42333333333335,1.0,92.0,1.0,0.0
2014-09-11 21:11:06+00:00,435.47,0.0,0.0,1.0,0.0
2014-09-11 21:11:12+00:00,437.53999999999996,1.0,92.0,1.0,0.0
2014-09-11 21:11:18+00:00,435.16,1.0,93.0,1.0,0.0
2014-09-11 21:11:24+00:00,436.09833333333336,1.0,93.0,1.0,0.0
2014-09-11 21:11:30+00:00,437.17833333333334,1.0,92.0,1.0,0.0
2014-09-11 21:11:36+00:00,435.0683333333333,1.0,92.0,0.0,0.0
2014-09-11 21:11:42+00:00,433.3983333333333,0.0,93.0,1.0,0.0
2014-09-11 21:11:48+00:00,432.4066666666667,1.0,0.0,1.0,0.0
2014-09-11 21:11:54+00:00,434.35999999999996,1.0,93.0,1.0,0.0
2014-09-11 21:12:00+00:00,434.6716666666666,1.0,92.0,1.0,0.0
2014-09-11 21:12:06+00:00,436.4266666666667,1.0,93.0,0.0,0.0
2014-09-11 21:12:12+00:00,435.72166666666664,0.0,0.0,1.0,0.0
2014-09-11 21:12:18+00:00,434.76,1.0,92.0,1.0,0.0
2014-09-11 21:12:24+00:00,435.47499999999997,1.0,92.0,1.0,0.0
2014-09-11 21:12:30+00:00,435.29333333333335,1.0,92.0,1.0,0.0
2014-09-11 21:12:36+00:00,438.0333333333333,1.0,93.0,0.0,0.0
2014-09-11 21:12:42+00:00,436.27500000000003,1.0,92.0,1.0,0.0
2014-09-11 21:12:48+00:00,436.7316666666666,1.0,92.0,1.0,0.0
2014-09-11 21:12:54+00:00,435.7316666666666,0.0,92.0,1.0,0.0
2014-09-11 21:13:00+00:00,435.7033333333333,1.0,0.0,1.0,0.0
2014-09-11 21:13:06+00:00,435.18833333333333,1.0,93.0,1.0,0.0
2014-09-11 21:13:12+00:00,434.0833333333333,1.0,92.0,0.0,0.0
2014-09-11 21:13:18+00:00,434.9783333333333,1.0,93.0,1.0,0.0
2014-09-11 21:13:24+00:00,435.00333333333333,1.0,92.0,1.0,0.0
2014-09-11 21:13:30+00:00,434.915,1.0,93.0,0.0,0.0
2014-09-11 21:13:36+00:00,435.5833333333333,0.0,92.0,1.0,0.0
2014-09-11 21:13:42+00:00,435.3666666666666,1.0,93.0,1.0,0.0
2014-09-11 21:13:48+00:00,434.27666666666664,1.0,0.0,1.0,0.0
2014-09-11 21:13:54+00:00,433.5933333333333,1.0,92.0,1.0,0.0
2014-09-11 21:14:00+00:00,439.5083333333334,1.0,92.0,0.0,0.0
2014-09-11 21:14:06+00:00,449.7916666666667,1.0,92.0,1.0,0.0
2014-09-11 21:14:12+00:00,454.3866666666667,1.0,92.0,1.0,0.0
2014-09-11 21:14:18+00:00,438.52,1.0,93.0,1.0,0.0
2014-09-11 21:14:24+00:00,448.8766666666667,1.0,92.0,1.0,0.0
2014-09-11 21:14:30+00:00,443.96166666666664,0.0,92.0,1.0,0.0
2014-09-11 21:14:36+00:00,443.0185714285714,1.0,0.0,1.0,0.0
2014-09-11 21:14:42+00:00,442.69399999999996,1.0,92.0,0.0,0.0
2014-09-11 21:14:48+00:00,458.79857142857145,1.0,92.0,0.0,0.0
2014-09-11 21:14:54+00:00,449.466,0.0,92.0,1.0,0.0
2014-09-11 21:15:00+00:00,447.2816666666667,1.0,92.0,1.0,0.0
2014-09-11 21:15:06+00:00,465.7342857142857,1.0,92.0,1.0,0.0
2014-09-11 21:15:12+00:00,445.342,1.0,92.0,1.0,0.0
2014-09-11 21:15:18+00:00,467.61,1.0,0.0,1.0,0.0
2014-09-11 21:15:24+00:00,458.2833333333333,1.0,93.0,1.0,0.0
2014-09-11 21:15:30+00:00,446.595,1.0,92.0,1.0,0.0
2014-09-11 21:15:36+00:00,436.1716666666666,1.0,93.0,0.0,0.0
2014-09-11 21:15:42+00:00,435.76666666666665,0.0,92.0,1.0,0.0
2014-09-11 21:15:48+00:00,452.295,1.0,92.0,1.0,0.0
2014-09-11 21:15:54+00:00,444.09499999999997,1.0,92.0,1.0,0.0
2014-09-11 21:16:00+00:00,447.17,1.0,93.0,1.0,0.0
2014-09-11 21:16:06+00:00,448.23499999999996,1.0,92.0,1.0,0.0
2014-09-11 21:16:12+00:00,456.425,1.0,93.0,1.0,0.0
2014-09-11 21:16:18+00:00,458.74333333333334,1.0,92.0,1.0,0.0
2014-09-11 21:16:24+00:00,479.23499999999996,1.0,0.0,1.0,0.0
2014-09-11 21:16:30+00:00,479.8433333333333,1.0,92.0,1.0,0.0
2014-09-11 21:16:36+00:00,479.77,1.0,93.0,0.0,0.0
2014-09-11 21:16:42+00:00,465.1116666666667,0.0,92.0,1.0,0.0
2014-09-11 21:16:48+00:00,447.51,1.0,0.0,1.0,0.0
2014-09-11 21:16:54+00:00,475.78,1.0,92.0,1.0,0.0
2014-09-11 21:17:00+00:00,478.84999999999997,1.0,92.0,1.0,0.0
2014-09-11 21:17:06+00:00,479.23499999999996,1.0,92.0,0.0,0.0
2014-09-11 21:17:12+00:00,479.7033333333333,0.0,92.0,1.0,0.0
2014-09-11 21:17:18+00:00,474.6483333333333,1.0,93.0,1.0,0.0
2014-09-11 21:17:24+00:00,461.615,1.0,92.0,1.0,0.0
2014-09-11 21:17:30+00:00,456.095,1.0,92.0,1.0,0.0
2014-09-11 21:17:36+00:00,456.82166666666666,1.0,92.0,1.0,0.0
2014-09-11 21:17:42+00:00,461.595,1.0,92.0,1.0,0.0
2014-09-11 21:17:48+00:00,463.105,1.0,92.0,1.0,0.0
2014-09-11 21:17:54+00:00,460.76500000000004,1.0,91.0,1.0,0.0
2014-09-11 21:18:00+00:00,462.09666666666664,1.0,0.0,1.0,0.0
2014-09-11 21:18:06+00:00,441.0916666666667,1.0,92.0,1.0,0.0
2014-09-11 21:18:12+00:00,460.4883333333333,1.0,92.0,1.0,0.0
2014-09-11 21:18:18+00:00,448.60833333333335,0.0,92.0,0.0,0.0
2014-09-11 21:18:24+00:00,459.92333333333335,1.0,0.0,1.0,0.0
2014-09-11 21:18:30+00:00,462.845,1.0,92.0,1.0,0.0
2014-09-11 21:18:36+00:00,457.9783333333333,1.0,92.0,0.0,0.0
2014-09-11 21:18:42+00:00,461.13000000000005,0.0,92.0,1.0,0.0
2014-09-11 21:18:48+00:00,456.24333333333334,1.0,92.0,1.0,0.0
2014-09-11 21:18:54+00:00,453.80333333333334,1.0,0.0,1.0,0.0
2014-09-11 21:19:00+00:00,471.0566666666667,1.0,92.0,1.0,0.0
2014-09-11 21:19:06+00:00,470.51666666666665,1.0,93.0,1.0,0.0
2014-09-11 21:19:12+00:00,443.2316666666666,1.0,92.0,0.0,0.0
2014-09-11 21:19:18+00:00,445.12999999999994,1.0,92.0,1.0,0.0
2014-09-11 21:19:24+00:00,435.84833333333336,1.0,92.0,0.0,0.0
2014-09-11 21:19:30+00:00,435.6466666666667,0.0,0.0,1.0,0.0
2014-09-11 21:19:36+00:00,441.55833333333334,1.0,92.0,1.0,0.0
2014-09-11 21:19:42+00:00,436.5366666666667,1.0,92.0,0.0,0.0
2014-09-11 21:19:48+00:00,473.4166666666667,1.0,92.0,1.0,0.0
2014-09-11 21:19:54+00:00,435.09,1.0,92.0,1.0,0.0
2014-09-11 21:20:00+00:00,447.24499999999995,0.0,0.0,1.0,0.0
2014-09-11 21:20:06+00:00,472.46166666666664,1.0,93.0,1.0,0.0
2014-09-11 21:20:12+00:00,466.93333333333334,1.0,92.0,1.0,0.0
2014-09-11 21:20:18+00:00,471.8216666666667,1.0,92.0,1.0,0.0
2014-09-11 21:20:24+00:00,456.1016666666667,1.0,92.0,1.0,0.0
2014-09-11 21:20:30+00:00,446.08500000000004,1.0,92.0,1.0,0.0
2014-09-11 21:20:36+00:00,443.1983333333333,1.0,92.0,1.0,0.0
2014-09-11 21:20:42+00:00,451.09,1.0,92.0,1.0,0.0
2014-09-11 21:20:48+00:00,443.465,1.0,92.0,0.0,0.0
2014-09-11 21:20:54+00:00,437.0016666666666,0.0,92.0,1.0,0.0
2014-09-11 21:21:00+00:00,434.91333333333336,1.0,0.0,1.0,0.0
2014-09-11 21:21:06+00:00,452.22166666666664,1.0,92.0,0.0,0.0
2014-09-11 21:21:12+00:00,448.1116666666667,1.0,92.0,1.0,0.0
2014-09-11 21:21:18+00:00,433.795,1.0,93.0,1.0,0.0
2014-09-11 21:21:24+00:00,462.4466666666667,1.0,92.0,1.0,0.0
2014-09-11 21:21:30+00:00,437.575,1.0,92.0,1.0,0.0
2014-09-11 21:21:36+00:00,457.7183333333333,1.0,92.0,1.0,0.0
2014-09-11 21:21:42+00:00,455.3983333333333,1.0,92.0,1.0,0.0
2014-09-11 21:21:48+00:00,446.315,1.0,92.0,1.0,0.0
2014-09-11 21:21:54+00:00,455.0183333333334,0.0,92.0,1.0,0.0
2014-09-11 21:22:00+00:00,467.5216666666667,1.0,0.0,1.0,0.0
2014-09-11 21:22:06+00:00,445.9783333333333,1.0,93.0,1.0,0.0
2014-09-11 21:22:12+00:00,433.70166666666665,1.0,92.0,1.0,0.0
2014-09-11 21:22:18+00:00,441.8566666666666,1.0,92.0,0.0,0.0
2014-09-11 21:22:24+00:00,461.1766666666667,1.0,92.0,1.0,0.0
2014-09-11 21:22:30+00:00,464.85833333333335,1.0,92.0,1.0,0.0
2014-09-11 21:22:36+00:00,437.7483333333333,0.0,0.0,1.0,0.0
2014-09-11 21:22:42+00:00,437.7816666666667,1.0,92.0,1.0,0.0
2014-09-11 21:22:48+00:00,455.0716666666667,1.0,93.0,1.0,0.0
2014-09-11 21:22:54+00:00,444.91333333333336,1.0,93.0,1.0,0.0
2014-09-11 21:23:00+00:00,443.74,1.0,92.0,1.0,0.0
2014-09-11 21:23:06+00:00,431.5333333333333,1.0,92.0,1.0,0.0
2014-09-11 21:23:12+00:00,433.08833333333337,1.0,92.0,1.0,0.0
2014-09-11 21:23:18+00:00,432.2733333333333,1.0,92.0,1.0,0.0
2014-09-11 21:23:24+00:00,433.7583333333334,1.0,92.0,1.0,0.0
2014-09-11 21:23:30+00:00,435.0733333333333,1.0,92.0,1.0,0.0
2014-09-11 21:23:36+00:00,433.0783333333334,1.0,92.0,0.0,0.0
2014-09-11 21:23:42+00:00,432.3516666666667,1.0,92.0,1.0,0.0
2014-09-11 21:23:48+00:00,429.1816666666667,1.0,92.0,1.0,0.0
2014-09-11 21:23:54+00:00,428.5133333333333,0.0,93.0,1.0,0.0
2014-09-11 21:24:00+00:00,427.8633333333333,1.0,93.0,1.0,0.0
2014-09-11 21:24:06+00:00,427.59999999999997,1.0,92.0,1.0,0.0
2014-09-11 21:24:12+00:00,428.0933333333333,1.0,0.0,1.0,0.0
2014-09-11 21:24:18+00:00,433.25333333333333,1.0,92.0,1.0,0.0
2014-09-11 21:24:24+00:00,432.68833333333333,1.0,92.0,1.0,0.0
2014-09-11 21:24:30+00:00,445.91499999999996,1.0,92.0,0.0,0.0
2014-09-11 21:24:36+00:00,448.0916666666667,1.0,92.0,1.0,0.0
2014-09-11 21:24:42+00:00,451.27666666666664,0.0,91.0,1.0,0.0
2014-09-11 21:24:48+00:00,444.62833333333333,1.0,92.0,1.0,0.0
2014-09-11 21:24:54+00:00,432.8733333333333,0.0,0.0,1.0,0.0
2014-09-11 21:25:00+00:00,438.10999999999996,1.0,91.0,1.0,0.0
2014-09-11 21:25:06+00:00,465.20166666666665,1.0,92.0,1.0,0.0
2014-09-11 21:25:12+00:00,448.73499999999996,1.0,92.0,1.0,0.0
2014-09-11 21:25:18+00:00,462.795,1.0,93.0,1.0,0.0
2014-09-11 21:25:24+00:00,460.7083333333333,1.0,92.0,1.0,0.0
2014-09-11 21:25:30+00:00,438.8433333333333,1.0,91.0,1.0,0.0
2014-09-11 21:25:36+00:00,461.545,1.0,92.0,0.0,0.0
2014-09-11 21:25:42+00:00,459.8866666666667,1.0,92.0,1.0,0.0
2014-09-11 21:25:48+00:00,438.97166666666664,1.0,92.0,1.0,0.0
2014-09-11 21:25:54+00:00,447.5783333333333,1.0,92.0,1.0,0.0
2014-09-11 21:26:00+00:00,455.71999999999997,1.0,92.0,1.0,0.0
2014-09-11 21:26:06+00:00,453.105,0.0,92.0,1.0,0.0
2014-09-11 21:26:12+00:00,435.43333333333334,1.0,0.0,1.0,0.0
2014-09-11 21:26:18+00:00,453.1066666666666,1.0,92.0,1.0,0.0
2014-09-11 21:26:24+00:00,451.7916666666667,1.0,92.0,1.0,0.0
2014-09-11 21:26:30+00:00,452.57166666666666,1.0,92.0,1.0,0.0
2014-09-11 21:26:36+00:00,460.4533333333333,1.0,92.0,0.0,0.0
2014-09-11 21:26:42+00:00,442.37166666666667,1.0,92.0,1.0,0.0
2014-09-11 21:26:48+00:00,441.25500000000005,1.0,92.0,1.0,0.0
2014-09-11 21:26:54+00:00,448.7733333333333,1.0,0.0,1.0,0.0
2014-09-11 21:27:00+00:00,438.36999999999995,0.0,92.0,1.0,0.0
2014-09-11 21:27:06+00:00,431.095,1.0,0.0,1.0,0.0
2014-09-11 21:27:12+00:00,453.7683333333334,0.0,92.0,1.0,0.0
2014-09-11 21:27:18+00:00,471.59666666666664,1.0,92.0,0.0,0.0
2014-09-11 21:27:24+00:00,472.22333333333336,1.0,92.0,1.0,0.0
2014-09-11 21:27:30+00:00,458.56333333333333,0.0,0.0,1.0,0.0
2014-09-11 21:27:36+00:00,437.7683333333334,1.0,92.0,1.0,0.0
2014-09-11 21:27:42+00:00,468.1666666666667,1.0,93.0,0.0,0.0
2014-09-11 21:27:48+00:00,453.52666666666664,0.0,93.0,1.0,0.0
2014-09-11 21:27:54+00:00,457.895,1.0,92.0,1.0,0.0
2014-09-11 21:28:00+00:00,473.31166666666667,1.0,0.0,1.0,0.0
2014-09-11 21:28:06+00:00,463.715,1.0,91.0,1.0,0.0
2014-09-11 21:28:12+00:00,438.90166666666664,1.0,92.0,0.0,0.0
2014-09-11 21:28:18+00:00,430.84833333333336,1.0,93.0,1.0,0.0
2014-09-11 21:28:24+00:00,432.40166666666664,0.0,91.0,1.0,0.0
2014-09-11 21:28:30+00:00,432.76666666666665,1.0,92.0,1.0,0.0
2014-09-11 21:28:36+00:00,432.34499999999997,1.0,92.0,1.0,0.0
2014-09-11 21:28:42+00:00,431.13166666666666,1.0,0.0,1.0,0.0
2014-09-11 21:28:48+00:00,431.67,0.0,92.0,1.0,0.0
2014-09-11 21:28:54+00:00,432.4483333333333,1.0,92.0,0.0,0.0
2014-09-11 21:29:00+00:00,433.85833333333335,1.0,92.0,1.0,0.0
2014-09-11 21:29:06+00:00,433.72,1.0,92.0,1.0,0.0
2014-09-11 21:29:12+00:00,435.1166666666666,1.0,92.0,1.0,0.0
2014-09-11 21:29:18+00:00,434.165,1.0,92.0,1.0,0.0
2014-09-11 21:29:24+00:00,437.25,1.0,92.0,1.0,0.0
2014-09-11 21:29:30+00:00,440.79333333333335,1.0,92.0,1.0,0.0
2014-09-11 21:29:36+00:00,442.8066666666667,1.0,92.0,1.0,0.0
2014-09-11 21:29:42+00:00,441.4816666666666,0.0,92.0,1.0,0.0
2014-09-11 21:29:48+00:00,436.85999999999996,1.0,92.0,1.0,0.0
2014-09-11 21:29:54+00:00,433.67833333333334,1.0,0.0,1.0,0.0
2014-09-11 21:30:00+00:00,433.02,1.0,92.0,1.0,0.0
2014-09-11 21:30:06+00:00,429.81666666666666,1.0,91.0,0.0,0.0
2014-09-11 21:30:12+00:00,440.9066666666667,1.0,92.0,1.0,0.0
2014-09-11 21:30:18+00:00,434.3983333333333,0.0,91.0,1.0,0.0
2014-09-11 21:30:24+00:00,435.54333333333335,1.0,0.0,1.0,0.0
2014-09-11 21:30:30+00:00,435.74499999999995,1.0,92.0,0.0,0.0
2014-09-11 21:30:36+00:00,434.94,1.0,92.0,1.0,0.0
2014-09-11 21:30:42+00:00,436.18666666666667,1.0,92.0,1.0,0.0
2014-09-11 21:30:48+00:00,431.0883333333333,1.0,91.0,0.0,0.0
2014-09-11 21:30:54+00:00,438.355,0.0,0.0,1.0,0.0
2014-09-11 21:31:00+00:00,430.53833333333336,1.0,91.0,1.0,0.0
2014-09-11 21:31:06+00:00,442.42,1.0,91.0,1.0,0.0
2014-09-11 21:31:12+00:00,442.8433333333333,1.0,92.0,0.0,0.0
2014-09-11 21:31:18+00:00,432.38166666666666,1.0,92.0,1.0,0.0
2014-09-11 21:31:24+00:00,434.6133333333333,0.0,92.0,1.0,0.0
2014-09-11 21:31:30+00:00,433.7966666666667,1.0,0.0,1.0,0.0
2014-09-11 21:31:36+00:00,430.375,1.0,91.0,1.0,0.0
2014-09-11 21:31:42+00:00,430.455,1.0,92.0,1.0,0.0
2014-09-11 21:31:48+00:00,429.68666666666667,1.0,91.0,1.0,0.0
2014-09-11 21:31:54+00:00,437.34833333333336,1.0,92.0,0.0,0.0
2014-09-11 21:32:00+00:00,432.05,1.0,92.0,1.0,0.0
2014-09-11 21:32:06+00:00,432.02500000000003,0.0,91.0,1.0,0.0
2014-09-11 21:32:12+00:00,430.2183333333333,1.0,0.0,1.0,0.0
2014-09-11 21:32:18+00:00,442.195,1.0,91.0,1.0,0.0
2014-09-11 21:32:24+00:00,432.4583333333333,1.0,92.0,1.0,0.0
2014-09-11 21:32:30+00:00,435.59499999999997,1.0,92.0,1.0,0.0
2014-09-11 21:32:36+00:00,431.2033333333333,1.0,92.0,0.0,0.0
2014-09-11 21:32:42+00:00,445.0833333333333,1.0,92.0,1.0,0.0
2014-09-11 21:32:48+00:00,436.2,1.0,92.0,1.0,0.0
2014-09-11 21:32:54+00:00,443.08666666666664,1.0,91.0,1.0,0.0
2014-09-11 21:33:00+00:00,436.94,1.0,91.0,1.0,0.0
2014-09-11 21:33:06+00:00,440.04833333333335,0.0,0.0,1.0,0.0
2014-09-11 21:33:12+00:00,439.9583333333333,1.0,91.0,1.0,0.0
2014-09-11 21:33:18+00:00,438.95166666666665,1.0,92.0,1.0,0.0
2014-09-11 21:33:24+00:00,431.8283333333333,1.0,92.0,1.0,0.0
2014-09-11 21:33:30+00:00,439.90333333333336,1.0,91.0,1.0,0.0
2014-09-11 21:33:36+00:00,430.64000000000004,1.0,92.0,1.0,0.0
2014-09-11 21:33:42+00:00,430.58500000000004,1.0,91.0,1.0,0.0
2014-09-11 21:33:48+00:00,431.00333333333333,1.0,91.0,1.0,0.0
2014-09-11 21:33:54+00:00,436.33666666666664,1.0,91.0,1.0,0.0
2014-09-11 21:34:00+00:00,436.9983333333333,1.0,92.0,1.0,0.0
2014-09-11 21:34:06+00:00,438.445,1.0,92.0,0.0,0.0
2014-09-11 21:34:12+00:00,434.30333333333334,0.0,92.0,1.0,0.0
2014-09-11 21:34:18+00:00,432.5183333333334,1.0,0.0,1.0,0.0
2014-09-11 21:34:24+00:00,435.95166666666665,1.0,91.0,1.0,0.0
2014-09-11 21:34:30+00:00,435.8616666666667,1.0,92.0,0.0,0.0
2014-09-11 21:34:36+00:00,438.325,1.0,92.0,1.0,0.0
2014-09-11 21:34:42+00:00,437.4583333333333,1.0,92.0,1.0,0.0
2014-09-11 21:34:48+00:00,435.5416666666667,1.0,91.0,1.0,0.0
2014-09-11 21:34:54+00:00,434.6016666666667,0.0,0.0,1.0,0.0
2014-09-11 21:35:00+00:00,438.44166666666666,1.0,91.0,1.0,0.0
2014-09-11 21:35:06+00:00,435.40166666666664,1.0,91.0,1.0,0.0
2014-09-11 21:35:12+00:00,437.195,1.0,92.0,1.0,0.0
2014-09-11 21:35:18+00:00,431.845,1.0,91.0,1.0,0.0
2014-09-11 21:35:24+00:00,434.1766666666667,1.0,92.0,1.0,0.0
2014-09-11 21:35:30+00:00,434.77833333333336,1.0,92.0,0.0,0.0
2014-09-11 21:35:36+00:00,435.3416666666667,1.0,0.0,1.0,0.0
2014-09-11 21:35:42+00:00,435.73,0.0,91.5,0.0,0.0
2014-09-11 21:35:48+00:00,432.68333333333334,1.0,0.0,1.0,0.0
2014-09-11 21:35:54+00:00,430.34999999999997,1.0,91.0,1.0,0.0
2014-09-11 21:36:00+00:00,433.0883333333333,1.0,92.0,0.0,0.0
2014-09-11 21:36:06+00:00,431.87833333333333,1.0,91.0,1.0,0.0
2014-09-11 21:36:12+00:00,432.435,1.0,92.0,1.0,0.0
2014-09-11 21:36:18+00:00,430.41,0.0,91.0,1.0,0.0
2014-09-11 21:36:24+00:00,431.25666666666666,1.0,92.0,1.0,0.0
2014-09-11 21:36:30+00:00,431.7083333333333,1.0,0.0,1.0,0.0
2014-09-11 21:36:36+00:00,432.8833333333334,1.0,91.0,1.0,0.0
2014-09-11 21:36:42+00:00,431.99666666666667,1.0,92.0,0.0,0.0
2014-09-11 21:36:48+00:00,430.16166666666663,1.0,91.0,1.0,0.0
2014-09-11 21:36:54+00:00,427.14000000000004,1.0,91.0,1.0,0.0
2014-09-11 21:37:00+00:00,427.99499999999995,0.0,91.0,1.0,0.0
2014-09-11 21:37:06+00:00,430.4283333333333,1.0,91.0,1.0,0.0
2014-09-11 21:37:12+00:00,431.695,1.0,0.0,1.0,0.0
2014-09-11 21:37:18+00:00,431.3066666666667,1.0,91.0,1.0,0.0
2014-09-11 21:37:24+00:00,433.6166666666666,1.0,91.0,1.0,0.0
2014-09-11 21:37:30+00:00,432.62166666666667,1.0,92.0,0.0,0.0
2014-09-11 21:37:36+00:00,430.96857142857147,0.0,91.0,1.0,0.0
2014-09-11 21:37:42+00:00,426.992,1.0,0.0,1.0,0.0
2014-09-11 21:37:48+00:00,428.5828571428571,1.0,92.0,1.0,0.0
2014-09-11 21:37:54+00:00,428.66999999999996,1.0,91.0,1.0,0.0
2014-09-11 21:38:00+00:00,429.8128571428571,1.0,92.0,0.0,0.0
2014-09-11 21:38:06+00:00,430.2966666666667,1.0,92.0,1.0,0.0
2014-09-11 21:38:12+00:00,430.4666666666667,0.0,92.0,1.0,0.0
2014-09-11 21:38:18+00:00,431.25333333333333,1.0,92.0,1.0,0.0
2014-09-11 21:38:24+00:00,428.96999999999997,1.0,92.0,1.0,0.0
2014-09-11 21:38:30+00:00,427.58666666666664,1.0,92.0,1.0,0.0
2014-09-11 21:38:36+00:00,427.32500000000005,1.0,92.0,1.0,0.0
2014-09-11 21:38:42+00:00,427.77666666666664,1.0,92.0,1.0,0.0
2014-09-11 21:38:48+00:00,427.90857142857146,1.0,0.0,1.0,0.0
2014-09-11 21:38:54+00:00,427.736,1.0,92.0,1.0,0.0
2014-09-11 21:39:00+00:00,427.89142857142855,1.0,91.0,0.0,0.0
2014-09-11 21:39:06+00:00,427.72166666666664,1.0,92.0,1.0,0.0
2014-09-11 21:39:12+00:00,427.97333333333336,1.0,91.0,1.0,0.0
2014-09-11 21:39:18+00:00,427.74,1.0,91.0,1.0,0.0
2014-09-11 21:39:24+00:00,427.64000000000004,0.0,0.0,1.0,0.0
2014-09-11 21:39:30+00:00,427.885,1.0,91.0,1.0,0.0
2014-09-11 21:39:36+00:00,427.52666666666664,1.0,91.0,0.0,0.0
2014-09-11 21:39:42+00:00,426.99499999999995,1.0,91.0,1.0,0.0
2014-09-11 21:39:48+00:00,427.1933333333333,1.0,91.0,1.0,0.0
2014-09-11 21:39:54+00:00,427.14000000000004,1.0,91.0,1.0,0.0
2014-09-11 21:40:00+00:00,427.15000000000003,1.0,91.0,1.0,0.0
2014-09-11 21:40:06+00:00,427.5116666666667,0.0,91.0,1.0,0.0
2014-09-11 21:40:12+00:00,426.75333333333333,1.0,0.0,1.0,0.0
2014-09-11 21:40:18+00:00,426.23,1.0,91.0,1.0,0.0
2014-09-11 21:40:24+00:00,426.095,1.0,91.0,1.0,0.0
2014-09-11 21:40:30+00:00,425.95166666666665,1.0,91.0,0.0,0.0
2014-09-11 21:40:36+00:00,425.6933333333333,0.0,91.0,1.0,0.0
2014-09-11 21:40:42+00:00,425.8633333333333,1.0,91.0,1.0,0.0
2014-09-11 21:40:48+00:00,425.37833333333333,1.0,91.0,1.0,0.0
2014-09-11 21:40:54+00:00,425.345,1.0,0.0,1.0,0.0
2014-09-11 21:41:00+00:00,426.0783333333333,1.0,91.0,1.0,0.0
2014-09-11 21:41:06+00:00,448.76500000000004,1.0,91.0,1.0,0.0
2014-09-11 21:41:12+00:00,451.98333333333335,1.0,91.0,0.0,0.0
2014-09-11 21:41:18+00:00,447.4883333333333,0.0,90.0,1.0,0.0
2014-09-11 21:41:24+00:00,434.56,1.0,0.0,1.0,0.0
2014-09-11 21:41:30+00:00,444.7083333333333,1.0,91.0,0.0,0.0
2014-09-11 21:41:36+00:00,430.135,1.0,91.0,1.0,0.0
2014-09-11 21:41:42+00:00,442.1583333333333,0.0,91.0,1.0,0.0
2014-09-11 21:41:48+00:00,458.68,1.0,91.0,1.0,0.0
2014-09-11 21:41:54+00:00,449.2416666666666,1.0,91.0,1.0,0.0
2014-09-11 21:42:00+00:00,453.6266666666667,1.0,91.0,1.0,0.0
2014-09-11 21:42:06+00:00,456.8933333333334,1.0,91.0,1.0,0.0
2014-09-11 21:42:12+00:00,430.51,1.0,91.0,1.0,0.0
2014-09-11 21:42:18+00:00,429.3866666666667,1.0,91.0,1.0,0.0
2014-09-11 21:42:24+00:00,441.05333333333334,1.0,91.0,1.0,0.0
2014-09-11 21:42:30+00:00,454.5233333333333,1.0,0.0,1.0,0.0
2014-09-11 21:42:36+00:00,436.695,1.0,91.0,1.0,0.0
2014-09-11 21:42:42+00:00,445.65000000000003,1.0,91.0,0.0,0.0
2014-09-11 21:42:48+00:00,432.8233333333333,0.0,0.0,1.0,0.0
2014-09-11 21:42:54+00:00,431.01,1.0,91.0,1.0,0.0
2014-09-11 21:43:00+00:00,446.01,1.0,91.0,0.0,0.0
2014-09-11 21:43:06+00:00,430.145,1.0,91.0,1.0,0.0
2014-09-11 21:43:12+00:00,449.8333333333333,0.0,91.0,1.0,0.0
2014-09-11 21:43:18+00:00,445.55333333333334,1.0,0.0,1.0,0.0
2014-09-11 21:43:24+00:00,455.02500000000003,1.0,91.0,1.0,0.0
2014-09-11 21:43:30+00:00,472.865,1.0,91.0,0.0,0.0
2014-09-11 21:43:36+00:00,466.2283333333333,0.0,91.0,1.0,0.0
2014-09-11 21:43:42+00:00,460.3016666666667,1.0,0.0,1.0,0.0
2014-09-11 21:43:48+00:00,468.8066666666667,1.0,90.0,0.0,0.0
2014-09-11 21:43:54+00:00,453.2833333333333,1.0,91.0,1.0,0.0
2014-09-11 21:44:00+00:00,429.52500000000003,1.0,91.0,0.0,0.0
2014-09-11 21:44:06+00:00,473.325,1.0,90.0,1.0,0.0
2014-09-11 21:44:12+00:00,473.20166666666665,0.0,0.0,1.0,0.0
2014-09-11 21:44:18+00:00,469.94,1.0,91.0,1.0,0.0
2014-09-11 21:44:24+00:00,472.33166666666665,1.0,91.0,1.0,0.0
2014-09-11 21:44:30+00:00,433.85999999999996,1.0,90.0,1.0,0.0
2014-09-11 21:44:36+00:00,427.57,1.0,90.0,1.0,0.0
2014-09-11 21:44:42+00:00,425.9216666666667,1.0,90.0,1.0,0.0
2014-09-11 21:44:48+00:00,431.31166666666667,1.0,91.0,1.0,0.0
2014-09-11 21:44:54+00:00,437.1483333333333,1.0,90.0,0.0,0.0
2014-09-11 21:45:00+00:00,458.85999999999996,0.0,90.0,1.0,0.0
2014-09-11 21:45:06+00:00,454.45166666666665,1.0,90.0,1.0,0.0
2014-09-11 21:45:12+00:00,437.74,1.0,90.0,1.0,0.0
2014-09-11 21:45:18+00:00,439.81666666666666,1.0,90.0,1.0,0.0
2014-09-11 21:45:24+00:00,461.74333333333334,1.0,90.0,1.0,0.0
2014-09-11 21:45:30+00:00,455.90000000000003,1.0,0.0,1.0,0.0
2014-09-11 21:45:36+00:00,382.595,1.0,91.0,0.0,0.0
2014-09-11 21:45:42+00:00,348.71999999999997,0.0,90.0,1.0,0.0
2014-09-11 21:45:48+00:00,384.1566666666667,1.0,0.0,1.0,0.0
2014-09-11 21:45:54+00:00,383.22166666666664,1.0,0.0,1.0,0.0
2014-09-11 21:46:00+00:00,381.105,1.0,0.0,1.0,0.0
2014-09-11 21:46:06+00:00,360.4783333333333,1.0,0.0,1.0,0.0
2014-09-11 21:46:12+00:00,340.7583333333333,1.0,0.0,0.0,0.0
2014-09-11 21:46:18+00:00,338.765,1.0,0.0,1.0,0.0
2014-09-11 21:46:24+00:00,338.965,1.0,0.0,1.0,0.0
2014-09-11 21:46:30+00:00,339.245,0.0,0.0,1.0,0.0
2014-09-11 21:46:36+00:00,337.075,1.0,0.0,1.0,0.0
2014-09-11 21:46:42+00:00,337.22333333333336,1.0,0.0,1.0,0.0
2014-09-11 21:46:48+00:00,337.6583333333333,1.0,0.0,1.0,0.0
2014-09-11 21:46:54+00:00,337.74333333333334,1.0,0.0,1.0,0.0
2014-09-11 21:47:00+00:00,336.7166666666667,1.0,0.0,1.0,0.0
2014-09-11 21:47:06+00:00,338.425,1.0,0.0,1.0,0.0
2014-09-11 21:47:12+00:00,337.2,1.0,0.0,1.0,0.0
2014-09-11 21:47:18+00:00,337.71166666666664,1.0,0.0,0.0,0.0
2014-09-11 21:47:24+00:00,338.00333333333333,0.0,0.0,1.0,0.0
2014-09-11 21:47:30+00:00,337.72,1.0,0.0,1.0,0.0
2014-09-11 21:47:36+00:00,340.7716666666667,1.0,0.0,1.0,0.0
2014-09-11 21:47:42+00:00,338.96166666666664,1.0,0.0,1.0,0.0
2014-09-11 21:47:48+00:00,338.62,1.0,0.0,1.0,0.0
2014-09-11 21:47:54+00:00,336.77500000000003,1.0,0.0,0.0,0.0
2014-09-11 21:48:00+00:00,337.4683333333333,1.0,0.0,1.0,0.0
2014-09-11 21:48:06+00:00,337.4766666666667,0.0,0.0,1.0,0.0
2014-09-11 21:48:12+00:00,339.8433333333333,1.0,0.0,1.0,0.0
2014-09-11 21:48:18+00:00,339.1766666666667,1.0,0.0,0.0,0.0
2014-09-11 21:48:24+00:00,339.91833333333335,1.0,0.0,1.0,0.0
2014-09-11 21:48:30+00:00,340.39,1.0,0.0,1.0,0.0
2014-09-11 21:48:36+00:00,340.62333333333333,1.0,0.0,1.0,0.0
2014-09-11 21:48:42+00:00,338.5783333333333,1.0,0.0,1.0,0.0
2014-09-11 21:48:48+00:00,337.84166666666664,0.0,0.0,1.0,0.0
2014-09-11 21:48:54+00:00,340.06166666666667,1.0,0.0,1.0,0.0
2014-09-11 21:49:00+00:00,338.8283333333333,1.0,0.0,1.0,0.0
2014-09-11 21:49:06+00:00,349.85999999999996,1.0,0.0,1.0,0.0
2014-09-11 21:49:12+00:00,345.5916666666667,1.0,0.0,1.0,0.0
2014-09-11 21:49:18+00:00,341.255,1.0,0.0,0.0,0.0
2014-09-11 21:49:24+00:00,340.63166666666666,1.0,0.0,1.0,0.0
2014-09-11 21:49:30+00:00,339.34833333333336,1.0,0.0,1.0,0.0
2014-09-11 21:49:36+00:00,338.035,1.0,0.0,1.0,0.0
2014-09-11 21:49:42+00:00,338.95166666666665,1.0,0.0,1.0,0.0
2014-09-11 21:49:48+00:00,339.965,0.0,0.0,1.0,0.0
2014-09-11 21:49:54+00:00,338.1666666666667,1.0,0.0,1.0,0.0
2014-09-11 21:50:00+00:00,339.17833333333334,1.0,0.0,1.0,0.0
2014-09-11 21:50:06+00:00,339.35833333333335,1.0,0.0,0.0,0.0
2014-09-11 21:50:12+00:00,337.9916666666666,0.0,0.0,1.0,0.0
2014-09-11 21:50:18+00:00,339.25333333333333,1.0,0.0,1.0,0.0
2014-09-11 21:50:24+00:00,339.1016666666667,1.0,0.0,0.0,0.0
2014-09-11 21:50:30+00:00,339.58666666666664,0.0,0.0,1.0,0.0
2014-09-11 21:50:36+00:00,340.35833333333335,1.0,0.0,1.0,0.0
2014-09-11 21:50:42+00:00,337.19,1.0,0.0,1.0,0.0
2014-09-11 21:50:48+00:00,337.6483333333333,1.0,0.0,0.0,0.0
2014-09-11 21:50:54+00:00,340.045,0.0,0.0,1.0,0.0
2014-09-11 21:51:00+00:00,339.0516666666667,1.0,0.0,1.0,0.0
2014-09-11 21:51:06+00:00,338.8516666666667,1.0,0.0,1.0,0.0
2014-09-11 21:51:12+00:00,340.38666666666666,1.0,0.0,1.0,0.0
2014-09-11 21:51:18+00:00,339.4583333333333,1.0,0.0,0.0,0.0
2014-09-11 21:51:24+00:00,338.53833333333336,1.0,0.0,1.0,0.0
2014-09-11 21:51:30+00:00,338.59999999999997,1.0,0.0,1.0,0.0
2014-09-11 21:51:36+00:00,341.4583333333333,1.0,0.0,1.0,0.0
2014-09-11 21:51:42+00:00,338.42,0.0,0.0,1.0,0.0
2014-09-11 21:51:48+00:00,341.42333333333335,1.0,0.0,1.0,0.0
2014-09-11 21:51:54+00:00,338.64000000000004,1.0,0.0,1.0,0.0
2014-09-11 21:52:00+00:00,338.7816666666667,1.0,0.0,1.0,0.0
2014-09-11 21:52:06+00:00,338.55,1.0,0.0,1.0,0.0
2014-09-11 21:52:12+00:00,339.29833333333335,1.0,0.0,1.0,0.0
2014-09-11 21:52:18+00:00,336.54,1.0,0.0,0.0,0.0
2014-09-11 21:52:24+00:00,336.755,1.0,0.0,1.0,0.0
2014-09-11 21:52:30+00:00,336.62833333333333,0.0,0.0,1.0,0.0
2014-09-11 21:52:36+00:00,336.25,1.0,0.0,1.0,0.0
2014-09-11 21:52:42+00:00,335.855,1.0,0.0,1.0,0.0
2014-09-11 21:52:48+00:00,337.995,1.0,0.0,1.0,0.0
2014-09-11 21:52:54+00:00,337.47,1.0,0.0,1.0,0.0
2014-09-11 21:53:00+00:00,341.20166666666665,1.0,0.0,1.0,0.0
2014-09-11 21:53:06+00:00,339.16333333333336,1.0,0.0,1.0,0.0
2014-09-11 21:53:12+00:00,341.135,1.0,0.0,1.0,0.0
2014-09-11 21:53:18+00:00,341.105,1.0,0.0,1.0,0.0
2014-09-11 21:53:24+00:00,342.055,1.0,0.0,0.0,0.0
2014-09-11 21:53:30+00:00,343.695,0.0,0.0,1.0,0.0
2014-09-11 21:53:36+00:00,343.4483333333333,1.0,0.0,1.0,0.0
2014-09-11 21:53:42+00:00,340.5466666666667,1.0,0.0,1.0,0.0
2014-09-11 21:53:48+00:00,341.12333333333333,1.0,0.0,0.0,0.0
2014-09-11 21:53:54+00:00,339.4816666666666,1.0,0.0,1.0,0.0
2014-09-11 21:54:00+00:00,336.72333333333336,1.0,0.0,1.0,0.0
2014-09-11 21:54:06+00:00,337.045,0.0,0.0,1.0,0.0
2014-09-11 21:54:12+00:00,336.965,1.0,0.0,1.0,0.0
2014-09-11 21:54:18+00:00,336.76666666666665,1.0,0.0,1.0,0.0
2014-09-11 21:54:24+00:00,336.6333333333333,1.0,0.0,1.0,0.0
2014-09-11 21:54:30+00:00,336.64666666666665,1.0,0.0,1.0,0.0
2014-09-11 21:54:36+00:00,336.4216666666667,1.0,0.0,1.0,0.0
2014-09-11 21:54:42+00:00,336.63,1.0,0.0,0.0,0.0
2014-09-11 21:54:48+00:00,336.48,0.0,0.0,1.0,0.0
2014-09-11 21:54:54+00:00,336.3966666666667,1.0,0.0,1.0,0.0
2014-09-11 21:55:00+00:00,337.3233333333333,1.0,0.0,1.0,0.0
2014-09-11 21:55:06+00:00,337.15166666666664,1.0,0.0,0.0,0.0
2014-09-11 21:55:12+00:00,337.33,0.0,0.0,1.0,0.0
2014-09-11 21:55:18+00:00,338.0783333333333,1.0,0.0,1.0,0.0
2014-09-11 21:55:24+00:00,339.50666666666666,1.0,0.0,0.0,0.0
2014-09-11 21:55:30+00:00,343.3016666666667,0.0,0.0,1.0,0.0
2014-09-11 21:55:36+00:00,367.48,1.0,0.0,1.0,0.0
2014-09-11 21:55:42+00:00,349.07166666666666,1.0,0.0,1.0,0.0
2014-09-11 21:55:48+00:00,353.14000000000004,1.0,0.0,1.0,0.0
2014-09-11 21:55:54+00:00,352.48499999999996,1.0,0.0,1.0,0.0
2014-09-11 21:56:00+00:00,352.055,1.0,0.0,1.0,0.0
2014-09-11 21:56:06+00:00,347.1366666666667,1.0,0.0,1.0,0.0
2014-09-11 21:56:12+00:00,337.30833333333334,1.0,0.0,0.0,0.0
2014-09-11 21:56:18+00:00,338.43666666666667,1.0,0.0,1.0,0.0
2014-09-11 21:56:24+00:00,338.74,1.0,0.0,1.0,0.0
2014-09-11 21:56:30+00:00,337.4166666666667,1.0,0.0,1.0,0.0
2014-09-11 21:56:36+00:00,337.00166666666667,0.0,0.0,1.0,0.0
2014-09-11 21:56:42+00:00,337.265,1.0,0.0,1.0,0.0
2014-09-11 21:56:48+00:00,337.4916666666667,1.0,0.0,1.0,0.0
2014-09-11 21:56:54+00:00,337.12666666666667,1.0,0.0,1.0,0.0
2014-09-11 21:57:00+00:00,336.54333333333335,1.0,0.0,1.0,0.0
2014-09-11 21:57:06+00:00,336.79833333333335,1.0,0.0,1.0,0.0
2014-09-11 21:57:12+00:00,336.98499999999996,1.0,0.0,0.0,0.0
2014-09-11 21:57:18+00:00,336.93833333333333,1.0,0.0,1.0,0.0
2014-09-11 21:57:24+00:00,337.175,0.0,0.0,1.0,0.0
2014-09-11 21:57:30+00:00,337.27500000000003,1.0,0.0,1.0,0.0
2014-09-11 21:57:36+00:00,337.3966666666667,1.0,0.0,1.0,0.0
2014-09-11 21:57:42+00:00,338.17,1.0,0.0,1.0,0.0
2014-09-11 21:57:48+00:00,337.2633333333333,1.0,0.0,1.0,0.0
2014-09-11 21:57:54+00:00,336.83,1.0,0.0,1.0,0.0
2014-09-11 21:58:00+00:00,337.96166666666664,1.0,0.0,1.0,0.0
2014-09-11 21:58:06+00:00,337.2716666666667,1.0,0.0,0.0,0.0
2014-09-11 21:58:12+00:00,337.16333333333336,1.0,0.0,1.0,0.0
2014-09-11 21:58:18+00:00,336.84166666666664,1.0,0.0,1.0,0.0
2014-09-11 21:58:24+00:00,337.38166666666666,1.0,0.0,1.0,0.0
2014-09-11 21:58:30+00:00,337.19666666666666,1.0,0.0,1.0,0.0
2014-09-11 21:58:36+00:00,337.86333333333334,1.0,0.0,1.0,0.0
2014-09-11 21:58:42+00:00,336.70166666666665,0.0,0.0,1.0,0.0
2014-09-11 21:58:48+00:00,337.4166666666667,1.0,0.0,1.0,0.0
2014-09-11 21:58:54+00:00,337.98333333333335,1.0,0.0,1.0,0.0
2014-09-11 21:59:00+00:00,339.2766666666667,1.0,0.0,0.0,0.0
2014-09-11 21:59:06+00:00,343.06333333333333,1.0,0.0,1.0,0.0
2014-09-11 21:59:12+00:00,341.9983333333333,1.0,0.0,1.0,0.0
2014-09-11 21:59:18+00:00,339.2266666666667,0.0,0.0,1.0,0.0
2014-09-11 21:59:24+00:00,340.61,1.0,0.0,1.0,0.0
2014-09-11 21:59:30+00:00,342.22499999999997,1.0,0.0,0.0,0.0
2014-09-11 21:59:36+00:00,342.885,1.0,0.0,1.0,0.0
2014-09-11 21:59:42+00:00,347.575,1.0,0.0,1.0,0.0
2014-09-11 21:59:48+00:00,342.2383333333333,1.0,0.0,1.0,0.0
2014-09-11 21:59:54+00:00,343.7133333333333,0.0,0.0,1.0,0.0
2014-09-11 22:00:00+00:00,339.1716666666667,1.0,0.0,1.0,0.0
2014-09-11 22:00:06+00:00,340.1033333333333,1.0,0.0,0.0,0.0
2014-09-11 22:00:12+00:00,344.3983333333333,1.0,0.0,1.0,0.0
2014-09-11 22:00:18+00:00,344.22166666666664,1.0,0.0,1.0,0.0
2014-09-11 22:00:24+00:00,347.9766666666667,1.0,0.0,1.0,0.0
2014-09-11 22:00:30+00:00,344.1366666666666,1.0,0.0,1.0,0.0
2014-09-11 22:00:36+00:00,346.965,0.0,0.0,1.0,0.0
2014-09-11 22:00:42+00:00,354.3233333333333,1.0,0.0,1.0,0.0
2014-09-11 22:00:48+00:00,340.995,1.0,0.0,1.0,0.0
2014-09-11 22:00:54+00:00,346.2033333333333,1.0,0.0,1.0,0.0
2014-09-11 22:01:00+00:00,361.87166666666667,1.0,0.0,0.0,0.0
2014-09-11 22:01:06+00:00,350.3566666666666,1.0,0.0,1.0,0.0
2014-09-11 22:01:12+00:00,343.92333333333335,1.0,0.0,1.0,0.0
2014-09-11 22:01:18+00:00,348.57166666666666,1.0,0.0,1.0,0.0
2014-09-11 22:01:24+00:00,356.785,1.0,0.0,1.0,0.0
2014-09-11 22:01:30+00:00,362.6528571428571,0.0,0.0,1.0,0.0
2014-09-11 22:01:36+00:00,364.87199999999996,1.0,0.0,1.0,0.0
2014-09-11 22:01:42+00:00,372.9557142857143,1.0,0.0,1.0,0.0
2014-09-11 22:01:48+00:00,343.855,1.0,0.0,1.0,0.0
2014-09-11 22:01:54+00:00,342.295,1.0,0.0,0.0,0.0
2014-09-11 22:02:00+00:00,343.115,1.0,0.0,1.0,0.0
2014-09-11 22:02:06+00:00,344.3333333333333,1.0,0.0,1.0,0.0
2014-09-11 22:02:12+00:00,344.6983333333333,0.0,0.0,1.0,0.0
2014-09-11 22:02:18+00:00,346.34999999999997,1.0,0.0,1.0,0.0
2014-09-11 22:02:24+00:00,317.4916666666667,1.0,0.0,1.0,0.0
2014-09-11 22:02:30+00:00,219.468,1.0,0.0,0.0,0.0
2014-09-11 22:02:36+00:00,223.69285714285712,0.0,0.0,1.0,0.0
2014-09-11 22:02:42+00:00,217.262,1.0,0.0,1.0,0.0
2014-09-11 22:02:48+00:00,206.4742857142857,1.0,0.0,1.0,0.0
2014-09-11 22:02:54+00:00,139.17333333333332,1.0,0.0,0.0,0.0
2014-09-11 22:03:00+00:00,119.41666666666667,1.0,0.0,1.0,0.0
2014-09-11 22:03:06+00:00,122.51333333333332,1.0,0.0,1.0,0.0
2014-09-11 22:03:12+00:00,223.12166666666667,1.0,0.0,1.0,0.0
2014-09-11 22:03:18+00:00,226.56333333333336,1.0,0.0,1.0,0.0
2014-09-11 22:03:24+00:00,237.03,1.0,0.0,1.0,0.0
2014-09-11 22:03:30+00:00,238.49666666666667,1.0,17.0,1.0,0.0
2014-09-11 22:03:36+00:00,225.18833333333336,0.0,17.0,1.0,0.0
2014-09-11 22:03:42+00:00,224.47166666666666,1.0,0.0,1.0,0.0
2014-09-11 22:03:48+00:00,224.28333333333333,0.0,0.0,1.0,0.0
2014-09-11 22:03:54+00:00,224.41,1.0,0.0,1.0,0.0
2014-09-11 22:04:00+00:00,224.96166666666667,1.0,0.0,0.0,0.0
2014-09-11 22:04:06+00:00,224.4466666666667,1.0,0.0,1.0,0.0
2014-09-11 22:04:12+00:00,224.625,1.0,0.0,1.0,0.0
2014-09-11 22:04:18+00:00,225.01166666666666,0.0,0.0,1.0,0.0
2014-09-11 22:04:24+00:00,224.77833333333334,1.0,0.0,1.0,0.0
2014-09-11 22:04:30+00:00,224.89333333333332,1.0,0.0,1.0,0.0
2014-09-11 22:04:36+00:00,225.405,1.0,0.0,1.0,0.0
2014-09-11 22:04:42+00:00,228.8166666666667,1.0,0.0,1.0,0.0
2014-09-11 22:04:48+00:00,259.7283333333333,28.0,0.0,1.0,0.0
2014-09-11 22:04:54+00:00,259.93833333333333,25.0,0.0,0.0,0.0
2014-09-11 22:05:00+00:00,259.9916666666667,0.0,0.0,1.0,0.0
2014-09-11 22:05:06+00:00,259.79833333333335,25.0,0.0,1.0,0.0
2014-09-11 22:05:12+00:00,257.46999999999997,25.0,0.0,1.0,0.0
2014-09-11 22:05:18+00:00,234.22166666666666,18.0,0.0,1.0,0.0
2014-09-11 22:05:24+00:00,164.46833333333333,6.0,0.0,1.0,0.0
2014-09-11 22:05:30+00:00,122.46,6.0,0.0,0.0,0.0
2014-09-11 22:05:36+00:00,119.49833333333333,7.0,0.0,1.0,0.0
2014-09-11 22:05:42+00:00,122.01166666666667,6.0,0.0,1.0,0.0
2014-09-11 22:05:48+00:00,123.07333333333334,6.0,0.0,1.0,0.0
2014-09-11 22:05:54+00:00,122.60333333333334,6.0,0.0,1.0,0.0
2014-09-11 22:06:00+00:00,122.74000000000001,6.0,0.0,1.0,0.0
2014-09-11 22:06:06+00:00,122.58166666666666,6.0,0.0,1.0,0.0
2014-09-11 22:06:12+00:00,192.92333333333332,6.0,0.0,1.0,0.0
2014-09-11 22:06:18+00:00,254.24666666666667,0.0,0.0,1.0,0.0
2014-09-11 22:06:24+00:00,251.32333333333335,129.0,0.0,1.0,0.0
2014-09-11 22:06:30+00:00,246.59333333333333,130.0,0.0,1.0,0.0
2014-09-11 22:06:36+00:00,246.68666666666664,122.0,0.0,0.0,0.0
2014-09-11 22:06:42+00:00,246.87166666666667,122.0,0.0,1.0,0.0
2014-09-11 22:06:48+00:00,246.6,122.0,0.0,1.0,0.0
2014-09-11 22:06:54+00:00,246.74166666666667,122.0,0.0,1.0,0.0
2014-09-11 22:07:00+00:00,246.93833333333336,122.0,0.0,1.0,0.0
2014-09-11 22:07:06+00:00,247.13166666666666,0.0,0.0,1.0,0.0
2014-09-11 22:07:12+00:00,247.10666666666668,122.0,0.0,1.0,0.0
2014-09-11 22:07:18+00:00,247.52166666666668,122.0,0.0,1.0,0.0
2014-09-11 22:07:24+00:00,247.10833333333335,122.0,0.0,1.0,0.0
2014-09-11 22:07:30+00:00,246.635,122.0,0.0,1.0,0.0
2014-09-11 22:07:36+00:00,246.93500000000003,121.0,0.0,1.0,0.0
2014-09-11 22:07:42+00:00,246.50333333333333,122.0,0.0,0.0,0.0
2014-09-11 22:07:48+00:00,243.29166666666666,0.0,0.0,1.0,0.0
2014-09-11 22:07:54+00:00,243.25666666666666,122.0,0.0,1.0,0.0
2014-09-11 22:08:00+00:00,243.215,122.0,0.0,0.0,0.0
2014-09-11 22:08:06+00:00,243.51333333333332,122.0,0.0,1.0,0.0
2014-09-11 22:08:12+00:00,243.40166666666667,122.0,0.0,1.0,0.0
2014-09-11 22:08:18+00:00,243.77333333333334,121.0,0.0,1.0,0.0
2014-09-11 22:08:24+00:00,244.06833333333336,122.0,0.0,1.0,0.0
2014-09-11 22:08:30+00:00,244.20166666666668,123.0,0.0,1.0,0.0
2014-09-11 22:08:36+00:00,244.48333333333335,122.0,0.0,1.0,0.0
2014-09-11 22:08:42+00:00,244.8216666666667,0.0,0.0,1.0,0.0
2014-09-11 22:08:48+00:00,243.95166666666668,122.0,0.0,1.0,0.0
2014-09-11 22:08:54+00:00,244.0633333333333,122.0,0.0,1.0,0.0
2014-09-11 22:09:00+00:00,242.285,122.0,0.0,1.0,0.0
2014-09-11 22:09:06+00:00,230.41333333333333,0.0,0.0,0.0,0.0
2014-09-11 22:09:12+00:00,230.78666666666666,122.0,0.0,1.0,0.0
2014-09-11 22:09:18+00:00,230.735,0.0,0.0,1.0,0.0
2014-09-11 22:09:24+00:00,230.18833333333336,123.0,0.0,1.0,0.0
2014-09-11 22:09:30+00:00,229.93999999999997,122.0,0.0,1.0,0.0
2014-09-11 22:09:36+00:00,229.385,121.0,0.0,0.0,0.0
2014-09-11 22:09:42+00:00,229.715,0.0,0.0,1.0,0.0
2014-09-11 22:09:48+00:00,229.63333333333333,122.0,0.0,1.0,0.0
2014-09-11 22:09:54+00:00,230.43999999999997,122.0,0.0,1.0,0.0
2014-09-11 22:10:00+00:00,231.72333333333333,122.0,0.0,0.0,0.0
2014-09-11 22:10:06+00:00,231.71,120.0,0.0,1.0,0.0
2014-09-11 22:10:12+00:00,232.40333333333334,0.0,0.0,1.0,0.0
2014-09-11 22:10:18+00:00,232.32000000000002,121.0,0.0,1.0,0.0
2014-09-11 22:10:24+00:00,232.5716666666667,121.0,0.0,0.0,0.0
2014-09-11 22:10:30+00:00,233.13333333333333,122.0,0.0,1.0,0.0
2014-09-11 22:10:36+00:00,233.29666666666665,122.0,0.0,1.0,0.0
2014-09-11 22:10:42+00:00,232.69000000000003,122.0,0.0,0.0,0.0
2014-09-11 22:10:48+00:00,233.00833333333333,122.0,0.0,1.0,0.0
2014-09-11 22:10:54+00:00,256.78833333333336,122.0,0.0,1.0,0.0
2014-09-11 22:11:00+00:00,261.905,0.0,0.0,1.0,0.0
2014-09-11 22:11:06+00:00,262.125,122.0,0.0,1.0,0.0
2014-09-11 22:11:12+00:00,262.28,122.0,0.0,0.0,0.0
2014-09-11 22:11:18+00:00,261.77833333333336,0.0,0.0,1.0,0.0
2014-09-11 22:11:24+00:00,261.71333333333337,121.0,0.0,1.0,0.0
2014-09-11 22:11:30+00:00,261.4633333333333,121.0,0.0,1.0,0.0
2014-09-11 22:11:36+00:00,261.9866666666667,121.0,0.0,1.0,0.0
2014-09-11 22:11:42+00:00,261.6983333333333,122.0,0.0,1.0,0.0
2014-09-11 22:11:48+00:00,261.5983333333333,122.0,0.0,1.0,0.0
2014-09-11 22:11:54+00:00,261.74833333333333,121.0,0.0,1.0,0.0
2014-09-11 22:12:00+00:00,261.695,121.0,0.0,1.0,0.0
2014-09-11 22:12:06+00:00,261.7416666666667,122.0,0.0,1.0,0.0
2014-09-11 22:12:12+00:00,261.395,121.0,0.0,0.0,0.0
2014-09-11 22:12:18+00:00,261.5683333333333,121.0,0.0,1.0,0.0
2014-09-11 22:12:24+00:00,261.22166666666664,121.0,0.0,1.0,0.0
2014-09-11 22:12:30+00:00,260.8833333333333,0.0,0.0,1.0,0.0
2014-09-11 22:12:36+00:00,260.70166666666665,121.0,0.0,1.0,0.0
2014-09-11 22:12:42+00:00,260.54333333333335,121.0,0.0,1.0,0.0
2014-09-11 22:12:48+00:00,260.5216666666667,121.0,0.0,0.0,0.0
2014-09-11 22:12:54+00:00,260.32666666666665,0.0,0.0,1.0,0.0
2014-09-11 22:13:00+00:00,260.5516666666667,121.0,0.0,1.0,0.0
2014-09-11 22:13:06+00:00,260.48833333333334,120.0,0.0,1.0,0.0
2014-09-11 22:13:12+00:00,259.91,121.0,0.0,1.0,0.0
2014-09-11 22:13:18+00:00,259.52833333333336,121.0,0.0,1.0,0.0
2014-09-11 22:13:24+00:00,259.5233333333333,121.0,0.0,1.0,0.0
2014-09-11 22:13:30+00:00,259.5266666666667,121.0,0.0,1.0,0.0
2014-09-11 22:13:36+00:00,259.18666666666667,121.0,0.0,1.0,0.0
2014-09-11 22:13:42+00:00,259.82166666666666,120.0,0.0,0.0,0.0
2014-09-11 22:13:48+00:00,259.295,0.0,0.0,1.0,0.0
2014-09-11 22:13:54+00:00,259.42,120.0,0.0,1.0,0.0
2014-09-11 22:14:00+00:00,259.51,121.0,0.0,0.0,0.0
2014-09-11 22:14:06+00:00,259.565,0.0,0.0,1.0,0.0
2014-09-11 22:14:12+00:00,259.06,120.0,0.0,1.0,0.0
2014-09-11 22:14:18+00:00,259.83500000000004,121.0,0.0,1.0,0.0
2014-09-11 22:14:24+00:00,259.82,121.0,0.0,0.0,0.0
2014-09-11 22:14:30+00:00,259.55,120.0,0.0,1.0,0.0
2014-09-11 22:14:36+00:00,259.48,0.0,0.0,1.0,0.0
2014-09-11 22:14:42+00:00,259.455,121.0,0.0,1.0,0.0
2014-09-11 22:14:48+00:00,258.62166666666667,120.0,0.0,1.0,0.0
2014-09-11 22:14:54+00:00,258.58666666666664,121.0,0.0,1.0,0.0
2014-09-11 22:15:00+00:00,259.62166666666667,121.0,0.0,0.0,0.0
2014-09-11 22:15:06+00:00,259.80833333333334,121.0,0.0,1.0,0.0
2014-09-11 22:15:12+00:00,260.0833333333333,121.0,0.0,1.0,0.0
2014-09-11 22:15:18+00:00,260.2316666666666,0.0,0.0,1.0,0.0
2014-09-11 22:15:24+00:00,260.34166666666664,121.0,0.0,1.0,0.0
2014-09-11 22:15:30+00:00,260.56,121.0,0.0,1.0,0.0
2014-09-11 22:15:36+00:00,260.6983333333333,122.0,0.0,1.0,0.0
2014-09-11 22:15:42+00:00,260.3,121.0,0.0,1.0,0.0
2014-09-11 22:15:48+00:00,260.635,121.0,0.0,1.0,0.0
2014-09-11 22:15:54+00:00,260.68333333333334,121.0,0.0,1.0,0.0
2014-09-11 22:16:00+00:00,259.94,122.0,0.0,0.0,0.0
2014-09-11 22:16:06+00:00,260.15166666666664,0.0,0.0,1.0,0.0
2014-09-11 22:16:12+00:00,259.7,121.0,0.0,1.0,0.0
2014-09-11 22:16:18+00:00,259.6483333333333,120.0,0.0,1.0,0.0
2014-09-11 22:16:24+00:00,259.5233333333333,120.0,0.0,1.0,0.0
2014-09-11 22:16:30+00:00,259.60833333333335,121.0,0.0,1.0,0.0
2014-09-11 22:16:36+00:00,259.54333333333335,121.0,0.0,1.0,0.0
2014-09-11 22:16:42+00:00,259.5466666666667,121.0,0.0,1.0,0.0
2014-09-11 22:16:48+00:00,259.855,0.0,0.0,0.0,0.0
2014-09-11 22:16:54+00:00,259.93333333333334,120.0,0.0,1.0,0.0
2014-09-11 22:17:00+00:00,259.97333333333336,122.0,0.0,1.0,0.0
2014-09-11 22:17:06+00:00,260.02,0.0,0.0,1.0,0.0
2014-09-11 22:17:12+00:00,260.32,121.0,0.0,1.0,0.0
2014-09-11 22:17:18+00:00,260.3533333333333,121.0,0.0,0.0,0.0
2014-09-11 22:17:24+00:00,260.99,0.0,0.0,1.0,0.0
2014-09-11 22:17:30+00:00,260.97166666666664,121.0,0.0,1.0,0.0
2014-09-11 22:17:36+00:00,261.11833333333334,121.0,0.0,1.0,0.0
2014-09-11 22:17:42+00:00,260.21666666666664,121.0,0.0,1.0,0.0
2014-09-11 22:17:48+00:00,260.01500000000004,121.0,0.0,1.0,0.0
2014-09-11 22:17:54+00:00,260.30833333333334,120.0,0.0,0.0,0.0
2014-09-11 22:18:00+00:00,260.945,120.0,0.0,1.0,0.0
2014-09-11 22:18:06+00:00,260.5516666666667,121.0,0.0,1.0,0.0
2014-09-11 22:18:12+00:00,260.3066666666667,121.0,0.0,1.0,0.0
2014-09-11 22:18:18+00:00,260.0083333333333,0.0,0.0,1.0,0.0
2014-09-11 22:18:24+00:00,259.665,121.0,0.0,1.0,0.0
2014-09-11 22:18:30+00:00,259.715,121.0,0.0,1.0,0.0
2014-09-11 22:18:36+00:00,259.98333333333335,121.0,0.0,0.0,0.0
2014-09-11 22:18:42+00:00,259.73833333333334,0.0,0.0,1.0,0.0
2014-09-11 22:18:48+00:00,260.0083333333333,121.0,0.0,1.0,0.0
2014-09-11 22:18:54+00:00,260.69666666666666,122.0,0.0,1.0,0.0
2014-09-11 22:19:00+00:00,261.38166666666666,122.0,0.0,0.0,0.0
2014-09-11 22:19:06+00:00,261.21166666666664,0.0,0.0,1.0,0.0
2014-09-11 22:19:12+00:00,260.4733333333333,122.0,0.0,1.0,0.0
2014-09-11 22:19:18+00:00,260.99833333333333,121.0,0.0,1.0,0.0
2014-09-11 22:19:24+00:00,260.6433333333333,121.0,0.0,1.0,0.0
2014-09-11 22:19:30+00:00,260.9483333333333,122.0,0.0,1.0,0.0
2014-09-11 22:19:36+00:00,259.66,121.0,0.0,0.0,0.0
2014-09-11 22:19:42+00:00,259.81666666666666,121.0,0.0,1.0,0.0
2014-09-11 22:19:48+00:00,259.96999999999997,0.0,0.0,1.0,0.0
2014-09-11 22:19:54+00:00,260.70166666666665,121.0,0.0,1.0,0.0
2014-09-11 22:20:00+00:00,259.87833333333333,121.0,0.0,1.0,0.0
2014-09-11 22:20:06+00:00,259.8,120.0,0.0,1.0,0.0
2014-09-11 22:20:12+00:00,259.87,121.0,0.0,0.0,0.0
2014-09-11 22:20:18+00:00,260.15333333333336,0.0,0.0,1.0,0.0
2014-09-11 22:20:24+00:00,260.2916666666667,121.0,0.0,1.0,0.0
2014-09-11 22:20:30+00:00,259.515,121.0,0.0,1.0,0.0
2014-09-11 22:20:36+00:00,259.305,120.0,0.0,1.0,0.0
2014-09-11 22:20:42+00:00,259.62,120.0,0.0,1.0,0.0
2014-09-11 22:20:48+00:00,260.1333333333333,121.0,0.0,1.0,0.0
2014-09-11 22:20:54+00:00,260.15000000000003,121.0,0.0,0.0,0.0
2014-09-11 22:21:00+00:00,259.76,121.0,0.0,1.0,0.0
2014-09-11 22:21:06+00:00,259.3883333333333,0.0,0.0,1.0,0.0
2014-09-11 22:21:12+00:00,259.9866666666667,121.0,0.0,1.0,0.0
2014-09-11 22:21:18+00:00,259.49833333333333,120.0,0.0,1.0,0.0
2014-09-11 22:21:24+00:00,286.9266666666667,121.0,0.0,1.0,0.0
2014-09-11 22:21:30+00:00,238.81833333333336,155.0,0.0,0.0,0.0
2014-09-11 22:21:36+00:00,130.435,50.0,0.0,1.0,0.0
2014-09-11 22:21:42+00:00,168.53666666666666,117.0,0.0,1.0,0.0
2014-09-11 22:21:48+00:00,153.565,0.0,0.0,1.0,0.0
2014-09-11 22:21:54+00:00,145.93333333333334,137.0,0.0,1.0,0.0
2014-09-11 22:22:00+00:00,161.40166666666667,0.0,0.0,1.0,0.0
2014-09-11 22:22:06+00:00,168.07666666666668,0.0,0.0,1.0,0.0
2014-09-11 22:22:12+00:00,347.97166666666664,26.0,0.0,1.0,0.0
2014-09-11 22:22:18+00:00,267.665,26.0,0.0,1.0,0.0
2014-09-11 22:22:24+00:00,257.0783333333333,25.0,99.0,1.0,0.0
2014-09-11 22:22:30+00:00,237.35500000000002,6.0,100.0,1.0,0.0
2014-09-11 22:22:36+00:00,235.15833333333333,6.0,97.0,0.0,0.0
2014-09-11 22:22:42+00:00,234.78833333333333,0.0,0.0,1.0,0.0
2014-09-11 22:22:48+00:00,233.69833333333335,6.0,96.0,1.0,0.0
2014-09-11 22:22:54+00:00,232.78666666666666,6.0,94.0,1.0,0.0
2014-09-11 22:23:00+00:00,232.035,6.0,93.0,1.0,0.0
2014-09-11 22:23:06+00:00,231.125,6.0,93.0,0.0,0.0
2014-09-11 22:23:12+00:00,230.08833333333334,0.0,91.0,1.0,0.0
2014-09-11 22:23:18+00:00,228.85666666666665,6.0,90.0,1.0,0.0
2014-09-11 22:23:24+00:00,325.37166666666667,6.0,89.0,1.0,0.0
2014-09-11 22:23:30+00:00,364.37833333333333,134.0,89.0,1.0,0.0
2014-09-11 22:23:36+00:00,363.83166666666665,133.0,0.0,1.0,0.0
2014-09-11 22:23:42+00:00,364.28000000000003,133.0,89.0,1.0,0.0
2014-09-11 22:23:48+00:00,356.7966666666666,133.0,89.0,1.0,0.0
2014-09-11 22:23:54+00:00,334.4016666666667,132.0,88.0,1.0,0.0
2014-09-11 22:24:00+00:00,991.7283333333334,132.0,89.0,1.0,0.0
2014-09-11 22:24:06+00:00,2665.153333333333,2421.0,89.0,0.0,0.0
2014-09-11 22:24:12+00:00,2651.875,2377.0,89.0,1.0,0.0
2014-09-11 22:24:18+00:00,2647.81,2342.0,89.0,0.0,0.0
2014-09-11 22:24:24+00:00,2636.2116666666666,2333.0,89.0,1.0,0.0
2014-09-11 22:24:30+00:00,2635.7083333333335,0.0,88.0,1.0,0.0
2014-09-11 22:24:36+00:00,2630.0916666666667,2369.0,88.0,1.0,0.0
2014-09-11 22:24:42+00:00,2633.57,2331.0,88.0,1.0,0.0
2014-09-11 22:24:48+00:00,2630.366666666667,2337.0,0.0,1.0,0.0
2014-09-11 22:24:54+00:00,2625.6466666666665,2358.0,88.0,1.0,0.0
2014-09-11 22:25:00+00:00,2630.57,2325.0,88.0,1.0,0.0
2014-09-11 22:25:06+00:00,2627.88,2334.0,88.0,0.0,0.0
2014-09-11 22:25:12+00:00,2624.483333333333,2334.0,88.0,1.0,0.0
2014-09-11 22:25:18+00:00,2620.415,2335.0,88.0,1.0,0.0
2014-09-11 22:25:24+00:00,2631.9950000000003,2345.0,88.0,0.0,0.0
2014-09-11 22:25:30+00:00,2636.491666666667,2345.0,88.0,1.0,0.0
2014-09-11 22:25:36+00:00,2634.1583333333333,0.0,0.0,1.0,0.0
2014-09-11 22:25:42+00:00,2636.2916666666665,2349.0,88.0,1.0,0.0
2014-09-11 22:25:48+00:00,2636.97,2377.0,88.0,1.0,0.0
2014-09-11 22:25:54+00:00,2640.9216666666666,2354.0,87.0,0.0,0.0
2014-09-11 22:26:00+00:00,2635.965,2362.0,87.0,1.0,0.0
2014-09-11 22:26:06+00:00,2639.66,0.0,87.0,1.0,0.0
2014-09-11 22:26:12+00:00,2638.358333333333,2352.0,87.0,1.0,0.0
2014-09-11 22:26:18+00:00,2636.141666666667,2370.0,87.0,1.0,0.0
2014-09-11 22:26:24+00:00,2633.7133333333336,2354.0,86.0,1.0,0.0
2014-09-11 22:26:30+00:00,2631.2866666666664,2754.0,0.0,1.0,0.0
2014-09-11 22:26:36+00:00,2630.8883333333333,2341.0,86.0,1.0,0.0
2014-09-11 22:26:42+00:00,2627.536666666667,2342.0,86.0,1.0,0.0
2014-09-11 22:26:48+00:00,2631.0433333333335,2362.0,86.0,1.0,0.0
2014-09-11 22:26:54+00:00,2634.5433333333335,2345.0,86.0,0.0,0.0
2014-09-11 22:27:00+00:00,2629.7916666666665,2356.0,87.0,1.0,0.0
2014-09-11 22:27:06+00:00,2631.766666666667,0.0,86.0,1.0,0.0
2014-09-11 22:27:12+00:00,2629.295,2366.0,85.0,1.0,0.0
2014-09-11 22:27:18+00:00,2630.9950000000003,2364.0,85.0,1.0,0.0
2014-09-11 22:27:24+00:00,2631.0266666666666,2332.0,0.0,1.0,0.0
2014-09-11 22:27:30+00:00,2628.485,2372.0,86.0,1.0,0.0
2014-09-11 22:27:36+00:00,2631.9966666666664,2350.0,85.0,1.0,0.0
2014-09-11 22:27:42+00:00,2638.5666666666666,2376.0,85.0,1.0,0.0
2014-09-11 22:27:48+00:00,2637.8366666666666,2351.0,86.0,1.0,0.0
2014-09-11 22:27:54+00:00,2641.2816666666668,2377.0,85.0,1.0,0.0
2014-09-11 22:28:00+00:00,2641.827142857143,2377.0,85.0,1.0,0.0
2014-09-11 22:28:06+00:00,2638.6099999999997,2361.0,85.0,1.0,0.0
2014-09-11 22:28:12+00:00,2638.25,2344.0,85.0,1.0,0.0
2014-09-11 22:28:18+00:00,2633.81,2344.0,85.0,0.0,0.0
2014-09-11 22:28:24+00:00,2625.9500000000003,2354.0,85.0,1.0,0.0
2014-09-11 22:28:30+00:00,2633.5583333333334,0.0,85.0,1.0,0.0
2014-09-11 22:28:36+00:00,2631.8849999999998,2339.0,85.0,1.0,0.0
2014-09-11 22:28:42+00:00,2631.3166666666666,2364.0,85.0,1.0,0.0
2014-09-11 22:28:48+00:00,2635.5316666666663,2342.0,84.0,1.0,0.0
2014-09-11 22:28:54+00:00,2635.9500000000003,2375.0,85.0,1.0,0.0
2014-09-11 22:29:00+00:00,2633.9466666666667,2350.0,85.0,1.0,0.0
2014-09-11 22:29:06+00:00,2631.27,2370.0,85.0,1.0,0.0
2014-09-11 22:29:12+00:00,2639.275,2351.0,85.0,1.0,0.0
2014-09-11 22:29:18+00:00,2649.9416666666666,2376.0,85.0,1.0,0.0
2014-09-11 22:29:24+00:00,2633.2099999999996,2353.0,84.0,1.0,0.0
2014-09-11 22:29:30+00:00,2633.825,2357.0,0.0,1.0,0.0
2014-09-11 22:29:36+00:00,2628.26,2373.0,85.0,1.0,0.0
2014-09-11 22:29:42+00:00,2629.3366666666666,2358.0,84.0,1.0,0.0
2014-09-11 22:29:48+00:00,2631.885,2340.0,84.0,1.0,0.0
2014-09-11 22:29:54+00:00,2627.898333333333,2369.0,85.0,1.0,0.0
2014-09-11 22:30:00+00:00,2628.2833333333333,2361.0,84.0,1.0,0.0
2014-09-11 22:30:06+00:00,2616.9883333333332,2341.0,84.0,0.0,0.0
2014-09-11 22:30:12+00:00,2614.5750000000003,2346.0,84.0,1.0,0.0
2014-09-11 22:30:18+00:00,2612.6200000000003,2337.0,84.0,1.0,0.0
2014-09-11 22:30:24+00:00,2606.715,2353.0,84.0,1.0,0.0
2014-09-11 22:30:30+00:00,2611.48,0.0,84.0,1.0,0.0
2014-09-11 22:30:36+00:00,2617.095,2353.0,84.0,1.0,0.0
2014-09-11 22:30:42+00:00,2619.255,2323.0,0.0,1.0,0.0
2014-09-11 22:30:48+00:00,2617.17,2354.0,84.0,1.0,0.0
2014-09-11 22:30:54+00:00,2613.0766666666664,2336.0,83.0,1.0,0.0
2014-09-11 22:31:00+00:00,2622.8933333333334,2346.0,84.0,1.0,0.0
2014-09-11 22:31:06+00:00,2631.845,2338.0,83.0,1.0,0.0
2014-09-11 22:31:12+00:00,2636.3133333333335,2350.0,83.0,0.0,0.0
2014-09-11 22:31:18+00:00,2636.403333333333,2341.0,84.0,1.0,0.0
2014-09-11 22:31:24+00:00,2634.813333333333,0.0,84.0,1.0,0.0
2014-09-11 22:31:30+00:00,2634.535,2337.0,84.0,1.0,0.0
2014-09-11 22:31:36+00:00,2637.2016666666664,2366.0,0.0,1.0,0.0
2014-09-11 22:31:42+00:00,2638.5033333333336,2338.0,83.0,1.0,0.0
2014-09-11 22:31:48+00:00,2645.7533333333336,2345.0,84.0,1.0,0.0
2014-09-11 22:31:54+00:00,2642.1949999999997,2360.0,83.0,1.0,0.0
2014-09-11 22:32:00+00:00,2633.4216666666666,2369.0,83.0,1.0,0.0
2014-09-11 22:32:06+00:00,2633.278333333333,2350.0,83.0,1.0,0.0
2014-09-11 22:32:12+00:00,2631.8333333333335,2340.0,83.0,1.0,0.0
2014-09-11 22:32:18+00:00,2630.7816666666668,2375.0,83.0,1.0,0.0
2014-09-11 22:32:24+00:00,2633.4266666666667,2354.0,83.0,0.0,0.0
2014-09-11 22:32:30+00:00,2634.7400000000002,2339.0,83.0,1.0,0.0
2014-09-11 22:32:36+00:00,2631.0116666666668,2340.0,84.0,1.0,0.0
2014-09-11 22:32:42+00:00,2630.978333333333,2330.0,83.0,1.0,0.0
2014-09-11 22:32:48+00:00,2627.0049999999997,0.0,0.0,1.0,0.0
2014-09-11 22:32:54+00:00,2631.195,2329.0,83.0,1.0,0.0
2014-09-11 22:33:00+00:00,2631.14,2377.0,82.0,1.0,0.0
2014-09-11 22:33:06+00:00,2635.155,2372.0,82.0,1.0,0.0
2014-09-11 22:33:12+00:00,2625.1183333333333,2368.0,82.0,1.0,0.0
2014-09-11 22:33:18+00:00,318.46,2344.0,82.0,1.0,0.0
2014-09-11 22:33:24+00:00,241.82000000000002,120.0,82.0,1.0,0.0
2014-09-11 22:33:30+00:00,234.76833333333335,121.0,0.0,0.0,0.0
2014-09-11 22:33:36+00:00,235.04999999999998,121.0,0.0,1.0,0.0
2014-09-11 22:33:42+00:00,235.14666666666668,121.0,0.0,1.0,0.0
2014-09-11 22:33:48+00:00,235.48333333333335,121.0,0.0,1.0,0.0
2014-09-11 22:33:54+00:00,235.33666666666667,121.0,0.0,1.0,0.0
2014-09-11 22:34:00+00:00,235.48499999999999,121.0,0.0,1.0,0.0
2014-09-11 22:34:06+00:00,235.32666666666668,0.0,0.0,1.0,0.0
2014-09-11 22:34:12+00:00,234.8216666666667,121.0,0.0,1.0,0.0
2014-09-11 22:34:18+00:00,234.82333333333335,121.0,0.0,1.0,0.0
2014-09-11 22:34:24+00:00,235.16333333333333,121.0,0.0,1.0,0.0
2014-09-11 22:34:30+00:00,235.105,121.0,0.0,0.0,0.0
2014-09-11 22:34:36+00:00,234.52666666666664,121.0,0.0,1.0,0.0
2014-09-11 22:34:42+00:00,234.3166666666667,120.0,0.0,1.0,0.0
2014-09-11 22:34:48+00:00,234.21666666666667,0.0,0.0,1.0,0.0
2014-09-11 22:34:54+00:00,234.255,120.0,0.0,1.0,0.0
2014-09-11 22:35:00+00:00,233.89166666666665,120.0,0.0,1.0,0.0
2014-09-11 22:35:06+00:00,233.96333333333334,120.0,0.0,1.0,0.0
2014-09-11 22:35:12+00:00,234.83,120.0,0.0,1.0,0.0
2014-09-11 22:35:18+00:00,234.75666666666666,122.0,0.0,1.0,0.0
2014-09-11 22:35:24+00:00,234.54333333333332,120.0,0.0,1.0,0.0
2014-09-11 22:35:30+00:00,234.65333333333334,121.0,0.0,0.0,0.0
2014-09-11 22:35:36+00:00,234.66,120.0,0.0,1.0,0.0
2014-09-11 22:35:42+00:00,234.65333333333334,0.0,0.0,1.0,0.0
2014-09-11 22:35:48+00:00,235.08333333333334,121.0,0.0,1.0,0.0
2014-09-11 22:35:54+00:00,234.98499999999999,121.0,0.0,1.0,0.0
2014-09-11 22:36:00+00:00,234.99666666666667,120.0,0.0,1.0,0.0
2014-09-11 22:36:06+00:00,234.63166666666666,121.0,0.0,1.0,0.0
2014-09-11 22:36:12+00:00,234.09666666666666,121.0,0.0,1.0,0.0
2014-09-11 22:36:18+00:00,234.23166666666668,120.0,0.0,0.0,0.0
2014-09-11 22:36:24+00:00,234.40666666666667,0.0,0.0,1.0,0.0
2014-09-11 22:36:30+00:00,234.13833333333332,121.0,0.0,1.0,0.0
2014-09-11 22:36:36+00:00,234.015,120.0,0.0,1.0,0.0
2014-09-11 22:36:42+00:00,234.11333333333334,120.0,0.0,0.0,0.0
2014-09-11 22:36:48+00:00,234.37,120.0,0.0,1.0,0.0
2014-09-11 22:36:54+00:00,234.10500000000002,0.0,0.0,1.0,0.0
2014-09-11 22:37:00+00:00,234.27333333333334,120.0,0.0,1.0,0.0
2014-09-11 22:37:06+00:00,234.35,121.0,0.0,1.0,0.0
2014-09-11 22:37:12+00:00,234.71333333333334,121.0,0.0,1.0,0.0
2014-09-11 22:37:18+00:00,235.21,121.0,0.0,1.0,0.0
2014-09-11 22:37:24+00:00,235.40666666666667,120.0,0.0,1.0,0.0
2014-09-11 22:37:30+00:00,235.37,121.0,0.0,1.0,0.0
2014-09-11 22:37:36+00:00,235.54666666666665,121.0,0.0,1.0,0.0
2014-09-11 22:37:42+00:00,235.34833333333333,121.0,0.0,0.0,0.0
2014-09-11 22:37:48+00:00,235.6833333333333,0.0,0.0,1.0,0.0
2014-09-11 22:37:54+00:00,235.20833333333334,121.0,0.0,1.0,0.0
2014-09-11 22:38:00+00:00,234.9283333333333,121.0,0.0,1.0,0.0
2014-09-11 22:38:06+00:00,235.13166666666666,120.0,0.0,0.0,0.0
2014-09-11 22:38:12+00:00,235.1016666666667,0.0,0.0,1.0,0.0
2014-09-11 22:38:18+00:00,235.345,121.0,0.0,1.0,0.0
2014-09-11 22:38:24+00:00,235.53666666666666,121.0,0.0,1.0,0.0
2014-09-11 22:38:30+00:00,235.15,121.0,0.0,1.0,0.0
2014-09-11 22:38:36+00:00,234.96833333333333,121.0,0.0,1.0,0.0
2014-09-11 22:38:42+00:00,235.09333333333333,121.0,0.0,0.0,0.0
2014-09-11 22:38:48+00:00,235.24666666666667,0.0,0.0,1.0,0.0
2014-09-11 22:38:54+00:00,235.23000000000002,121.0,0.0,1.0,0.0
2014-09-11 22:39:00+00:00,235.47333333333333,121.0,0.0,1.0,0.0
2014-09-11 22:39:06+00:00,234.94500000000002,120.0,0.0,1.0,0.0
2014-09-11 22:39:12+00:00,235.45166666666668,121.0,0.0,1.0,0.0
2014-09-11 22:39:18+00:00,236.1,121.0,0.0,1.0,0.0
2014-09-11 22:39:24+00:00,236.26166666666666,121.0,0.0,1.0,0.0
2014-09-11 22:39:30+00:00,236.32833333333335,122.0,0.0,1.0,0.0
2014-09-11 22:39:36+00:00,235.97333333333333,121.0,0.0,1.0,0.0
2014-09-11 22:39:42+00:00,235.49333333333334,121.0,0.0,0.0,0.0
2014-09-11 22:39:48+00:00,235.70000000000002,121.0,0.0,1.0,0.0
2014-09-11 22:39:54+00:00,235.87666666666667,121.0,0.0,1.0,0.0
2014-09-11 22:40:00+00:00,235.36166666666668,121.0,0.0,1.0,0.0
2014-09-11 22:40:06+00:00,234.83166666666668,121.0,0.0,1.0,0.0
2014-09-11 22:40:12+00:00,234.85666666666668,121.0,0.0,1.0,0.0
2014-09-11 22:40:18+00:00,234.82333333333335,0.0,0.0,1.0,0.0
2014-09-11 22:40:24+00:00,235.20166666666668,121.0,0.0,1.0,0.0
2014-09-11 22:40:30+00:00,235.4333333333333,121.0,0.0,1.0,0.0
2014-09-11 22:40:36+00:00,235.46666666666667,121.0,0.0,1.0,0.0
2014-09-11 22:40:42+00:00,235.32500000000002,121.0,0.0,1.0,0.0
2014-09-11 22:40:48+00:00,235.12333333333333,121.0,0.0,0.0,0.0
2014-09-11 22:40:54+00:00,235.33333333333334,121.0,0.0,1.0,0.0
2014-09-11 22:41:00+00:00,235.87333333333333,121.0,0.0,1.0,0.0
2014-09-11 22:41:06+00:00,235.81833333333336,122.0,0.0,0.0,0.0
2014-09-11 22:41:12+00:00,235.84166666666667,122.0,0.0,1.0,0.0
2014-09-11 22:41:18+00:00,235.83666666666667,0.0,0.0,1.0,0.0
2014-09-11 22:41:24+00:00,236.135,121.0,0.0,1.0,0.0
2014-09-11 22:41:30+00:00,235.94500000000002,122.0,0.0,1.0,0.0
2014-09-11 22:41:36+00:00,235.91333333333333,121.0,0.0,1.0,0.0
2014-09-11 22:41:42+00:00,236.03666666666666,122.0,0.0,0.0,0.0
2014-09-11 22:41:48+00:00,235.95666666666668,121.0,0.0,1.0,0.0
2014-09-11 22:41:54+00:00,236.00166666666667,121.0,0.0,1.0,0.0
2014-09-11 22:42:00+00:00,235.93499999999997,0.0,0.0,1.0,0.0
2014-09-11 22:42:06+00:00,235.81333333333336,122.0,0.0,1.0,0.0
2014-09-11 22:42:12+00:00,235.495,121.0,0.0,1.0,0.0
2014-09-11 22:42:18+00:00,235.86666666666667,121.0,0.0,0.0,0.0
2014-09-11 22:42:24+00:00,236.24333333333334,121.0,0.0,1.0,0.0
2014-09-11 22:42:30+00:00,236.19000000000003,122.0,0.0,0.0,0.0
2014-09-11 22:42:36+00:00,235.68833333333336,0.0,0.0,1.0,0.0
2014-09-11 22:42:42+00:00,235.33666666666667,121.0,0.0,1.0,0.0
2014-09-11 22:42:48+00:00,235.42499999999998,120.0,0.0,0.0,0.0
2014-09-11 22:42:54+00:00,235.95333333333335,0.0,0.0,1.0,0.0
2014-09-11 22:43:00+00:00,235.96,121.0,0.0,1.0,0.0
2014-09-11 22:43:06+00:00,235.98166666666668,121.0,0.0,1.0,0.0
2014-09-11 22:43:12+00:00,235.91333333333333,121.0,0.0,0.0,0.0
2014-09-11 22:43:18+00:00,236.20166666666668,0.0,0.0,1.0,0.0
2014-09-11 22:43:24+00:00,236.42333333333332,121.0,0.0,1.0,0.0
2014-09-11 22:43:30+00:00,236.56166666666664,122.0,0.0,1.0,0.0
2014-09-11 22:43:36+00:00,236.38333333333333,122.0,0.0,1.0,0.0
2014-09-11 22:43:42+00:00,236.36333333333334,122.0,0.0,0.0,0.0
2014-09-11 22:43:48+00:00,235.66833333333332,122.0,0.0,1.0,0.0
2014-09-11 22:43:54+00:00,235.43500000000003,121.0,0.0,0.0,0.0
2014-09-11 22:44:00+00:00,235.40833333333333,0.0,0.0,1.0,0.0
2014-09-11 22:44:06+00:00,235.73833333333334,121.0,0.0,1.0,0.0
2014-09-11 22:44:12+00:00,235.34333333333333,121.0,0.0,1.0,0.0
2014-09-11 22:44:18+00:00,235.26666666666665,121.0,0.0,0.0,0.0
2014-09-11 22:44:24+00:00,235.49333333333334,122.0,0.0,1.0,0.0
2014-09-11 22:44:30+00:00,235.60833333333335,0.0,0.0,1.0,0.0
2014-09-11 22:44:36+00:00,235.13,121.0,0.0,1.0,0.0
2014-09-11 22:44:42+00:00,235.385,122.0,0.0,1.0,0.0
2014-09-11 22:44:48+00:00,235.07833333333335,122.0,0.0,1.0,0.0
2014-09-11 22:44:54+00:00,235.36666666666667,121.0,0.0,1.0,0.0
2014-09-11 22:45:00+00:00,235.29666666666665,121.0,0.0,1.0,0.0
2014-09-11 22:45:06+00:00,235.53666666666666,121.0,0.0,0.0,0.0
2014-09-11 22:45:12+00:00,235.715,121.0,0.0,1.0,0.0
2014-09-11 22:45:18+00:00,235.49166666666667,121.0,0.0,0.0,0.0
2014-09-11 22:45:24+00:00,235.48666666666668,0.0,0.0,1.0,0.0
2014-09-11 22:45:30+00:00,235.6833333333333,121.0,0.0,1.0,0.0
2014-09-11 22:45:36+00:00,235.33,0.0,0.0,1.0,0.0
2014-09-11 22:45:42+00:00,235.37,121.0,0.0,1.0,0.0
2014-09-11 22:45:48+00:00,235.12333333333333,121.0,0.0,1.0,0.0
2014-09-11 22:45:54+00:00,235.10666666666668,121.0,0.0,0.0,0.0
2014-09-11 22:46:00+00:00,235.15,0.0,0.0,1.0,0.0
2014-09-11 22:46:06+00:00,234.86333333333334,121.0,0.0,1.0,0.0
2014-09-11 22:46:12+00:00,235.26,120.0,0.0,1.0,0.0
2014-09-11 22:46:18+00:00,235.45833333333334,121.0,0.0,1.0,0.0
2014-09-11 22:46:24+00:00,235.33666666666667,121.0,0.0,0.0,0.0
2014-09-11 22:46:30+00:00,235.61666666666667,0.0,0.0,1.0,0.0
2014-09-11 22:46:36+00:00,235.82000000000002,121.0,0.0,1.0,0.0
2014-09-11 22:46:42+00:00,236.00333333333333,121.0,0.0,1.0,0.0
2014-09-11 22:46:48+00:00,235.88666666666666,122.0,0.0,1.0,0.0
2014-09-11 22:46:54+00:00,235.98166666666668,121.0,0.0,1.0,0.0
2014-09-11 22:47:00+00:00,236.15,122.0,0.0,0.0,0.0
2014-09-11 22:47:06+00:00,235.89833333333334,121.0,0.0,1.0,0.0
2014-09-11 22:47:12+00:00,236.23833333333334,121.0,0.0,1.0,0.0
2014-09-11 22:47:18+00:00,236.4416666666667,122.0,0.0,1.0,0.0
2014-09-11 22:47:24+00:00,236.40833333333333,0.0,0.0,1.0,0.0
2014-09-11 22:47:30+00:00,235.89,122.0,0.0,1.0,0.0
2014-09-11 22:47:36+00:00,235.98166666666665,122.0,0.0,1.0,0.0
2014-09-11 22:47:42+00:00,235.98833333333334,121.0,0.0,0.0,0.0
2014-09-11 22:47:48+00:00,236.08833333333334,0.0,0.0,1.0,0.0
2014-09-11 22:47:54+00:00,235.76,121.0,0.0,1.0,0.0
2014-09-11 22:48:00+00:00,236.32833333333335,121.0,0.0,1.0,0.0
2014-09-11 22:48:06+00:00,235.76666666666665,122.0,0.0,1.0,0.0
2014-09-11 22:48:12+00:00,391.465,121.0,0.0,1.0,0.0
2014-09-11 22:48:18+00:00,335.47499999999997,121.0,0.0,1.0,0.0
2014-09-11 22:48:24+00:00,329.01,122.0,91.0,0.0,0.0
2014-09-11 22:48:30+00:00,328.925,0.0,92.0,1.0,0.0
2014-09-11 22:48:36+00:00,327.5933333333333,121.0,90.0,1.0,0.0
2014-09-11 22:48:42+00:00,327.2,121.0,0.0,1.0,0.0
2014-09-11 22:48:48+00:00,327.035,122.0,89.0,1.0,0.0
2014-09-11 22:48:54+00:00,326.76,121.0,89.0,0.0,0.0
2014-09-11 22:49:00+00:00,326.895,121.0,89.0,1.0,0.0
2014-09-11 22:49:06+00:00,326.19166666666666,121.0,89.0,1.0,0.0
2014-09-11 22:49:12+00:00,325.9433333333333,122.0,89.0,1.0,0.0
2014-09-11 22:49:18+00:00,326.665,0.0,89.0,1.0,0.0
2014-09-11 22:49:24+00:00,327.00333333333333,122.0,0.0,1.0,0.0
2014-09-11 22:49:30+00:00,327.44166666666666,121.0,90.0,1.0,0.0
2014-09-11 22:49:36+00:00,325.84999999999997,121.0,90.0,1.0,0.0
2014-09-11 22:49:42+00:00,324.0933333333333,121.0,88.0,0.0,0.0
2014-09-11 22:49:48+00:00,322.41833333333335,0.0,86.0,1.0,0.0
2014-09-11 22:49:54+00:00,321.76166666666666,122.0,84.0,1.0,0.0
2014-09-11 22:50:00+00:00,321.8066666666667,121.0,85.0,1.0,0.0
2014-09-11 22:50:06+00:00,322.685,121.0,86.0,1.0,0.0
2014-09-11 22:50:12+00:00,323.54,121.0,86.0,1.0,0.0
2014-09-11 22:50:18+00:00,324.12166666666667,120.0,86.0,1.0,0.0
2014-09-11 22:50:24+00:00,324.63666666666666,121.0,0.0,1.0,0.0
2014-09-11 22:50:30+00:00,324.73833333333334,121.0,87.0,1.0,0.0
2014-09-11 22:50:36+00:00,326.12666666666667,121.0,87.0,1.0,0.0
2014-09-11 22:50:42+00:00,325.795,121.0,88.0,1.0,0.0
2014-09-11 22:50:48+00:00,326.3283333333333,121.0,0.0,1.0,0.0
2014-09-11 22:50:54+00:00,326.25333333333333,121.0,89.0,1.0,0.0
2014-09-11 22:51:00+00:00,326.55,121.0,89.0,1.0,0.0
2014-09-11 22:51:06+00:00,326.27833333333336,121.0,89.0,0.0,0.0
2014-09-11 22:51:12+00:00,326.25,0.0,0.0,1.0,0.0
2014-09-11 22:51:18+00:00,326.3883333333333,121.0,90.0,1.0,0.0
2014-09-11 22:51:24+00:00,327.23499999999996,121.0,89.0,1.0,0.0
2014-09-11 22:51:30+00:00,327.855,121.0,90.0,1.0,0.0
2014-09-11 22:51:36+00:00,328.305,121.0,90.0,1.0,0.0
2014-09-11 22:51:42+00:00,327.8971428571428,121.0,91.0,1.0,0.0
2014-09-11 22:51:48+00:00,328.47999999999996,121.0,91.0,1.0,0.0
2014-09-11 22:51:54+00:00,328.4357142857143,121.0,91.0,0.0,0.0
2014-09-11 22:52:00+00:00,329.078,121.0,91.0,1.0,0.0
2014-09-11 22:52:06+00:00,329.1,0.0,91.0,1.0,0.0
2014-09-11 22:52:12+00:00,329.495,121.0,0.0,1.0,0.0
2014-09-11 22:52:18+00:00,329.3866666666667,121.0,92.0,1.0,0.0
2014-09-11 22:52:24+00:00,329.3516666666667,121.0,92.0,1.0,0.0
2014-09-11 22:52:30+00:00,329.6333333333333,121.0,92.0,1.0,0.0
2014-09-11 22:52:36+00:00,329.5183333333333,121.0,92.0,1.0,0.0
2014-09-11 22:52:42+00:00,329.8483333333333,122.0,92.0,0.0,0.0
2014-09-11 22:52:48+00:00,329.59,121.0,93.0,1.0,0.0
2014-09-11 22:52:54+00:00,329.845,121.0,93.0,1.0,0.0
2014-09-11 22:53:00+00:00,330.34,0.0,0.0,1.0,0.0
2014-09-11 22:53:06+00:00,331.2866666666667,121.0,93.0,1.0,0.0
2014-09-11 22:53:12+00:00,330.895,121.0,94.0,1.0,0.0
2014-09-11 22:53:18+00:00,331.06166666666667,121.0,93.0,0.0,0.0
2014-09-11 22:53:24+00:00,330.00500000000005,121.0,93.0,1.0,0.0
2014-09-11 22:53:30+00:00,329.785,0.0,93.0,1.0,0.0
2014-09-11 22:53:36+00:00,331.30333333333334,121.0,94.0,1.0,0.0
2014-09-11 22:53:42+00:00,331.255,121.0,94.0,1.0,0.0
2014-09-11 22:53:48+00:00,331.095,121.0,94.0,1.0,0.0
2014-09-11 22:53:54+00:00,331.34833333333336,121.0,0.0,1.0,0.0
2014-09-11 22:54:00+00:00,332.00333333333333,121.0,94.0,1.0,0.0
2014-09-11 22:54:06+00:00,332.62833333333333,121.0,94.0,0.0,0.0
2014-09-11 22:54:12+00:00,331.785,0.0,94.0,1.0,0.0
2014-09-11 22:54:18+00:00,332.06666666666666,121.0,94.0,1.0,0.0
2014-09-11 22:54:24+00:00,331.7866666666667,121.0,95.0,1.0,0.0
2014-09-11 22:54:30+00:00,331.2866666666667,122.0,0.0,1.0,0.0
2014-09-11 22:54:36+00:00,330.9433333333333,121.0,94.0,1.0,0.0
2014-09-11 22:54:42+00:00,331.0083333333333,121.0,94.0,0.0,0.0
2014-09-11 22:54:48+00:00,330.91333333333336,0.0,0.0,1.0,0.0
2014-09-11 22:54:54+00:00,331.315,120.0,94.0,1.0,0.0
2014-09-11 22:55:00+00:00,330.98833333333334,121.0,94.0,1.0,0.0
2014-09-11 22:55:06+00:00,330.705,120.0,94.0,1.0,0.0
2014-09-11 22:55:12+00:00,330.55333333333334,121.0,94.0,1.0,0.0
2014-09-11 22:55:18+00:00,330.90333333333336,121.0,94.0,0.0,0.0
2014-09-11 22:55:24+00:00,330.81666666666666,121.0,94.0,1.0,0.0
2014-09-11 22:55:30+00:00,330.8883333333333,0.0,94.0,1.0,0.0
2014-09-11 22:55:36+00:00,331.0216666666667,121.0,93.0,1.0,0.0
2014-09-11 22:55:42+00:00,331.27833333333336,121.0,0.0,1.0,0.0
2014-09-11 22:55:48+00:00,331.1566666666667,121.0,93.0,1.0,0.0
2014-09-11 22:55:54+00:00,331.24833333333333,121.0,93.0,1.0,0.0
2014-09-11 22:56:00+00:00,331.49833333333333,122.0,94.0,0.0,0.0
2014-09-11 22:56:06+00:00,330.71999999999997,121.0,93.0,1.0,0.0
2014-09-11 22:56:12+00:00,330.6433333333334,121.0,93.0,1.0,0.0
2014-09-11 22:56:18+00:00,330.85999999999996,122.0,92.0,1.0,0.0
2014-09-11 22:56:24+00:00,330.22666666666663,121.0,93.0,1.0,0.0
2014-09-11 22:56:30+00:00,329.4916666666667,0.0,0.0,1.0,0.0
2014-09-11 22:56:36+00:00,329.5366666666667,121.0,92.0,1.0,0.0
2014-09-11 22:56:42+00:00,328.9816666666667,121.0,93.0,1.0,0.0
2014-09-11 22:56:48+00:00,328.61333333333334,121.0,92.0,1.0,0.0
2014-09-11 22:56:54+00:00,328.8016666666667,121.0,92.0,1.0,0.0
2014-09-11 22:57:00+00:00,329.13,121.0,92.0,1.0,0.0
2014-09-11 22:57:06+00:00,328.6766666666667,121.0,92.0,0.0,0.0
2014-09-11 22:57:12+00:00,329.14000000000004,0.0,92.0,1.0,0.0
2014-09-11 22:57:18+00:00,329.76,121.0,0.0,1.0,0.0
2014-09-11 22:57:24+00:00,329.235,122.0,92.0,1.0,0.0
2014-09-11 22:57:30+00:00,328.635,121.0,92.0,1.0,0.0
2014-09-11 22:57:36+00:00,329.12166666666667,121.0,92.0,0.0,0.0
2014-09-11 22:57:42+00:00,328.74333333333334,0.0,92.0,1.0,0.0
2014-09-11 22:57:48+00:00,329.04833333333335,121.0,91.0,1.0,0.0
2014-09-11 22:57:54+00:00,328.805,121.0,0.0,1.0,0.0
2014-09-11 22:58:00+00:00,328.74666666666667,121.0,91.0,1.0,0.0
2014-09-11 22:58:06+00:00,328.21666666666664,122.0,92.0,1.0,0.0
2014-09-11 22:58:12+00:00,328.08166666666665,121.0,92.0,0.0,0.0
2014-09-11 22:58:18+00:00,327.88000000000005,121.0,91.0,1.0,0.0
2014-09-11 22:58:24+00:00,327.865,121.0,92.0,1.0,0.0
2014-09-11 22:58:30+00:00,327.8866666666667,121.0,91.0,1.0,0.0
2014-09-11 22:58:36+00:00,328.17333333333335,121.0,91.0,1.0,0.0
2014-09-11 22:58:42+00:00,327.05833333333334,0.0,0.0,1.0,0.0
2014-09-11 22:58:48+00:00,326.96166666666664,121.0,91.0,1.0,0.0
2014-09-11 22:58:54+00:00,327.8933333333334,121.0,91.0,0.0,0.0
2014-09-11 22:59:00+00:00,328.37333333333333,0.0,91.0,1.0,0.0
2014-09-11 22:59:06+00:00,329.08666666666664,121.0,0.0,1.0,0.0
2014-09-11 22:59:12+00:00,328.48,121.0,92.0,1.0,0.0
2014-09-11 22:59:18+00:00,328.74833333333333,121.0,91.0,1.0,0.0
2014-09-11 22:59:24+00:00,328.45166666666665,122.0,91.0,1.0,0.0
2014-09-11 22:59:30+00:00,329.20166666666665,121.0,91.0,1.0,0.0
2014-09-11 22:59:36+00:00,328.635,121.0,91.0,1.0,0.0
2014-09-11 22:59:42+00:00,327.6366666666667,121.0,91.0,0.0,0.0
2014-09-11 22:59:48+00:00,328.0416666666667,0.0,91.0,1.0,0.0
2014-09-11 22:59:54+00:00,327.76166666666666,121.0,0.0,1.0,0.0
2014-09-11 23:00:00+00:00,329.185,121.0,91.0,1.0,0.0
2014-09-11 23:00:06+00:00,328.71166666666664,121.0,91.0,0.0,0.0
2014-09-11 23:00:12+00:00,328.4533333333333,0.0,0.0,1.0,0.0
2014-09-11 23:00:18+00:00,328.6566666666667,121.0,91.0,1.0,0.0
2014-09-11 23:00:24+00:00,328.425,121.0,91.0,1.0,0.0
2014-09-11 23:00:30+00:00,327.9916666666666,121.0,91.0,0.0,0.0
2014-09-11 23:00:36+00:00,328.435,0.0,0.0,1.0,0.0
2014-09-11 23:00:42+00:00,328.82166666666666,120.0,91.0,1.0,0.0
2014-09-11 23:00:48+00:00,328.88666666666666,121.0,91.0,1.0,0.0
2014-09-11 23:00:54+00:00,328.40833333333336,120.0,91.0,1.0,0.0
2014-09-11 23:01:00+00:00,329.09499999999997,121.0,91.0,1.0,0.0
2014-09-11 23:01:06+00:00,329.29,121.0,91.0,0.0,0.0
2014-09-11 23:01:12+00:00,328.8066666666667,0.0,91.0,1.0,0.0
2014-09-11 23:01:18+00:00,329.195,120.0,91.0,1.0,0.0
2014-09-11 23:01:24+00:00,329.19666666666666,121.0,0.0,1.0,0.0
2014-09-11 23:01:30+00:00,328.6666666666667,121.0,91.0,1.0,0.0
2014-09-11 23:01:36+00:00,328.035,121.0,91.0,1.0,0.0
2014-09-11 23:01:42+00:00,328.14166666666665,120.0,91.0,0.0,0.0
2014-09-11 23:01:48+00:00,328.26,120.0,91.0,1.0,0.0
2014-09-11 23:01:54+00:00,328.16833333333335,121.0,91.0,1.0,0.0
2014-09-11 23:02:00+00:00,327.84166666666664,0.0,91.0,1.0,0.0
2014-09-11 23:02:06+00:00,326.19166666666666,120.0,0.0,1.0,0.0
2014-09-11 23:02:12+00:00,326.2816666666667,119.0,90.0,1.0,0.0
2014-09-11 23:02:18+00:00,326.8283333333333,119.0,91.0,1.0,0.0
2014-09-11 23:02:24+00:00,327.57,120.0,91.0,0.0,0.0
2014-09-11 23:02:30+00:00,327.89833333333337,120.0,91.0,1.0,0.0
2014-09-11 23:02:36+00:00,328.25666666666666,0.0,91.0,1.0,0.0
2014-09-11 23:02:42+00:00,327.995,121.0,0.0,1.0,0.0
2014-09-11 23:02:48+00:00,328.6166666666667,120.0,91.0,1.0,0.0
2014-09-11 23:02:54+00:00,327.64,121.0,91.0,0.0,0.0
2014-09-11 23:03:00+00:00,327.6933333333333,121.0,91.0,1.0,0.0
2014-09-11 23:03:06+00:00,327.7,120.0,91.0,1.0,0.0
2014-09-11 23:03:12+00:00,327.56666666666666,120.0,91.0,1.0,0.0
2014-09-11 23:03:18+00:00,327.43666666666667,0.0,0.0,1.0,0.0
2014-09-11 23:03:24+00:00,327.4066666666667,120.0,91.0,1.0,0.0
2014-09-11 23:03:30+00:00,327.6166666666667,120.0,91.0,0.0,0.0
2014-09-11 23:03:36+00:00,327.57166666666666,120.0,91.0,1.0,0.0
2014-09-11 23:03:42+00:00,327.17333333333335,121.0,91.0,1.0,0.0
2014-09-11 23:03:48+00:00,327.2733333333333,121.0,91.0,1.0,0.0
2014-09-11 23:03:54+00:00,327.69,0.0,91.0,1.0,0.0
2014-09-11 23:04:00+00:00,327.755,120.0,0.0,1.0,0.0
2014-09-11 23:04:06+00:00,327.80333333333334,120.0,91.0,1.0,0.0
2014-09-11 23:04:12+00:00,327.445,120.0,91.0,0.0,0.0
2014-09-11 23:04:18+00:00,327.9583333333333,121.0,91.0,1.0,0.0
2014-09-11 23:04:24+00:00,328.26,120.0,91.0,1.0,0.0
2014-09-11 23:04:30+00:00,328.3933333333333,0.0,91.0,1.0,0.0
2014-09-11 23:04:36+00:00,328.1666666666667,120.0,91.0,1.0,0.0
2014-09-11 23:04:42+00:00,328.2083333333333,121.0,91.0,1.0,0.0
2014-09-11 23:04:48+00:00,328.09166666666664,120.0,91.0,1.0,0.0
2014-09-11 23:04:54+00:00,328.0733333333333,120.0,0.0,1.0,0.0
2014-09-11 23:05:00+00:00,327.9433333333333,121.0,93.0,1.0,0.0
2014-09-11 23:05:06+00:00,328.875,121.0,91.0,0.0,0.0
2014-09-11 23:05:12+00:00,329.15500000000003,121.0,91.0,1.0,0.0
2014-09-11 23:05:18+00:00,327.855,0.0,0.0,1.0,0.0
2014-09-11 23:05:24+00:00,328.01666666666665,121.0,92.0,1.0,0.0
2014-09-11 23:05:30+00:00,327.5183333333334,121.0,92.0,1.0,0.0
2014-09-11 23:05:36+00:00,327.175,121.0,92.0,1.0,0.0
2014-09-11 23:05:42+00:00,327.1066666666667,121.0,91.0,1.0,0.0
2014-09-11 23:05:48+00:00,327.36,120.0,91.0,1.0,0.0
2014-09-11 23:05:54+00:00,327.41,121.0,91.0,0.0,0.0
2014-09-11 23:06:00+00:00,327.95166666666665,0.0,91.0,1.0,0.0
2014-09-11 23:06:06+00:00,328.00333333333333,121.0,0.0,1.0,0.0
2014-09-11 23:06:12+00:00,328.31333333333333,121.0,91.0,1.0,0.0
2014-09-11 23:06:18+00:00,328.81666666666666,121.0,91.0,0.0,0.0
2014-09-11 23:06:24+00:00,329.3283333333333,0.0,91.0,1.0,0.0
2014-09-11 23:06:30+00:00,329.03333333333336,122.0,92.0,1.0,0.0
2014-09-11 23:06:36+00:00,328.81333333333333,122.0,0.0,1.0,0.0
2014-09-11 23:06:42+00:00,328.945,122.0,91.0,1.0,0.0
2014-09-11 23:06:48+00:00,328.96999999999997,121.0,91.0,1.0,0.0
2014-09-11 23:06:54+00:00,328.56333333333333,121.0,91.0,1.0,0.0
2014-09-11 23:07:00+00:00,328.8966666666667,121.0,92.0,0.0,0.0
2014-09-11 23:07:06+00:00,328.70166666666665,121.0,91.0,1.0,0.0
2014-09-11 23:07:12+00:00,329.365,122.0,92.0,1.0,0.0
2014-09-11 23:07:18+00:00,328.76666666666665,121.0,92.0,1.0,0.0
2014-09-11 23:07:24+00:00,328.90333333333336,121.0,91.0,1.0,0.0
2014-09-11 23:07:30+00:00,327.99833333333333,0.0,0.0,1.0,0.0
2014-09-11 23:07:36+00:00,327.80333333333334,121.0,92.0,1.0,0.0
2014-09-11 23:07:42+00:00,328.07166666666666,121.0,91.0,1.0,0.0
2014-09-11 23:07:48+00:00,328.2083333333333,121.0,91.0,0.0,0.0
2014-09-11 23:07:54+00:00,328.22999999999996,0.0,91.0,1.0,0.0
2014-09-11 23:08:00+00:00,328.00166666666667,124.0,92.0,1.0,0.0
2014-09-11 23:08:06+00:00,328.0266666666667,121.0,92.0,1.0,0.0
2014-09-11 23:08:12+00:00,328.71999999999997,121.0,91.0,1.0,0.0
2014-09-11 23:08:18+00:00,329.04833333333335,122.0,0.0,1.0,0.0
2014-09-11 23:08:24+00:00,329.24333333333334,122.0,91.0,1.0,0.0
2014-09-11 23:08:30+00:00,329.0733333333333,122.0,92.0,0.0,0.0
2014-09-11 23:08:36+00:00,328.5416666666667,0.0,91.0,1.0,0.0
2014-09-11 23:08:42+00:00,327.18,122.0,0.0,1.0,0.0
2014-09-11 23:08:48+00:00,326.61333333333334,120.0,92.0,1.0,0.0
2014-09-11 23:08:54+00:00,326.5683333333333,120.0,91.0,1.0,0.0
2014-09-11 23:09:00+00:00,326.8883333333333,121.0,92.0,0.0,0.0
2014-09-11 23:09:06+00:00,325.81166666666667,120.0,91.0,1.0,0.0
2014-09-11 23:09:12+00:00,326.51666666666665,0.0,92.0,1.0,0.0
2014-09-11 23:09:18+00:00,327.2,120.0,0.0,1.0,0.0
2014-09-11 23:09:24+00:00,327.2,122.0,91.0,0.0,0.0
2014-09-11 23:09:30+00:00,326.8966666666667,121.0,91.0,1.0,0.0
2014-09-11 23:09:36+00:00,325.3966666666667,120.0,91.0,1.0,0.0
2014-09-11 23:09:42+00:00,325.2166666666667,119.0,91.0,1.0,0.0
2014-09-11 23:09:48+00:00,326.1466666666667,120.0,91.0,1.0,0.0
2014-09-11 23:09:54+00:00,325.83666666666664,120.0,91.0,1.0,0.0
2014-09-11 23:10:00+00:00,326.09499999999997,120.0,91.0,1.0,0.0
2014-09-11 23:10:06+00:00,326.3533333333333,0.0,91.0,1.0,0.0
2014-09-11 23:10:12+00:00,326.07166666666666,121.0,91.0,1.0,0.0
2014-09-11 23:10:18+00:00,326.64166666666665,121.0,0.0,1.0,0.0
2014-09-11 23:10:24+00:00,326.2866666666667,121.0,91.0,1.0,0.0
2014-09-11 23:10:30+00:00,326.25,121.0,91.0,1.0,0.0
2014-09-11 23:10:36+00:00,326.3066666666667,121.0,91.0,0.0,0.0
2014-09-11 23:10:42+00:00,326.6983333333333,120.0,91.0,1.0,0.0
2014-09-11 23:10:48+00:00,326.54333333333335,0.0,0.0,1.0,0.0
2014-09-11 23:10:54+00:00,326.295,121.0,92.0,1.0,0.0
2014-09-11 23:11:00+00:00,326.4816666666666,120.0,91.0,1.0,0.0
2014-09-11 23:11:06+00:00,326.5366666666667,120.0,91.0,0.0,0.0
2014-09-11 23:11:12+00:00,326.32166666666666,121.0,92.0,1.0,0.0
2014-09-11 23:11:18+00:00,326.04,0.0,0.0,1.0,0.0
2014-09-11 23:11:24+00:00,325.93833333333333,120.0,92.0,1.0,0.0
2014-09-11 23:11:30+00:00,326.58666666666664,121.0,91.0,1.0,0.0
2014-09-11 23:11:36+00:00,327.09499999999997,120.0,91.0,1.0,0.0
2014-09-11 23:11:42+00:00,326.7083333333333,120.0,91.0,1.0,0.0
2014-09-11 23:11:48+00:00,326.16,120.0,91.0,1.0,0.0
2014-09-11 23:11:54+00:00,325.8233333333333,120.0,92.0,1.0,0.0
2014-09-11 23:12:00+00:00,325.91,120.0,91.0,1.0,0.0
2014-09-11 23:12:06+00:00,326.1616666666667,120.0,91.0,1.0,0.0
2014-09-11 23:12:12+00:00,326.385,120.0,92.0,1.0,0.0
2014-09-11 23:12:18+00:00,325.50333333333333,120.0,91.0,1.0,0.0
2014-09-11 23:12:24+00:00,325.12666666666667,120.0,91.0,0.0,0.0
2014-09-11 23:12:30+00:00,324.99666666666667,0.0,92.0,1.0,0.0
2014-09-11 23:12:36+00:00,324.01666666666665,120.0,0.0,1.0,0.0
2014-09-11 23:12:42+00:00,324.2416666666666,119.0,91.0,1.0,0.0
2014-09-11 23:12:48+00:00,323.79,119.0,91.0,0.0,0.0
2014-09-11 23:12:54+00:00,323.44666666666666,0.0,91.0,1.0,0.0
2014-09-11 23:13:00+00:00,323.555,119.0,0.0,1.0,0.0
2014-09-11 23:13:06+00:00,323.96,119.0,90.0,1.0,0.0
2014-09-11 23:13:12+00:00,323.2816666666667,119.0,91.0,0.0,0.0
2014-09-11 23:13:18+00:00,323.49,0.0,91.0,1.0,0.0
2014-09-11 23:13:24+00:00,323.18833333333333,119.0,91.0,1.0,0.0
2014-09-11 23:13:30+00:00,323.95166666666665,119.0,91.0,1.0,0.0
2014-09-11 23:13:36+00:00,324.92,119.0,92.0,1.0,0.0
2014-09-11 23:13:42+00:00,325.3883333333333,120.0,92.0,1.0,0.0
2014-09-11 23:13:48+00:00,362.8616666666667,119.0,93.0,1.0,0.0
2014-09-11 23:13:54+00:00,337.69166666666666,151.0,0.0,1.0,0.0
2014-09-11 23:14:00+00:00,257.205,110.0,93.0,1.0,0.0
2014-09-11 23:14:06+00:00,232.9416666666667,33.0,93.0,0.0,0.0
2014-09-11 23:14:12+00:00,229.71833333333333,25.0,91.0,1.0,0.0
2014-09-11 23:14:18+00:00,229.93166666666664,25.0,92.0,1.0,0.0
2014-09-11 23:14:24+00:00,229.26333333333332,0.0,91.0,1.0,0.0
2014-09-11 23:14:30+00:00,209.545,25.0,0.0,1.0,0.0
2014-09-11 23:14:36+00:00,202.94666666666663,6.0,91.0,1.0,0.0
2014-09-11 23:14:42+00:00,202.29999999999998,6.0,91.0,0.0,0.0
2014-09-11 23:14:48+00:00,201.78666666666666,6.0,90.0,1.0,0.0
2014-09-11 23:14:54+00:00,201.57833333333335,6.0,90.0,1.0,0.0
2014-09-11 23:15:00+00:00,200.60833333333335,6.0,89.0,1.0,0.0
2014-09-11 23:15:06+00:00,200.53833333333333,6.0,89.0,1.0,0.0
2014-09-11 23:15:12+00:00,200.10666666666668,0.0,0.0,1.0,0.0
2014-09-11 23:15:18+00:00,199.67166666666665,6.0,88.0,1.0,0.0
2014-09-11 23:15:24+00:00,219.66666666666666,6.0,89.0,0.0,0.0
2014-09-11 23:15:30+00:00,301.82666666666665,120.0,87.0,1.0,0.0
2014-09-11 23:15:36+00:00,232.24333333333334,120.0,87.0,1.0,0.0
2014-09-11 23:15:42+00:00,232.41166666666666,120.0,0.0,1.0,0.0
2014-09-11 23:15:48+00:00,231.76666666666665,0.0,0.0,1.0,0.0
2014-09-11 23:15:54+00:00,231.79999999999998,120.0,0.0,1.0,0.0
2014-09-11 23:16:00+00:00,231.82833333333335,120.0,0.0,1.0,0.0
2014-09-11 23:16:06+00:00,231.80666666666664,119.0,0.0,0.0,0.0
2014-09-11 23:16:12+00:00,232.01999999999998,0.0,0.0,1.0,0.0
2014-09-11 23:16:18+00:00,232.2266666666667,120.0,0.0,1.0,0.0
2014-09-11 23:16:24+00:00,231.92666666666665,119.0,0.0,0.0,0.0
2014-09-11 23:16:30+00:00,231.44333333333336,119.0,0.0,1.0,0.0
2014-09-11 23:16:36+00:00,231.88,119.0,0.0,1.0,0.0
2014-09-11 23:16:42+00:00,231.905,0.0,0.0,1.0,0.0
2014-09-11 23:16:48+00:00,231.71428571428572,119.0,0.0,1.0,0.0
2014-09-11 23:16:54+00:00,231.852,119.0,0.0,1.0,0.0
2014-09-11 23:17:00+00:00,231.6885714285714,120.0,0.0,1.0,0.0
2014-09-11 23:17:06+00:00,231.83833333333334,120.0,0.0,1.0,0.0
2014-09-11 23:17:12+00:00,231.79166666666666,119.0,0.0,1.0,0.0
2014-09-11 23:17:18+00:00,232.045,120.0,0.0,1.0,0.0
2014-09-11 23:17:24+00:00,232.04333333333332,120.0,0.0,0.0,0.0
2014-09-11 23:17:30+00:00,232.10500000000002,120.0,0.0,1.0,0.0
2014-09-11 23:17:36+00:00,231.90166666666667,0.0,0.0,1.0,0.0
2014-09-11 23:17:42+00:00,232.46333333333334,119.0,0.0,1.0,0.0
2014-09-11 23:17:48+00:00,232.54666666666665,119.0,0.0,1.0,0.0
2014-09-11 23:17:54+00:00,232.335,120.0,0.0,0.0,0.0
2014-09-11 23:18:00+00:00,232.4316666666667,0.0,0.0,1.0,0.0
2014-09-11 23:18:06+00:00,232.33333333333334,120.0,0.0,1.0,0.0
2014-09-11 23:18:12+00:00,232.35166666666666,120.0,0.0,1.0,0.0
2014-09-11 23:18:18+00:00,232.42333333333332,120.0,0.0,0.0,0.0
2014-09-11 23:18:24+00:00,232.115,120.0,0.0,1.0,0.0
2014-09-11 23:18:30+00:00,232.375,0.0,0.0,1.0,0.0
2014-09-11 23:18:36+00:00,232.59333333333333,120.0,0.0,1.0,0.0
2014-09-11 23:18:42+00:00,232.22,120.0,0.0,1.0,0.0
2014-09-11 23:18:48+00:00,232.43833333333336,120.0,0.0,1.0,0.0
2014-09-11 23:18:54+00:00,232.42666666666665,120.0,0.0,0.0,0.0
2014-09-11 23:19:00+00:00,232.15333333333334,120.0,0.0,1.0,0.0
2014-09-11 23:19:06+00:00,232.865,0.0,0.0,1.0,0.0
2014-09-11 23:19:12+00:00,233.50166666666667,120.0,0.0,1.0,0.0
2014-09-11 23:19:18+00:00,233.41833333333332,120.0,0.0,1.0,0.0
2014-09-11 23:19:24+00:00,232.3033333333333,120.0,0.0,1.0,0.0
2014-09-11 23:19:30+00:00,231.29333333333332,120.0,0.0,1.0,0.0
2014-09-11 23:19:36+00:00,230.725,119.0,0.0,1.0,0.0
2014-09-11 23:19:42+00:00,230.36666666666667,119.0,0.0,0.0,0.0
2014-09-11 23:19:48+00:00,230.01666666666665,0.0,0.0,1.0,0.0
2014-09-11 23:19:54+00:00,230.0716666666667,119.0,0.0,1.0,0.0
2014-09-11 23:20:00+00:00,229.75833333333333,119.0,0.0,0.0,0.0
2014-09-11 23:20:06+00:00,229.65333333333334,119.0,0.0,1.0,0.0
2014-09-11 23:20:12+00:00,229.26,118.0,0.0,1.0,0.0
2014-09-11 23:20:18+00:00,229.59,0.0,0.0,1.0,0.0
2014-09-11 23:20:24+00:00,229.72,118.0,0.0,1.0,0.0
2014-09-11 23:20:30+00:00,314.66333333333336,119.0,0.0,0.0,0.0
2014-09-11 23:20:36+00:00,475.955,118.0,0.0,1.0,0.0
2014-09-11 23:20:42+00:00,474.59666666666664,118.0,242.0,1.0,0.0
2014-09-11 23:20:48+00:00,471.14000000000004,117.0,243.0,1.0,0.0
2014-09-11 23:20:54+00:00,472.41166666666663,0.0,240.0,1.0,0.0
2014-09-11 23:21:00+00:00,473.23,117.0,241.0,1.0,0.0
2014-09-11 23:21:06+00:00,473.20166666666665,117.0,0.0,1.0,0.0
2014-09-11 23:21:12+00:00,473.285,117.0,241.0,1.0,0.0
2014-09-11 23:21:18+00:00,472.8883333333333,118.0,241.0,1.0,0.0
2014-09-11 23:21:24+00:00,472.27500000000003,117.0,240.0,0.0,0.0
2014-09-11 23:21:30+00:00,472.94,117.0,241.0,1.0,0.0
2014-09-11 23:21:36+00:00,473.00499999999994,118.0,240.0,1.0,0.0
2014-09-11 23:21:42+00:00,473.31166666666667,118.0,241.0,1.0,0.0
2014-09-11 23:21:48+00:00,474.345,117.0,241.0,1.0,0.0
2014-09-11 23:21:54+00:00,473.31333333333333,117.0,241.0,1.0,0.0
2014-09-11 23:22:00+00:00,474.4266666666667,117.0,242.0,1.0,0.0
2014-09-11 23:22:06+00:00,477.0183333333334,118.0,242.0,1.0,0.0
2014-09-11 23:22:12+00:00,477.74666666666667,118.0,243.0,1.0,0.0
2014-09-11 23:22:18+00:00,478.8016666666667,0.0,0.0,1.0,0.0
2014-09-11 23:22:24+00:00,480.9216666666667,118.0,243.0,1.0,0.0
2014-09-11 23:22:30+00:00,481.78000000000003,119.0,246.0,0.0,0.0
2014-09-11 23:22:36+00:00,480.34,0.0,245.0,1.0,0.0
2014-09-11 23:22:42+00:00,480.3766666666667,119.0,246.0,1.0,0.0
2014-09-11 23:22:48+00:00,482.88166666666666,119.0,0.0,1.0,0.0
2014-09-11 23:22:54+00:00,484.34666666666664,119.0,248.0,1.0,0.0
2014-09-11 23:23:00+00:00,484.5816666666667,0.0,248.0,1.0,0.0
2014-09-11 23:23:06+00:00,483.8533333333333,118.5,248.0,0.0,0.0
2014-09-11 23:23:12+00:00,484.17833333333334,0.0,248.0,1.0,0.0
2014-09-11 23:23:18+00:00,484.4566666666667,119.0,0.0,1.0,0.0
2014-09-11 23:23:24+00:00,483.9866666666667,119.0,248.0,1.0,0.0
2014-09-11 23:23:30+00:00,483.57166666666666,119.0,247.0,0.0,0.0
2014-09-11 23:23:36+00:00,483.0783333333334,0.0,248.0,1.0,0.0
2014-09-11 23:23:42+00:00,482.4866666666667,119.0,247.0,1.0,0.0
2014-09-11 23:23:48+00:00,483.23,119.0,247.0,1.0,0.0
2014-09-11 23:23:54+00:00,483.99333333333334,119.0,248.0,1.0,0.0
2014-09-11 23:24:00+00:00,484.315,119.0,0.0,1.0,0.0
2014-09-11 23:24:06+00:00,483.52,120.0,248.0,0.0,0.0
2014-09-11 23:24:12+00:00,483.3966666666667,119.0,248.0,1.0,0.0
2014-09-11 23:24:18+00:00,483.69666666666666,0.0,0.0,1.0,0.0
2014-09-11 23:24:24+00:00,484.59666666666664,119.0,247.0,1.0,0.0
2014-09-11 23:24:30+00:00,485.75666666666666,119.0,247.0,1.0,0.0
2014-09-11 23:24:36+00:00,484.96333333333337,120.0,249.0,0.0,0.0
2014-09-11 23:24:42+00:00,485.105,119.0,248.0,1.0,0.0
2014-09-11 23:24:48+00:00,485.12833333333333,120.0,248.0,1.0,0.0
2014-09-11 23:24:54+00:00,484.18,0.0,248.0,1.0,0.0
2014-09-11 23:25:00+00:00,484.1716666666667,119.0,0.0,1.0,0.0
2014-09-11 23:25:06+00:00,484.2716666666667,119.0,248.0,1.0,0.0
2014-09-11 23:25:12+00:00,484.11999999999995,119.0,248.0,0.0,0.0
2014-09-11 23:25:18+00:00,484.6983333333333,0.0,248.0,1.0,0.0
2014-09-11 23:25:24+00:00,508.2,120.0,0.0,1.0,0.0
2014-09-11 23:25:30+00:00,500.3966666666667,150.0,248.0,0.0,0.0
2014-09-11 23:25:36+00:00,415.1016666666667,112.0,247.0,1.0,0.0
2014-09-11 23:25:42+00:00,391.32666666666665,26.0,247.0,1.0,0.0
2014-09-11 23:25:48+00:00,389.42499999999995,26.0,247.0,1.0,0.0
2014-09-11 23:25:54+00:00,389.62000000000006,25.0,248.0,1.0,0.0
2014-09-11 23:26:00+00:00,390.17,0.0,249.0,1.0,0.0
2014-09-11 23:26:06+00:00,371.51,25.0,249.0,1.0,0.0
2014-09-11 23:26:12+00:00,364.16333333333336,25.0,249.0,1.0,0.0
2014-09-11 23:26:18+00:00,363.61833333333334,6.0,248.0,1.0,0.0
2014-09-11 23:26:24+00:00,364.52833333333336,6.0,0.0,1.0,0.0
2014-09-11 23:26:30+00:00,364.795,6.0,249.0,0.0,0.0
2014-09-11 23:26:36+00:00,364.2383333333334,6.0,248.0,1.0,0.0
2014-09-11 23:26:42+00:00,364.42833333333334,6.0,248.0,1.0,0.0
2014-09-11 23:26:48+00:00,364.2,0.0,0.0,1.0,0.0
2014-09-11 23:26:54+00:00,363.9983333333333,6.0,249.0,1.0,0.0
2014-09-11 23:27:00+00:00,386.685,6.0,248.0,1.0,0.0
2014-09-11 23:27:06+00:00,1257.68,12.0,249.0,1.0,0.0
2014-09-11 23:27:12+00:00,2814.0849999999996,2399.0,243.0,0.0,0.0
2014-09-11 23:27:18+00:00,2808.15,2352.0,243.0,0.0,0.0
2014-09-11 23:27:24+00:00,2796.023333333333,2365.0,243.0,1.0,0.0
2014-09-11 23:27:30+00:00,2790.2549999999997,2322.0,244.0,1.0,0.0
2014-09-11 23:27:36+00:00,2787.8116666666665,2328.0,243.0,1.0,0.0
2014-09-11 23:27:42+00:00,2783.456666666667,2352.0,243.0,1.0,0.0
2014-09-11 23:27:48+00:00,2780.4383333333335,2317.0,243.0,1.0,0.0
2014-09-11 23:27:54+00:00,2783.405,2329.0,242.0,1.0,0.0
2014-09-11 23:28:00+00:00,2780.778333333333,0.0,0.0,1.0,0.0
2014-09-11 23:28:06+00:00,2781.9733333333334,2324.0,243.0,1.0,0.0
2014-09-11 23:28:12+00:00,2783.1299999999997,2352.0,243.0,1.0,0.0
2014-09-11 23:28:18+00:00,2792.271666666667,2355.0,243.0,1.0,0.0
2014-09-11 23:28:24+00:00,2791.8583333333336,2328.0,243.0,1.0,0.0
2014-09-11 23:28:30+00:00,2790.366666666667,2328.0,243.0,1.0,0.0
2014-09-11 23:28:36+00:00,2797.4966666666664,2334.0,243.0,1.0,0.0
2014-09-11 23:28:42+00:00,2793.9150000000004,2334.0,244.0,1.0,0.0
2014-09-11 23:28:48+00:00,2790.206666666667,2345.0,244.0,0.0,0.0
2014-09-11 23:28:54+00:00,2787.14,0.0,0.0,1.0,0.0
2014-09-11 23:29:00+00:00,2784.2483333333334,2328.0,243.0,1.0,0.0
2014-09-11 23:29:06+00:00,2784.6266666666666,2342.0,243.0,0.0,0.0
2014-09-11 23:29:12+00:00,2790.568333333333,2359.0,243.0,1.0,0.0
2014-09-11 23:29:18+00:00,2793.7316666666666,2363.0,244.0,1.0,0.0
2014-09-11 23:29:24+00:00,2790.56,2335.0,244.0,1.0,0.0
2014-09-11 23:29:30+00:00,2792.786666666667,0.0,244.0,1.0,0.0
2014-09-11 23:29:36+00:00,2783.125,2326.0,0.0,1.0,0.0
2014-09-11 23:29:42+00:00,2782.17,2335.0,243.0,1.0,0.0
2014-09-11 23:29:48+00:00,2783.89,2341.0,242.0,0.0,0.0
2014-09-11 23:29:54+00:00,2784.225,2355.0,243.0,1.0,0.0
2014-09-11 23:30:00+00:00,2779.625,2329.0,244.0,1.0,0.0
2014-09-11 23:30:06+00:00,2780.741666666667,2320.0,243.0,1.0,0.0
2014-09-11 23:30:12+00:00,2787.8216666666667,0.0,243.0,1.0,0.0
2014-09-11 23:30:18+00:00,2786.9533333333334,2324.0,0.0,1.0,0.0
2014-09-11 23:30:24+00:00,2787.385,2343.0,244.0,1.0,0.0
2014-09-11 23:30:30+00:00,2783.9666666666667,2324.0,243.0,1.0,0.0
2014-09-11 23:30:36+00:00,2785.3016666666663,2326.0,243.0,1.0,0.0
2014-09-11 23:30:42+00:00,2786.27,2349.0,244.0,1.0,0.0
2014-09-11 23:30:48+00:00,2785.6966666666667,2327.0,244.0,0.0,0.0
2014-09-11 23:30:54+00:00,2781.2816666666663,2330.0,244.0,1.0,0.0
2014-09-11 23:31:00+00:00,2773.155,2348.0,243.0,1.0,0.0
2014-09-11 23:31:06+00:00,2769.1683333333335,2315.0,242.0,1.0,0.0
2014-09-11 23:31:12+00:00,2764.088333333333,2333.0,242.0,1.0,0.0
2014-09-11 23:31:18+00:00,2762.9166666666665,2306.0,241.0,1.0,0.0
2014-09-11 23:31:24+00:00,2764.595,2342.0,242.0,1.0,0.0
2014-09-11 23:31:30+00:00,2765.89,2339.0,241.0,1.0,0.0
2014-09-11 23:31:36+00:00,2766.24,2311.0,241.0,1.0,0.0
2014-09-11 23:31:42+00:00,2764.8250000000003,2323.0,242.0,1.0,0.0
2014-09-11 23:31:48+00:00,2764.045,2344.0,241.0,1.0,0.0
2014-09-11 23:31:54+00:00,2762.411666666667,2328.0,242.0,1.0,0.0
2014-09-11 23:32:00+00:00,2766.5916666666667,2313.0,241.0,1.0,0.0
2014-09-11 23:32:06+00:00,2774.271666666667,0.0,242.0,1.0,0.0
2014-09-11 23:32:12+00:00,2776.475,2317.0,243.0,1.0,0.0
2014-09-11 23:32:18+00:00,2703.785,2322.0,0.0,1.0,0.0
2014-09-11 23:32:24+00:00,2521.3216666666667,2319.0,242.0,1.0,0.0
2014-09-11 23:32:30+00:00,2525.515,2330.0,0.0,1.0,0.0
2014-09-11 23:32:36+00:00,2528.476666666667,2317.0,0.0,1.0,0.0
2014-09-11 23:32:42+00:00,2523.1133333333332,2322.0,0.0,1.0,0.0
2014-09-11 23:32:48+00:00,2522.82,2352.0,0.0,1.0,0.0
2014-09-11 23:32:54+00:00,2527.195,2314.0,0.0,1.0,0.0
2014-09-11 23:33:00+00:00,2524.0516666666667,2313.0,0.0,0.0,0.0
2014-09-11 23:33:06+00:00,2523.0416666666665,2317.0,0.0,1.0,0.0
2014-09-11 23:33:12+00:00,2523.055,2313.0,0.0,1.0,0.0
2014-09-11 23:33:18+00:00,2522.6716666666666,2308.0,0.0,1.0,0.0
2014-09-11 23:33:24+00:00,2527.125,0.0,0.0,1.0,0.0
2014-09-11 23:33:30+00:00,2522.4566666666665,2344.0,0.0,1.0,0.0
2014-09-11 23:33:36+00:00,2516.1983333333333,2313.0,0.0,1.0,0.0
2014-09-11 23:33:42+00:00,2520.616666666667,2307.0,0.0,1.0,0.0
2014-09-11 23:33:48+00:00,2531.4566666666665,2314.0,0.0,1.0,0.0
2014-09-11 23:33:54+00:00,2532.8266666666664,2344.0,0.0,1.0,0.0
2014-09-11 23:34:00+00:00,2536.443333333333,2333.0,0.0,0.0,0.0
2014-09-11 23:34:06+00:00,2540.9066666666668,2360.0,0.0,1.0,0.0
2014-09-11 23:34:12+00:00,2539.9183333333335,2356.0,0.0,1.0,0.0
2014-09-11 23:34:18+00:00,2536.0033333333336,2363.0,0.0,1.0,0.0
2014-09-11 23:34:24+00:00,2534.9166666666665,0.0,0.0,1.0,0.0
2014-09-11 23:34:30+00:00,2538.7766666666666,2350.0,0.0,1.0,0.0
2014-09-11 23:34:36+00:00,2531.23,2332.0,0.0,1.0,0.0
2014-09-11 23:34:42+00:00,2531.101666666667,2319.0,0.0,1.0,0.0
2014-09-11 23:34:48+00:00,2540.596666666667,2324.0,0.0,1.0,0.0
2014-09-11 23:34:54+00:00,2543.3266666666664,2336.0,0.0,0.0,0.0
2014-09-11 23:35:00+00:00,2538.016666666667,0.0,0.0,1.0,0.0
2014-09-11 23:35:06+00:00,2538.021666666667,2349.0,0.0,1.0,0.0
2014-09-11 23:35:12+00:00,2538.125,2363.0,0.0,1.0,0.0
2014-09-11 23:35:18+00:00,824.435,2373.0,0.0,1.0,0.0
2014-09-11 23:35:24+00:00,2350.1733333333336,120.0,0.0,1.0,0.0
2014-09-11 23:35:30+00:00,2536.5099999999998,2325.0,0.0,0.0,0.0
2014-09-11 23:35:36+00:00,2530.1,2322.0,0.0,1.0,0.0
2014-09-11 23:35:42+00:00,2526.1566666666668,2349.0,0.0,1.0,0.0
2014-09-11 23:35:48+00:00,2523.875,2337.0,0.0,1.0,0.0
2014-09-11 23:35:54+00:00,2518.7833333333333,2309.0,0.0,1.0,0.0
2014-09-11 23:36:00+00:00,2530.69,2336.0,0.0,1.0,0.0
2014-09-11 23:36:06+00:00,2532.6916666666666,2321.0,0.0,1.0,0.0
2014-09-11 23:36:12+00:00,2533.375,2321.0,0.0,1.0,0.0
2014-09-11 23:36:18+00:00,2535.6233333333334,2355.0,0.0,1.0,0.0
2014-09-11 23:36:24+00:00,2533.4733333333334,2324.0,0.0,1.0,0.0
2014-09-11 23:36:30+00:00,2535.6983333333333,2322.0,0.0,1.0,0.0
2014-09-11 23:36:36+00:00,2542.935,2329.0,0.0,1.0,0.0
2014-09-11 23:36:42+00:00,2541.2066666666665,0.0,0.0,1.0,0.0
2014-09-11 23:36:48+00:00,2537.9583333333335,2358.0,0.0,1.0,0.0
2014-09-11 23:36:54+00:00,2531.0883333333336,2346.0,0.0,1.0,0.0
2014-09-11 23:37:00+00:00,2526.8683333333333,2357.0,0.0,1.0,0.0
2014-09-11 23:37:06+00:00,2521.563333333333,2342.0,0.0,0.0,0.0
2014-09-11 23:37:12+00:00,2519.8033333333333,2309.0,0.0,1.0,0.0
2014-09-11 23:37:18+00:00,2520.2316666666666,2311.0,0.0,1.0,0.0
2014-09-11 23:37:24+00:00,2519.101666666667,2303.0,0.0,1.0,0.0
2014-09-11 23:37:30+00:00,2517.435,0.0,0.0,1.0,0.0
2014-09-11 23:37:36+00:00,2520.155,2303.0,0.0,1.0,0.0
2014-09-11 23:37:42+00:00,2524.8883333333333,2302.0,0.0,1.0,0.0
2014-09-11 23:37:48+00:00,2527.5899999999997,2329.0,0.0,1.0,0.0
2014-09-11 23:37:54+00:00,2528.815,0.0,0.0,0.0,0.0
2014-09-11 23:38:00+00:00,2527.433333333333,2346.0,0.0,1.0,0.0
2014-09-11 23:38:06+00:00,2523.3933333333334,0.0,0.0,1.0,0.0
2014-09-11 23:38:12+00:00,2523.245,2305.0,0.0,1.0,0.0
2014-09-11 23:38:18+00:00,2523.478333333333,2316.0,0.0,1.0,0.0
2014-09-11 23:38:24+00:00,2523.4266666666667,2330.0,0.0,0.0,0.0
2014-09-11 23:38:30+00:00,2524.931666666667,2347.0,0.0,1.0,0.0
2014-09-11 23:38:36+00:00,2524.491666666667,2332.0,0.0,1.0,0.0
2014-09-11 23:38:42+00:00,2522.2916666666665,2340.0,0.0,1.0,0.0
2014-09-11 23:38:48+00:00,2524.1150000000002,2334.0,0.0,1.0,0.0
2014-09-11 23:38:54+00:00,2519.995,0.0,0.0,1.0,0.0
2014-09-11 23:39:00+00:00,2521.59,2344.0,0.0,1.0,0.0
2014-09-11 23:39:06+00:00,2514.476666666667,2342.0,0.0,1.0,0.0
2014-09-11 23:39:12+00:00,2516.7400000000002,2301.0,0.0,1.0,0.0
2014-09-11 23:39:18+00:00,2523.52,2340.0,0.0,1.0,0.0
2014-09-11 23:39:24+00:00,2523.64,2346.0,0.0,0.0,0.0
2014-09-11 23:39:30+00:00,2520.9,0.0,0.0,1.0,0.0
2014-09-11 23:39:36+00:00,2515.532857142857,2342.0,0.0,1.0,0.0
2014-09-11 23:39:42+00:00,2514.2616666666668,2332.0,0.0,1.0,0.0
2014-09-11 23:39:48+00:00,2516.83,2306.0,0.0,0.0,0.0
2014-09-11 23:39:54+00:00,2523.6271428571426,2311.0,0.0,1.0,0.0
2014-09-11 23:40:00+00:00,2522.558,0.0,0.0,1.0,0.0
2014-09-11 23:40:06+00:00,2519.172857142857,2319.0,0.0,1.0,0.0
2014-09-11 23:40:12+00:00,2520.1433333333334,2319.0,0.0,1.0,0.0
2014-09-11 23:40:18+00:00,2520.195,2343.0,0.0,1.0,0.0
2014-09-11 23:40:24+00:00,2520.351666666667,2339.0,0.0,1.0,0.0
2014-09-11 23:40:30+00:00,2523.2483333333334,2335.0,0.0,0.0,0.0
2014-09-11 23:40:36+00:00,2519.8783333333336,0.0,0.0,1.0,0.0
2014-09-11 23:40:42+00:00,2523.273333333333,2331.0,0.0,1.0,0.0
2014-09-11 23:40:48+00:00,2525.0016666666666,2319.0,0.0,1.0,0.0
2014-09-11 23:40:54+00:00,2521.0833333333335,2342.0,0.0,1.0,0.0
2014-09-11 23:41:00+00:00,2520.1299999999997,2317.0,0.0,1.0,0.0
2014-09-11 23:41:06+00:00,2517.983333333333,2310.0,0.0,1.0,0.0
2014-09-11 23:41:12+00:00,2515.603333333333,2309.0,0.0,1.0,0.0
2014-09-11 23:41:18+00:00,2511.15,2302.0,0.0,1.0,0.0
2014-09-11 23:41:24+00:00,2512.1366666666668,2317.0,0.0,0.0,0.0
2014-09-11 23:41:30+00:00,2517.0733333333333,2323.0,0.0,1.0,0.0
2014-09-11 23:41:36+00:00,2521.6633333333334,2339.0,0.0,1.0,0.0
2014-09-11 23:41:42+00:00,2521.1983333333333,2331.0,0.0,1.0,0.0
2014-09-11 23:41:48+00:00,2523.185,0.0,0.0,1.0,0.0
2014-09-11 23:41:54+00:00,1885.1616666666666,2300.0,0.0,1.0,0.0
2014-09-11 23:42:00+00:00,233.31166666666664,2339.0,0.0,1.0,0.0
2014-09-11 23:42:06+00:00,232.95666666666668,120.0,0.0,1.0,0.0
2014-09-11 23:42:12+00:00,233.01166666666666,120.0,0.0,1.0,0.0
2014-09-11 23:42:18+00:00,232.66,119.0,0.0,0.0,0.0
2014-09-11 23:42:24+00:00,203.6016666666667,120.0,0.0,1.0,0.0
2014-09-11 23:42:30+00:00,147.585,0.0,0.0,1.0,0.0
2014-09-11 23:42:36+00:00,148.97333333333333,35.0,0.0,1.0,0.0
2014-09-11 23:42:42+00:00,139.0533333333333,37.0,0.0,1.0,0.0
2014-09-11 23:42:48+00:00,136.98,26.0,0.0,1.0,0.0
2014-09-11 23:42:54+00:00,136.91833333333332,25.0,0.0,1.0,0.0
2014-09-11 23:43:00+00:00,136.92833333333334,25.0,0.0,0.0,0.0
2014-09-11 23:43:06+00:00,137.33833333333334,0.0,0.0,1.0,0.0
2014-09-11 23:43:12+00:00,103.80333333333334,25.0,0.0,1.0,0.0
2014-09-11 23:43:18+00:00,103.18833333333333,25.0,0.0,1.0,0.0
2014-09-11 23:43:24+00:00,103.26833333333333,0.0,0.0,1.0,0.0
2014-09-11 23:43:30+00:00,103.2,0.0,0.0,1.0,0.0
2014-09-11 23:43:36+00:00,103.34666666666665,0.0,0.0,1.0,0.0
2014-09-11 23:43:42+00:00,103.74666666666667,0.0,0.0,1.0,0.0
2014-09-11 23:43:48+00:00,103.73,0.0,0.0,0.0,0.0
2014-09-11 23:43:54+00:00,104.01666666666667,0.0,0.0,1.0,0.0
2014-09-11 23:44:00+00:00,103.94833333333334,0.0,0.0,1.0,0.0
2014-09-11 23:44:06+00:00,103.99833333333333,0.0,0.0,1.0,0.0
2014-09-11 23:44:12+00:00,104.14,0.0,0.0,1.0,0.0
2014-09-11 23:44:18+00:00,104.14666666666666,0.0,0.0,1.0,0.0
2014-09-11 23:44:24+00:00,104.03333333333335,0.0,0.0,0.0,0.0
2014-09-11 23:44:30+00:00,104.13333333333333,0.0,0.0,1.0,0.0
2014-09-11 23:44:36+00:00,103.825,0.0,0.0,1.0,0.0
2014-09-11 23:44:42+00:00,103.78166666666668,0.0,0.0,1.0,0.0
2014-09-11 23:44:48+00:00,103.90833333333335,0.0,0.0,0.0,0.0
2014-09-11 23:44:54+00:00,103.61666666666667,0.0,0.0,1.0,0.0
2014-09-11 23:45:00+00:00,103.67666666666666,0.0,0.0,1.0,0.0
2014-09-11 23:45:06+00:00,103.50833333333333,0.0,0.0,1.0,0.0
2014-09-11 23:45:12+00:00,103.52666666666666,0.0,0.0,1.0,0.0
2014-09-11 23:45:18+00:00,103.8,0.0,0.0,1.0,0.0
2014-09-11 23:45:24+00:00,104.11,0.0,0.0,1.0,0.0
2014-09-11 23:45:30+00:00,103.86,0.0,0.0,0.0,0.0
2014-09-11 23:45:36+00:00,103.77833333333332,0.0,0.0,1.0,0.0
2014-09-11 23:45:42+00:00,103.91166666666668,0.0,0.0,1.0,0.0
2014-09-11 23:45:48+00:00,103.82166666666667,0.0,0.0,1.0,0.0
2014-09-11 23:45:54+00:00,103.85666666666667,0.0,0.0,1.0,0.0
2014-09-11 23:46:00+00:00,103.74833333333333,0.0,0.0,1.0,0.0
2014-09-11 23:46:06+00:00,103.88499999999999,0.0,0.0,1.0,0.0
2014-09-11 23:46:12+00:00,103.68166666666667,0.0,0.0,0.0,0.0
2014-09-11 23:46:18+00:00,103.70333333333333,0.0,0.0,1.0,0.0
2014-09-11 23:46:24+00:00,369.20166666666665,0.0,515.0,1.0,0.0
2014-09-11 23:46:30+00:00,247.14833333333334,0.0,0.0,1.0,0.0
2014-09-11 23:46:36+00:00,241.46666666666667,0.0,140.0,1.0,0.0
2014-09-11 23:46:42+00:00,236.48333333333335,0.0,134.0,0.0,0.0
2014-09-11 23:46:48+00:00,229.72166666666666,0.0,125.0,1.0,0.0
2014-09-11 23:46:54+00:00,220.17,0.0,0.0,1.0,0.0
2014-09-11 23:47:00+00:00,211.99166666666667,0.0,115.0,1.0,0.0
2014-09-11 23:47:06+00:00,207.35166666666666,0.0,106.0,0.0,0.0
2014-09-11 23:47:12+00:00,203.51833333333335,0.0,99.0,1.0,0.0
2014-09-11 23:47:18+00:00,201.80166666666665,0.0,0.0,1.0,0.0
2014-09-11 23:47:24+00:00,201.665,0.0,97.0,0.0,0.0
2014-09-11 23:47:30+00:00,202.0633333333333,0.0,97.0,1.0,0.0
2014-09-11 23:47:36+00:00,202.66333333333333,0.0,98.0,1.0,0.0
2014-09-11 23:47:42+00:00,203.48833333333334,0.0,99.0,1.0,0.0
2014-09-11 23:47:48+00:00,204.34166666666667,0.0,99.0,1.0,0.0
2014-09-11 23:47:54+00:00,204.64833333333334,0.0,100.0,1.0,0.0
2014-09-11 23:48:00+00:00,204.83666666666667,0.0,100.0,1.0,0.0
2014-09-11 23:48:06+00:00,205.69500000000002,0.0,101.0,1.0,0.0
2014-09-11 23:48:12+00:00,206.4416666666667,0.0,101.0,1.0,0.0
2014-09-11 23:48:18+00:00,206.78333333333333,0.0,102.0,1.0,0.0
2014-09-11 23:48:24+00:00,207.24333333333334,0.0,0.0,1.0,0.0
2014-09-11 23:48:30+00:00,207.89166666666665,0.0,102.0,1.0,0.0
2014-09-11 23:48:36+00:00,208.01166666666666,0.0,104.0,0.0,0.0
2014-09-11 23:48:42+00:00,208.41666666666666,0.0,104.0,1.0,0.0
2014-09-11 23:48:48+00:00,208.85,0.0,0.0,1.0,0.0
2014-09-11 23:48:54+00:00,209.70166666666668,0.0,105.0,1.0,0.0
2014-09-11 23:49:00+00:00,209.43666666666664,0.0,104.0,0.0,0.0
2014-09-11 23:49:06+00:00,210.03,0.0,105.0,1.0,0.0
2014-09-11 23:49:12+00:00,209.54166666666666,0.0,105.0,1.0,0.0
2014-09-11 23:49:18+00:00,210.37333333333333,0.0,0.0,1.0,0.0
2014-09-11 23:49:24+00:00,213.635,0.0,106.0,1.0,0.0
2014-09-11 23:49:30+00:00,217.70166666666668,0.0,110.0,0.0,0.0
2014-09-11 23:49:36+00:00,218.54999999999998,0.0,112.0,1.0,0.0
2014-09-11 23:49:42+00:00,219.28166666666667,0.0,114.0,1.0,0.0
2014-09-11 23:49:48+00:00,219.29,0.0,114.0,1.0,0.0
2014-09-11 23:49:54+00:00,219.36333333333334,0.0,0.0,1.0,0.0
2014-09-11 23:50:00+00:00,219.12666666666667,0.0,114.0,1.0,0.0
2014-09-11 23:50:06+00:00,218.47166666666666,0.0,114.0,1.0,0.0
2014-09-11 23:50:12+00:00,218.62833333333333,0.0,113.0,1.0,0.0
2014-09-11 23:50:18+00:00,218.24833333333333,0.0,113.0,0.0,0.0
2014-09-11 23:50:24+00:00,217.525,0.0,113.0,1.0,0.0
2014-09-11 23:50:30+00:00,217.31000000000003,0.0,112.0,1.0,0.0
2014-09-11 23:50:36+00:00,217.485,0.0,0.0,1.0,0.0
2014-09-11 23:50:42+00:00,217.4466666666667,0.0,112.0,1.0,0.0
2014-09-11 23:50:48+00:00,216.86666666666667,0.0,112.0,1.0,0.0
2014-09-11 23:50:54+00:00,216.13666666666666,0.0,111.0,0.0,0.0
2014-09-11 23:51:00+00:00,215.97166666666666,0.0,111.0,1.0,0.0
2014-09-11 23:51:06+00:00,215.85,0.0,111.0,1.0,0.0
2014-09-11 23:51:12+00:00,215.41666666666666,0.0,0.0,1.0,0.0
2014-09-11 23:51:18+00:00,215.34666666666666,0.0,110.0,1.0,0.0
2014-09-11 23:51:24+00:00,215.38166666666666,0.0,110.0,1.0,0.0
2014-09-11 23:51:30+00:00,214.93499999999997,0.0,110.0,0.0,0.0
2014-09-11 23:51:36+00:00,214.86833333333334,0.0,109.0,1.0,0.0
2014-09-11 23:51:42+00:00,214.70166666666668,0.0,0.0,1.0,0.0
2014-09-11 23:51:48+00:00,214.71,0.0,109.0,1.0,0.0
2014-09-11 23:51:54+00:00,214.24333333333334,0.0,109.0,0.0,0.0
2014-09-11 23:52:00+00:00,213.69500000000002,0.0,109.0,1.0,0.0
2014-09-11 23:52:06+00:00,213.23333333333335,0.0,109.0,1.0,0.0
2014-09-11 23:52:12+00:00,212.985,0.0,108.0,1.0,0.0
2014-09-11 23:52:18+00:00,212.89,0.0,0.0,1.0,0.0
2014-09-11 23:52:24+00:00,213.15,0.0,107.0,1.0,0.0
2014-09-11 23:52:30+00:00,212.68666666666664,0.0,108.0,0.0,0.0
2014-09-11 23:52:36+00:00,212.05666666666664,0.0,107.0,1.0,0.0
2014-09-11 23:52:42+00:00,212.26166666666666,0.0,107.0,1.0,0.0
2014-09-11 23:52:48+00:00,211.98000000000002,0.0,107.0,1.0,0.0
2014-09-11 23:52:54+00:00,212.25833333333333,0.0,107.0,1.0,0.0
2014-09-11 23:53:00+00:00,211.26999999999998,0.0,0.0,1.0,0.0
2014-09-11 23:53:06+00:00,210.785,0.0,106.0,1.0,0.0
2014-09-11 23:53:12+00:00,210.345,0.0,106.0,0.0,0.0
2014-09-11 23:53:18+00:00,210.14333333333332,0.0,0.0,1.0,0.0
2014-09-11 23:53:24+00:00,209.33666666666667,0.0,105.0,1.0,0.0
2014-09-11 23:53:30+00:00,209.0666666666667,0.0,105.0,0.0,0.0
2014-09-11 23:53:36+00:00,209.27666666666667,0.0,104.0,1.0,0.0
2014-09-11 23:53:42+00:00,209.14166666666665,0.0,0.0,1.0,0.0
2014-09-11 23:53:48+00:00,208.76166666666666,0.0,104.0,1.0,0.0
2014-09-11 23:53:54+00:00,208.375,0.0,103.0,0.0,0.0
2014-09-11 23:54:00+00:00,207.94500000000002,0.0,103.0,1.0,0.0
2014-09-11 23:54:06+00:00,207.26166666666666,0.0,0.0,1.0,0.0
2014-09-11 23:54:12+00:00,207.44833333333335,0.0,102.0,1.0,0.0
2014-09-11 23:54:18+00:00,207.28666666666666,0.0,102.0,0.0,0.0
2014-09-11 23:54:24+00:00,206.61333333333334,0.0,102.0,1.0,0.0
2014-09-11 23:54:30+00:00,206.37833333333333,0.0,101.0,1.0,0.0
2014-09-11 23:54:36+00:00,205.35500000000002,0.0,101.0,1.0,0.0
2014-09-11 23:54:42+00:00,205.28833333333333,0.0,0.0,1.0,0.0
2014-09-11 23:54:48+00:00,205.6783333333333,0.0,101.0,1.0,0.0
2014-09-11 23:54:54+00:00,204.69833333333335,0.0,100.0,0.0,0.0
2014-09-11 23:55:00+00:00,204.8083333333333,0.0,100.0,1.0,0.0
2014-09-11 23:55:06+00:00,204.55499999999998,0.0,0.0,1.0,0.0
2014-09-11 23:55:12+00:00,204.15333333333334,0.0,100.0,1.0,0.0
2014-09-11 23:55:18+00:00,204.06833333333336,0.0,100.0,0.0,0.0
2014-09-11 23:55:24+00:00,203.8166666666667,0.0,99.0,1.0,0.0
2014-09-11 23:55:30+00:00,203.54333333333332,0.0,99.0,1.0,0.0
2014-09-11 23:55:36+00:00,203.79833333333332,0.0,99.0,1.0,0.0
2014-09-11 23:55:42+00:00,203.745,0.0,99.0,1.0,0.0
2014-09-11 23:55:48+00:00,203.44833333333335,0.0,0.0,1.0,0.0
2014-09-11 23:55:54+00:00,203.145,0.0,98.0,1.0,0.0
2014-09-11 23:56:00+00:00,203.17999999999998,0.0,98.0,0.0,0.0
2014-09-11 23:56:06+00:00,202.6833333333333,0.0,98.0,1.0,0.0
2014-09-11 23:56:12+00:00,202.59666666666666,0.0,0.0,1.0,0.0
2014-09-11 23:56:18+00:00,202.61666666666667,0.0,97.0,1.0,0.0
2014-09-11 23:56:24+00:00,202.00666666666666,0.0,97.0,0.0,0.0
2014-09-11 23:56:30+00:00,202.14499999999998,0.0,97.0,1.0,0.0
2014-09-11 23:56:36+00:00,202.05499999999998,0.0,98.0,1.0,0.0
2014-09-11 23:56:42+00:00,201.80499999999998,0.0,97.0,1.0,0.0
2014-09-11 23:56:48+00:00,201.905,0.0,96.0,1.0,0.0
2014-09-11 23:56:54+00:00,201.67499999999998,0.0,97.0,1.0,0.0
2014-09-11 23:57:00+00:00,201.10333333333332,0.0,96.0,1.0,0.0
2014-09-11 23:57:06+00:00,201.25833333333333,0.0,0.0,1.0,0.0
2014-09-11 23:57:12+00:00,200.90833333333333,0.0,96.0,1.0,0.0
2014-09-11 23:57:18+00:00,201.04666666666665,0.0,96.0,1.0,0.0
2014-09-11 23:57:24+00:00,201.26999999999998,0.0,0.0,1.0,0.0
2014-09-11 23:57:30+00:00,200.65666666666667,0.0,95.5,0.0,0.0
2014-09-11 23:57:36+00:00,200.65833333333333,0.0,96.0,1.0,0.0
2014-09-11 23:57:42+00:00,200.485,0.0,95.0,1.0,0.0
2014-09-11 23:57:48+00:00,200.65833333333333,0.0,0.0,1.0,0.0
2014-09-11 23:57:54+00:00,200.33666666666667,0.0,95.0,0.0,0.0
2014-09-11 23:58:00+00:00,200.00833333333333,0.0,95.0,1.0,0.0
2014-09-11 23:58:06+00:00,199.85166666666666,0.0,94.0,1.0,0.0
2014-09-11 23:58:12+00:00,199.385,0.0,95.0,1.0,0.0
2014-09-11 23:58:18+00:00,199.83166666666668,0.0,95.0,1.0,0.0
2014-09-11 23:58:24+00:00,199.04333333333332,0.0,0.0,1.0,0.0
2014-09-11 23:58:30+00:00,198.99333333333334,0.0,94.0,1.0,0.0
2014-09-11 23:58:36+00:00,199.1,0.0,94.0,0.0,0.0
2014-09-11 23:58:42+00:00,199.01833333333335,0.0,94.0,1.0,0.0
2014-09-11 23:58:48+00:00,198.9766666666667,0.0,94.0,1.0,0.0
2014-09-11 23:58:54+00:00,198.76833333333335,0.0,94.0,1.0,0.0
2014-09-11 23:59:00+00:00,198.46333333333334,0.0,94.0,1.0,0.0
2014-09-11 23:59:06+00:00,198.1833333333333,0.0,93.0,1.0,0.0
2014-09-11 23:59:12+00:00,198.20000000000002,0.0,0.0,1.0,0.0
2014-09-11 23:59:18+00:00,198.28666666666666,0.0,94.0,1.0,0.0
2014-09-11 23:59:24+00:00,198.42666666666665,0.0,93.0,0.0,0.0
2014-09-11 23:59:30+00:00,198.19500000000002,0.0,94.0,1.0,0.0
2014-09-11 23:59:36+00:00,197.38666666666666,0.0,93.0,1.0,0.0
2014-09-11 23:59:42+00:00,197.54999999999998,0.0,93.0,1.0,0.0
2014-09-11 23:59:48+00:00,197.53833333333333,0.0,0.0,1.0,0.0
2014-09-11 23:59:54+00:00,197.34166666666667,0.0,93.0,1.0,0.0
